,,,,,,,Daily Price Arrival Report-07-11-2025 to 25-04-2026 for Haryana,,,,,,
State,District,Market,Commodity Group,Commodity,Variety,Grade,Min Price,Max Price,Modal Price,Price Unit,Arrival Quantity,Arrival Unit,Arrival Date
Haryana,Ambala,Ambala City APMC,Cereals,Wheat,Other,FAQ,"2,585.00","2,585.00","2,585.00",Rs./Quintal,258.00,Metric Tonnes,24-04-2026
Haryana,Ambala,Ambala City APMC,Cereals,Wheat,Other,FAQ,"2,585.00","2,585.00","2,585.00",Rs./Quintal,"1,052.00",Metric Tonnes,22-04-2026
Haryana,Ambala,Ambala City APMC,Cereals,Wheat,Other,FAQ,"2,585.00","2,585.00","2,585.00",Rs./Quintal,"1,152.00",Metric Tonnes,21-04-2026
Haryana,Ambala,Ambala City APMC,Cereals,Wheat,Other,FAQ,"2,585.00","2,585.00","2,585.00",Rs./Quintal,"2,785.20",Metric Tonnes,20-04-2026
Haryana,Ambala,Ambala City APMC,Cereals,Wheat,Other,FAQ,"2,585.00","2,585.00","2,585.00",Rs./Quintal,"6,485.70",Metric Tonnes,16-04-2026
Haryana,Ambala,Ambala City APMC,Cereals,Wheat,Other,FAQ,"2,485.00","2,485.00","2,485.00",Rs./Quintal,"7,452.10",Metric Tonnes,15-04-2026
Haryana,Ambala,Ambala City APMC,Cereals,Wheat,Other,FAQ,"2,585.00","2,585.00","2,585.00",Rs./Quintal,"7,352.00",Metric Tonnes,14-04-2026
Haryana,Ambala,Ambala City APMC,Cereals,Wheat,Other,FAQ,"2,585.00","2,585.00","2,585.00",Rs./Quintal,"4,580.20",Metric Tonnes,13-04-2026
Haryana,Ambala,Ambala City APMC,Cereals,Wheat,Other,FAQ,"2,585.00","2,585.00","2,585.00",Rs./Quintal,"2,256.00",Metric Tonnes,12-04-2026
Haryana,Ambala,Ambala City APMC,Cereals,Wheat,Other,FAQ,"2,585.00","2,585.00","2,585.00",Rs./Quintal,"3,589.00",Metric Tonnes,11-04-2026
Haryana,Ambala,Ambala City APMC,Cereals,Wheat,Other,FAQ,"2,585.00","2,585.00","2,585.00",Rs./Quintal,584.00,Metric Tonnes,08-04-2026
Haryana,Ambala,Ambala City APMC,Cereals,Wheat,Other,FAQ,"2,585.00","2,585.00","2,585.00",Rs./Quintal,658.00,Metric Tonnes,07-04-2026
Haryana,Ambala,Ambala City APMC,Cereals,Wheat,Other,FAQ,"2,585.00","2,585.00","2,585.00",Rs./Quintal,351.00,Metric Tonnes,04-04-2026
Haryana,Ambala,Barara APMC,Cereals,Wheat,Other,FAQ,"2,585.00","2,585.00","2,585.00",Rs./Quintal,791.60,Metric Tonnes,25-04-2026
Haryana,Ambala,Barara APMC,Cereals,Wheat,Other,FAQ,"2,585.00","2,585.00","2,585.00",Rs./Quintal,"1,466.30",Metric Tonnes,23-04-2026
Haryana,Ambala,Barara APMC,Cereals,Wheat,Other,FAQ,"2,585.00","2,585.00","2,585.00",Rs./Quintal,"1,409.60",Metric Tonnes,21-04-2026
Haryana,Ambala,Barara APMC,Cereals,Wheat,Other,FAQ,"2,585.00","2,585.00","2,585.00",Rs./Quintal,"4,507.20",Metric Tonnes,18-04-2026
Haryana,Ambala,Barara APMC,Cereals,Wheat,Other,FAQ,"2,585.00","2,585.00","2,585.00",Rs./Quintal,697.30,Metric Tonnes,17-04-2026
Haryana,Ambala,Barara APMC,Cereals,Wheat,Other,FAQ,"2,585.00","2,585.00","2,585.00",Rs./Quintal,"3,515.40",Metric Tonnes,16-04-2026
Haryana,Ambala,Barara APMC,Cereals,Wheat,Other,FAQ,"2,585.00","2,585.00","2,585.00",Rs./Quintal,"6,219.50",Metric Tonnes,15-04-2026
Haryana,Ambala,Barara APMC,Cereals,Wheat,Other,FAQ,"2,585.00","2,585.00","2,585.00",Rs./Quintal,"5,191.50",Metric Tonnes,14-04-2026
Haryana,Ambala,Barara APMC,Cereals,Wheat,Other,FAQ,"2,585.00","2,585.00","2,585.00",Rs./Quintal,558.00,Metric Tonnes,13-04-2026
Haryana,Ambala,Barara APMC,Cereals,Wheat,Other,FAQ,"2,585.00","2,585.00","2,585.00",Rs./Quintal,"2,510.20",Metric Tonnes,10-04-2026
Haryana,Ambala,Barara APMC,Cereals,Wheat,Other,FAQ,"2,585.00","2,585.00","2,585.00",Rs./Quintal,"2,667.10",Metric Tonnes,09-04-2026
Haryana,Ambala,Barara APMC,Cereals,Wheat,Other,FAQ,"2,585.00","2,585.00","2,585.00",Rs./Quintal,"2,005.70",Metric Tonnes,06-04-2026
Haryana,Ambala,Barara APMC,Cereals,Wheat,Other,FAQ,"2,585.00","2,585.00","2,585.00",Rs./Quintal,525.90,Metric Tonnes,04-04-2026
Haryana,Ambala,Barara APMC,Cereals,Wheat,Other,FAQ,"2,585.00","2,585.00","2,585.00",Rs./Quintal,41.20,Metric Tonnes,03-04-2026
Haryana,Ambala,Mullana APMC,Cereals,Wheat,Other,FAQ,"2,585.00","2,585.00","2,585.00",Rs./Quintal,189.20,Metric Tonnes,25-04-2026
Haryana,Ambala,Mullana APMC,Cereals,Wheat,Other,FAQ,"2,585.00","2,585.00","2,585.00",Rs./Quintal,546.80,Metric Tonnes,23-04-2026
Haryana,Ambala,Mullana APMC,Cereals,Wheat,Other,FAQ,"2,585.00","2,585.00","2,585.00",Rs./Quintal,"1,037.90",Metric Tonnes,22-04-2026
Haryana,Ambala,Mullana APMC,Cereals,Wheat,Other,FAQ,"2,585.00","2,585.00","2,585.00",Rs./Quintal,804.00,Metric Tonnes,21-04-2026
Haryana,Ambala,Mullana APMC,Cereals,Wheat,Other,FAQ,"2,585.00","2,585.00","2,585.00",Rs./Quintal,"1,014.60",Metric Tonnes,20-04-2026
Haryana,Ambala,Mullana APMC,Cereals,Wheat,Other,FAQ,"2,585.00","2,585.00","2,585.00",Rs./Quintal,257.00,Metric Tonnes,18-04-2026
Haryana,Ambala,Mullana APMC,Cereals,Wheat,Other,FAQ,"2,585.00","2,585.00","2,585.00",Rs./Quintal,"3,569.40",Metric Tonnes,17-04-2026
Haryana,Ambala,Mullana APMC,Cereals,Wheat,Other,FAQ,"2,585.00","2,585.00","2,585.00",Rs./Quintal,"3,541.80",Metric Tonnes,16-04-2026
Haryana,Ambala,Mullana APMC,Cereals,Wheat,Other,FAQ,"2,585.00","2,585.00","2,585.00",Rs./Quintal,"4,348.60",Metric Tonnes,15-04-2026
Haryana,Ambala,Mullana APMC,Cereals,Wheat,Other,FAQ,"2,585.00","2,585.00","2,585.00",Rs./Quintal,"4,027.40",Metric Tonnes,14-04-2026
Haryana,Ambala,Mullana APMC,Cereals,Wheat,Other,FAQ,"2,585.00","2,585.00","2,585.00",Rs./Quintal,"3,500.00",Metric Tonnes,13-04-2026
Haryana,Ambala,Mullana APMC,Cereals,Wheat,Other,FAQ,"2,585.00","2,585.00","2,585.00",Rs./Quintal,"4,371.00",Metric Tonnes,11-04-2026
Haryana,Ambala,Mullana APMC,Cereals,Wheat,Other,FAQ,"2,585.00","2,585.00","2,585.00",Rs./Quintal,"3,389.80",Metric Tonnes,10-04-2026
Haryana,Ambala,Mullana APMC,Cereals,Wheat,Other,FAQ,"2,585.00","2,585.00","2,585.00",Rs./Quintal,"1,176.90",Metric Tonnes,09-04-2026
Haryana,Ambala,Mullana APMC,Cereals,Wheat,Other,FAQ,"2,585.00","2,585.00","2,585.00",Rs./Quintal,"1,727.00",Metric Tonnes,07-04-2026
Haryana,Ambala,Mullana APMC,Cereals,Wheat,Other,FAQ,"2,585.00","2,585.00","2,585.00",Rs./Quintal,"2,506.30",Metric Tonnes,06-04-2026
Haryana,Ambala,Mullana APMC,Cereals,Wheat,Other,FAQ,"2,585.00","2,585.00","2,585.00",Rs./Quintal,445.40,Metric Tonnes,04-04-2026
Haryana,Ambala,Mullana APMC,Cereals,Wheat,Other,FAQ,"2,585.00","2,585.00","2,585.00",Rs./Quintal,470.00,Metric Tonnes,03-04-2026
Haryana,Ambala,Mullana APMC,Cereals,Wheat,Other,FAQ,"2,585.00","2,585.00","2,585.00",Rs./Quintal,220.30,Metric Tonnes,02-04-2026
Haryana,Ambala,Mullana(saha) APMC,Cereals,Wheat,Other,FAQ,"2,585.00","2,585.00","2,585.00",Rs./Quintal,282.90,Metric Tonnes,24-04-2026
Haryana,Ambala,Mullana(saha) APMC,Cereals,Wheat,Other,FAQ,"2,585.00","2,585.00","2,585.00",Rs./Quintal,76.60,Metric Tonnes,23-04-2026
Haryana,Ambala,Mullana(saha) APMC,Cereals,Wheat,Other,FAQ,"2,585.00","2,585.00","2,585.00",Rs./Quintal,878.50,Metric Tonnes,22-04-2026
Haryana,Ambala,Mullana(saha) APMC,Cereals,Wheat,Other,FAQ,"2,585.00","2,585.00","2,585.00",Rs./Quintal,97.30,Metric Tonnes,21-04-2026
Haryana,Ambala,Mullana(saha) APMC,Cereals,Wheat,Other,FAQ,"2,585.00","2,585.00","2,585.00",Rs./Quintal,"2,984.80",Metric Tonnes,20-04-2026
Haryana,Ambala,Mullana(saha) APMC,Cereals,Wheat,Other,FAQ,"2,585.00","2,585.00","2,585.00",Rs./Quintal,"1,837.40",Metric Tonnes,18-04-2026
Haryana,Ambala,Mullana(saha) APMC,Cereals,Wheat,Other,FAQ,"2,585.00","2,585.00","2,585.00",Rs./Quintal,"2,103.70",Metric Tonnes,17-04-2026
Haryana,Ambala,Mullana(saha) APMC,Cereals,Wheat,Other,FAQ,"2,585.00","2,585.00","2,585.00",Rs./Quintal,"1,435.50",Metric Tonnes,16-04-2026
Haryana,Ambala,Mullana(saha) APMC,Cereals,Wheat,Other,FAQ,"2,585.00","2,585.00","2,585.00",Rs./Quintal,"4,710.80",Metric Tonnes,15-04-2026
Haryana,Ambala,Mullana(saha) APMC,Cereals,Wheat,Other,FAQ,"2,585.00","2,585.00","2,585.00",Rs./Quintal,"1,200.40",Metric Tonnes,14-04-2026
Haryana,Ambala,Mullana(saha) APMC,Cereals,Wheat,Other,FAQ,"2,585.00","2,585.00","2,585.00",Rs./Quintal,"4,200.00",Metric Tonnes,13-04-2026
Haryana,Ambala,Mullana(saha) APMC,Cereals,Wheat,Other,FAQ,"2,585.00","2,585.00","2,585.00",Rs./Quintal,"1,907.60",Metric Tonnes,11-04-2026
Haryana,Ambala,Mullana(saha) APMC,Cereals,Wheat,Other,FAQ,"2,585.00","2,585.00","2,585.00",Rs./Quintal,"1,263.80",Metric Tonnes,10-04-2026
Haryana,Ambala,Mullana(saha) APMC,Cereals,Wheat,Other,FAQ,"2,585.00","2,585.00","2,585.00",Rs./Quintal,343.40,Metric Tonnes,09-04-2026
Haryana,Ambala,Mullana(saha) APMC,Cereals,Wheat,Other,FAQ,"2,585.00","2,585.00","2,585.00",Rs./Quintal,420.50,Metric Tonnes,07-04-2026
Haryana,Ambala,Mullana(saha) APMC,Cereals,Wheat,Other,FAQ,"2,585.00","2,585.00","2,585.00",Rs./Quintal,"1,981.10",Metric Tonnes,06-04-2026
Haryana,Ambala,Mullana(saha) APMC,Cereals,Wheat,Other,FAQ,"2,585.00","2,585.00","2,585.00",Rs./Quintal,262.50,Metric Tonnes,04-04-2026
Haryana,Ambala,Mullana(saha) APMC,Cereals,Wheat,Other,FAQ,"2,585.00","2,585.00","2,585.00",Rs./Quintal,50.00,Metric Tonnes,03-04-2026
Haryana,Ambala,Mullana(saha) APMC,Cereals,Wheat,Other,FAQ,"2,585.00","2,585.00","2,585.00",Rs./Quintal,25.40,Metric Tonnes,02-04-2026
Haryana,Ambala,Naneola APMC,Cereals,Wheat,Local,FAQ,"2,585.00","2,585.00","2,585.00",Rs./Quintal,18.20,Metric Tonnes,25-04-2026
Haryana,Ambala,Naneola APMC,Cereals,Wheat,Local,FAQ,"2,585.00","2,585.00","2,585.00",Rs./Quintal,187.90,Metric Tonnes,24-04-2026
Haryana,Ambala,Naneola APMC,Cereals,Wheat,Local,FAQ,"2,585.00","2,585.00","2,585.00",Rs./Quintal,206.00,Metric Tonnes,22-04-2026
Haryana,Ambala,Naneola APMC,Cereals,Wheat,Local,Local,"2,585.00","2,585.00","2,585.00",Rs./Quintal,170.70,Metric Tonnes,22-04-2026
Haryana,Ambala,Naneola APMC,Cereals,Wheat,Local,FAQ,"2,585.00","2,585.00","2,585.00",Rs./Quintal,387.30,Metric Tonnes,21-04-2026
Haryana,Ambala,Naneola APMC,Cereals,Wheat,Local,FAQ,"2,585.00","2,585.00","2,585.00",Rs./Quintal,829.20,Metric Tonnes,20-04-2026
Haryana,Ambala,Naneola APMC,Cereals,Wheat,Deshi,FAQ,"2,585.00","2,585.00","2,585.00",Rs./Quintal,266.40,Metric Tonnes,19-04-2026
Haryana,Ambala,Naneola APMC,Cereals,Wheat,Deshi,Local,"2,585.00","2,585.00","2,585.00",Rs./Quintal,962.20,Metric Tonnes,16-04-2026
Haryana,Ambala,Naneola APMC,Cereals,Wheat,Deshi,Local,"2,585.00","2,585.00","2,585.00",Rs./Quintal,982.20,Metric Tonnes,15-04-2026
Haryana,Ambala,Naneola APMC,Cereals,Wheat,Deshi,Local,"2,585.00","2,585.00","2,585.00",Rs./Quintal,50.00,Metric Tonnes,09-04-2026
Haryana,Ambala,Naneola APMC,Cereals,Wheat,Other,Local,"2,585.00","2,585.00","2,585.00",Rs./Quintal,0.10,Metric Tonnes,06-04-2026
Haryana,Ambala,Naraingarh APMC,Cereals,Wheat,Wheat,Local,"2,585.00","2,586.00","2,586.00",Rs./Quintal,"1,930.80",Metric Tonnes,24-04-2026
Haryana,Ambala,Naraingarh APMC,Cereals,Wheat,Wheat,Local,"2,585.00","2,585.00","2,585.00",Rs./Quintal,198.40,Metric Tonnes,23-04-2026
Haryana,Ambala,Naraingarh APMC,Cereals,Wheat,Wheat,Local,"2,585.00","2,585.00","2,585.00",Rs./Quintal,"2,343.90",Metric Tonnes,22-04-2026
Haryana,Ambala,Naraingarh APMC,Cereals,Wheat,Wheat,Local,"2,585.00","2,585.00","2,585.00",Rs./Quintal,570.00,Metric Tonnes,21-04-2026
Haryana,Ambala,Naraingarh APMC,Cereals,Wheat,Wheat,Local,"2,585.00","2,585.00","2,585.00",Rs./Quintal,"5,143.80",Metric Tonnes,20-04-2026
Haryana,Ambala,Naraingarh APMC,Cereals,Wheat,Wheat,Local,"2,585.00","2,585.00","2,585.00",Rs./Quintal,"1,407.70",Metric Tonnes,19-04-2026
Haryana,Ambala,Naraingarh APMC,Cereals,Wheat,Wheat,Local,"2,585.00","2,585.00","2,585.00",Rs./Quintal,"5,355.70",Metric Tonnes,17-04-2026
Haryana,Ambala,Naraingarh APMC,Cereals,Wheat,Wheat,Local,"2,585.00","2,585.00","2,585.00",Rs./Quintal,"2,091.60",Metric Tonnes,16-04-2026
Haryana,Ambala,Naraingarh APMC,Cereals,Wheat,Wheat,Local,"2,585.00","2,585.00","2,585.00",Rs./Quintal,"5,457.00",Metric Tonnes,15-04-2026
Haryana,Ambala,Naraingarh APMC,Cereals,Wheat,Wheat,Local,"2,585.00","2,585.00","2,585.00",Rs./Quintal,"1,451.00",Metric Tonnes,14-04-2026
Haryana,Ambala,Naraingarh APMC,Cereals,Wheat,Wheat,FAQ,"2,585.00","2,585.00","2,585.00",Rs./Quintal,"7,272.40",Metric Tonnes,13-04-2026
Haryana,Ambala,Naraingarh APMC,Cereals,Wheat,Wheat,Local,"2,585.00","2,585.00","2,585.00",Rs./Quintal,"1,406.60",Metric Tonnes,12-04-2026
Haryana,Ambala,Naraingarh APMC,Cereals,Wheat,Wheat,Local,"2,585.00","2,585.00","2,585.00",Rs./Quintal,"1,649.80",Metric Tonnes,10-04-2026
Haryana,Ambala,Naraingarh APMC,Cereals,Wheat,Wheat,Local,"2,585.00","2,585.00","2,585.00",Rs./Quintal,"1,194.20",Metric Tonnes,09-04-2026
Haryana,Ambala,Naraingarh APMC,Cereals,Wheat,Wheat,Local,"2,585.00","2,585.00","2,585.00",Rs./Quintal,366.20,Metric Tonnes,07-04-2026
Haryana,Ambala,Naraingarh APMC,Cereals,Wheat,Wheat,Local,"2,585.00","2,585.00","2,585.00",Rs./Quintal,"1,177.00",Metric Tonnes,06-04-2026
Haryana,Ambala,Naraingarh APMC,Cereals,Wheat,Wheat,Local,"2,585.00","2,585.00","2,585.00",Rs./Quintal,171.10,Metric Tonnes,05-04-2026
Haryana,Ambala,Shahzadpur APMC,Cereals,Wheat,Local,FAQ,"2,585.00","2,585.00","2,585.00",Rs./Quintal,349.40,Metric Tonnes,24-04-2026
Haryana,Ambala,Shahzadpur APMC,Cereals,Wheat,Local,FAQ,"2,585.00","2,585.00","2,585.00",Rs./Quintal,363.00,Metric Tonnes,23-04-2026
Haryana,Ambala,Shahzadpur APMC,Cereals,Wheat,Local,FAQ,"2,585.00","2,585.00","2,585.00",Rs./Quintal,654.30,Metric Tonnes,22-04-2026
Haryana,Ambala,Shahzadpur APMC,Cereals,Wheat,Local,FAQ,"2,585.00","2,585.00","2,585.00",Rs./Quintal,638.60,Metric Tonnes,21-04-2026
Haryana,Ambala,Shahzadpur APMC,Cereals,Wheat,Local,FAQ,"2,585.00","2,585.00","2,585.00",Rs./Quintal,"1,451.00",Metric Tonnes,20-04-2026
Haryana,Ambala,Shahzadpur APMC,Cereals,Wheat,Local,FAQ,"2,585.00","2,585.00","2,585.00",Rs./Quintal,"1,770.70",Metric Tonnes,18-04-2026
Haryana,Ambala,Shahzadpur APMC,Cereals,Wheat,Local,FAQ,"2,585.00","2,585.00","2,585.00",Rs./Quintal,"2,234.20",Metric Tonnes,17-04-2026
Haryana,Ambala,Shahzadpur APMC,Cereals,Wheat,Local,FAQ,"2,585.00","2,585.00","2,585.00",Rs./Quintal,"2,561.40",Metric Tonnes,16-04-2026
Haryana,Ambala,Shahzadpur APMC,Cereals,Wheat,Local,FAQ,"2,585.00","2,585.00","2,585.00",Rs./Quintal,"3,133.80",Metric Tonnes,15-04-2026
Haryana,Ambala,Shahzadpur APMC,Cereals,Wheat,Local,FAQ,"2,585.00","2,585.00","2,585.00",Rs./Quintal,"3,612.30",Metric Tonnes,14-04-2026
Haryana,Bhiwani,Loharu APMC,Cereals,Wheat,Other,FAQ,"2,585.00","2,585.00","2,585.00",Rs./Quintal,409.70,Metric Tonnes,24-04-2026
Haryana,Bhiwani,Loharu APMC,Cereals,Wheat,Other,FAQ,"2,585.00","2,585.00","2,585.00",Rs./Quintal,541.90,Metric Tonnes,23-04-2026
Haryana,Bhiwani,Loharu APMC,Cereals,Wheat,Other,FAQ,"2,585.00","2,585.00","2,585.00",Rs./Quintal,883.70,Metric Tonnes,22-04-2026
Haryana,Bhiwani,Loharu APMC,Cereals,Wheat,Other,FAQ,"2,585.00","2,585.00","2,585.00",Rs./Quintal,911.90,Metric Tonnes,21-04-2026
Haryana,Bhiwani,Loharu APMC,Cereals,Wheat,Other,FAQ,"2,585.00","2,585.00","2,585.00",Rs./Quintal,991.60,Metric Tonnes,19-04-2026
Haryana,Bhiwani,Loharu APMC,Cereals,Wheat,Other,FAQ,"2,585.00","2,585.00","2,585.00",Rs./Quintal,"1,388.70",Metric Tonnes,18-04-2026
Haryana,Bhiwani,Loharu APMC,Cereals,Wheat,Other,FAQ,"2,585.00","2,585.00","2,585.00",Rs./Quintal,"2,716.50",Metric Tonnes,17-04-2026
Haryana,Bhiwani,Loharu APMC,Cereals,Wheat,Other,FAQ,"2,585.00","2,585.00","2,585.00",Rs./Quintal,"1,451.40",Metric Tonnes,16-04-2026
Haryana,Bhiwani,Loharu APMC,Cereals,Wheat,Other,FAQ,"2,585.00","2,585.00","2,585.00",Rs./Quintal,"2,683.60",Metric Tonnes,15-04-2026
Haryana,Bhiwani,Loharu APMC,Cereals,Wheat,Other,FAQ,"2,585.00","2,585.00","2,585.00",Rs./Quintal,"2,272.80",Metric Tonnes,14-04-2026
Haryana,Bhiwani,Loharu APMC,Cereals,Wheat,Other,FAQ,"2,585.00","2,585.00","2,585.00",Rs./Quintal,"1,569.20",Metric Tonnes,13-04-2026
Haryana,Bhiwani,Loharu APMC,Cereals,Wheat,Other,FAQ,"2,585.00","2,585.00","2,585.00",Rs./Quintal,"2,169.70",Metric Tonnes,12-04-2026
Haryana,Bhiwani,Loharu APMC,Cereals,Wheat,Other,FAQ,"2,585.00","2,585.00","2,585.00",Rs./Quintal,"1,980.10",Metric Tonnes,11-04-2026
Haryana,Bhiwani,Loharu APMC,Cereals,Wheat,Other,FAQ,"2,585.00","2,585.00","2,585.00",Rs./Quintal,928.00,Metric Tonnes,09-04-2026
Haryana,Bhiwani,Loharu APMC,Cereals,Wheat,Other,FAQ,"2,585.00","2,585.00","2,585.00",Rs./Quintal,601.60,Metric Tonnes,08-04-2026
Haryana,Bhiwani,Loharu APMC,Cereals,Wheat,Other,FAQ,"2,585.00","2,585.00","2,585.00",Rs./Quintal,120.00,Metric Tonnes,07-04-2026
Haryana,Bhiwani,Loharu APMC,Cereals,Wheat,Other,FAQ,"2,585.00","2,585.00","2,585.00",Rs./Quintal,865.60,Metric Tonnes,06-04-2026
Haryana,Bhiwani,Loharu APMC,Cereals,Wheat,Other,FAQ,"2,585.00","2,585.00","2,585.00",Rs./Quintal,182.60,Metric Tonnes,04-04-2026
Haryana,Bhiwani,Loharu APMC,Cereals,Wheat,Other,FAQ,"2,585.00","2,585.00","2,585.00",Rs./Quintal,49.60,Metric Tonnes,03-04-2026
Haryana,Bhiwani,Loharu APMC,Cereals,Wheat,Other,FAQ,"2,585.00","2,585.00","2,585.00",Rs./Quintal,7.25,Metric Tonnes,02-04-2026
Haryana,Bhiwani,Loharu APMC,Cereals,Wheat,Other,FAQ,"2,585.00","2,585.00","2,585.00",Rs./Quintal,136.50,Metric Tonnes,01-04-2026
Haryana,Bhiwani,Tosham APMC,Cereals,Wheat,Local,FAQ,"2,585.00","2,585.00","2,585.00",Rs./Quintal,247.90,Metric Tonnes,25-04-2026
Haryana,Bhiwani,Tosham APMC,Cereals,Wheat,Local,FAQ,"2,585.00","2,585.00","2,585.00",Rs./Quintal,295.40,Metric Tonnes,24-04-2026
Haryana,Bhiwani,Tosham APMC,Cereals,Wheat,Local,FAQ,"2,585.00","2,585.00","2,585.00",Rs./Quintal,288.90,Metric Tonnes,23-04-2026
Haryana,Bhiwani,Tosham APMC,Cereals,Wheat,Local,FAQ,"2,585.00","2,585.00","2,585.00",Rs./Quintal,422.40,Metric Tonnes,22-04-2026
Haryana,Bhiwani,Tosham APMC,Cereals,Wheat,Local,FAQ,"2,585.00","2,585.00","2,585.00",Rs./Quintal,585.30,Metric Tonnes,21-04-2026
Haryana,Bhiwani,Tosham APMC,Cereals,Wheat,Local,FAQ,"2,585.00","2,585.00","2,585.00",Rs./Quintal,851.20,Metric Tonnes,20-04-2026
Haryana,Bhiwani,Tosham APMC,Cereals,Wheat,Local,FAQ,"2,585.00","2,585.00","2,585.00",Rs./Quintal,624.70,Metric Tonnes,19-04-2026
Haryana,Bhiwani,Tosham APMC,Cereals,Wheat,Local,FAQ,"2,585.00","2,585.00","2,585.00",Rs./Quintal,590.40,Metric Tonnes,18-04-2026
Haryana,Bhiwani,Tosham APMC,Cereals,Wheat,Local,FAQ,"2,585.00","2,585.00","2,585.00",Rs./Quintal,790.60,Metric Tonnes,17-04-2026
Haryana,Bhiwani,Tosham APMC,Cereals,Wheat,Local,FAQ,"2,585.00","2,585.00","2,585.00",Rs./Quintal,"1,491.50",Metric Tonnes,16-04-2026
Haryana,Bhiwani,Tosham APMC,Cereals,Wheat,Local,FAQ,"2,585.00","2,585.00","2,585.00",Rs./Quintal,"1,354.20",Metric Tonnes,15-04-2026
Haryana,Bhiwani,Tosham APMC,Cereals,Wheat,Local,FAQ,"2,585.00","2,585.00","2,585.00",Rs./Quintal,"1,452.30",Metric Tonnes,14-04-2026
Haryana,Bhiwani,Tosham APMC,Cereals,Wheat,Local,FAQ,"2,585.00","2,585.00","2,585.00",Rs./Quintal,925.80,Metric Tonnes,13-04-2026
Haryana,Bhiwani,Tosham APMC,Cereals,Wheat,Local,FAQ,"2,585.00","2,585.00","2,585.00",Rs./Quintal,"1,024.70",Metric Tonnes,12-04-2026
Haryana,Bhiwani,Tosham APMC,Cereals,Wheat,Local,FAQ,"2,585.00","2,585.00","2,585.00",Rs./Quintal,"1,669.60",Metric Tonnes,11-04-2026
Haryana,Bhiwani,Tosham APMC,Cereals,Wheat,Local,FAQ,"2,585.00","2,585.00","2,585.00",Rs./Quintal,"1,173.60",Metric Tonnes,10-04-2026
Haryana,Bhiwani,Tosham APMC,Cereals,Wheat,Local,FAQ,"2,585.00","2,585.00","2,585.00",Rs./Quintal,"1,120.30",Metric Tonnes,09-04-2026
Haryana,Bhiwani,Tosham APMC,Cereals,Wheat,Local,FAQ,"2,585.00","2,585.00","2,585.00",Rs./Quintal,656.10,Metric Tonnes,08-04-2026
Haryana,Bhiwani,Tosham APMC,Cereals,Wheat,Local,FAQ,"2,585.00","2,585.00","2,585.00",Rs./Quintal,379.80,Metric Tonnes,07-04-2026
Haryana,Bhiwani,Tosham APMC,Cereals,Wheat,Local,FAQ,"2,585.00","2,585.00","2,585.00",Rs./Quintal,631.70,Metric Tonnes,06-04-2026
Haryana,Bhiwani,Tosham APMC,Cereals,Wheat,Local,FAQ,"2,585.00","2,585.00","2,585.00",Rs./Quintal,636.80,Metric Tonnes,05-04-2026
Haryana,Bhiwani,Tosham APMC,Cereals,Wheat,Local,FAQ,"2,585.00","2,585.00","2,585.00",Rs./Quintal,335.70,Metric Tonnes,04-04-2026
Haryana,Bhiwani,Tosham APMC,Cereals,Wheat,Local,FAQ,"2,585.00","2,585.00","2,585.00",Rs./Quintal,239.90,Metric Tonnes,03-04-2026
Haryana,Bhiwani,Tosham APMC,Cereals,Wheat,Local,FAQ,"2,585.00","2,585.00","2,585.00",Rs./Quintal,139.40,Metric Tonnes,02-04-2026
Haryana,Faridabad,Ballabhgarh APMC,Cereals,Wheat,Other,FAQ,"2,585.00","2,585.00","2,585.00",Rs./Quintal,65.00,Metric Tonnes,25-04-2026
Haryana,Faridabad,Ballabhgarh APMC,Cereals,Wheat,Other,FAQ,"2,585.00","2,585.00","2,585.00",Rs./Quintal,216.10,Metric Tonnes,23-04-2026
Haryana,Faridabad,Ballabhgarh APMC,Cereals,Wheat,Other,FAQ,"2,585.00","2,585.00","2,585.00",Rs./Quintal,250.10,Metric Tonnes,21-04-2026
Haryana,Faridabad,Ballabhgarh APMC,Cereals,Wheat,Other,FAQ,"2,585.00","2,585.00","2,585.00",Rs./Quintal,791.30,Metric Tonnes,20-04-2026
Haryana,Faridabad,Ballabhgarh APMC,Cereals,Wheat,Other,FAQ,"2,585.00","2,585.00","2,585.00",Rs./Quintal,515.20,Metric Tonnes,18-04-2026
Haryana,Faridabad,Ballabhgarh APMC,Cereals,Wheat,Other,FAQ,"2,585.00","2,585.00","2,585.00",Rs./Quintal,590.90,Metric Tonnes,17-04-2026
Haryana,Faridabad,Ballabhgarh APMC,Cereals,Wheat,Other,FAQ,"2,585.00","2,585.00","2,585.00",Rs./Quintal,990.60,Metric Tonnes,16-04-2026
Haryana,Faridabad,Ballabhgarh APMC,Cereals,Wheat,Other,FAQ,"2,585.00","2,585.00","2,585.00",Rs./Quintal,733.60,Metric Tonnes,15-04-2026
Haryana,Faridabad,Ballabhgarh APMC,Cereals,Wheat,Other,FAQ,"2,585.00","2,585.00","2,585.00",Rs./Quintal,"1,256.70",Metric Tonnes,14-04-2026
Haryana,Faridabad,Ballabhgarh APMC,Cereals,Wheat,Other,FAQ,"2,585.00","2,585.00","2,585.00",Rs./Quintal,"1,314.80",Metric Tonnes,13-04-2026
Haryana,Faridabad,Ballabhgarh APMC,Cereals,Wheat,Other,FAQ,"2,585.00","2,585.00","2,585.00",Rs./Quintal,"1,560.00",Metric Tonnes,12-04-2026
Haryana,Faridabad,Ballabhgarh APMC,Cereals,Wheat,Other,FAQ,"2,585.00","2,585.00","2,585.00",Rs./Quintal,"1,713.60",Metric Tonnes,11-04-2026
Haryana,Faridabad,Ballabhgarh APMC,Cereals,Wheat,Other,FAQ,"2,585.00","2,585.00","2,585.00",Rs./Quintal,"1,315.40",Metric Tonnes,10-04-2026
Haryana,Faridabad,Ballabhgarh APMC,Cereals,Wheat,Other,FAQ,"2,585.00","2,585.00","2,585.00",Rs./Quintal,"1,460.40",Metric Tonnes,09-04-2026
Haryana,Faridabad,Ballabhgarh APMC,Cereals,Wheat,Other,FAQ,"2,585.00","2,585.00","2,585.00",Rs./Quintal,"1,161.70",Metric Tonnes,08-04-2026
Haryana,Faridabad,Ballabhgarh APMC,Cereals,Wheat,Other,FAQ,"2,585.00","2,585.00","2,585.00",Rs./Quintal,"1,050.00",Metric Tonnes,07-04-2026
Haryana,Faridabad,Ballabhgarh APMC,Cereals,Wheat,Other,FAQ,"2,585.00","2,585.00","2,585.00",Rs./Quintal,"2,020.00",Metric Tonnes,06-04-2026
Haryana,Faridabad,Ballabhgarh APMC,Cereals,Wheat,Other,FAQ,"2,585.00","2,585.00","2,585.00",Rs./Quintal,631.00,Metric Tonnes,04-04-2026
Haryana,Faridabad,Ballabhgarh APMC,Cereals,Wheat,Other,FAQ,"2,585.00","2,585.00","2,585.00",Rs./Quintal,"1,409.50",Metric Tonnes,03-04-2026
Haryana,Faridabad,Ballabhgarh APMC,Cereals,Wheat,Other,FAQ,"2,585.00","2,585.00","2,585.00",Rs./Quintal,208.50,Metric Tonnes,02-04-2026
Haryana,Fatehabad,Bhattu Kalan APMC,Cereals,Wheat,Other,FAQ,"2,585.00","2,585.00","2,585.00",Rs./Quintal,"2,614.60",Metric Tonnes,23-04-2026
Haryana,Fatehabad,Bhattu Kalan APMC,Cereals,Wheat,Other,FAQ,"2,585.00","2,585.00","2,585.00",Rs./Quintal,"4,575.50",Metric Tonnes,22-04-2026
Haryana,Fatehabad,Bhattu Kalan APMC,Cereals,Wheat,Other,FAQ,"2,585.00","2,585.00","2,585.00",Rs./Quintal,"4,678.60",Metric Tonnes,21-04-2026
Haryana,Fatehabad,Bhattu Kalan APMC,Cereals,Wheat,Other,FAQ,"2,585.00","2,585.00","2,585.00",Rs./Quintal,"7,824.70",Metric Tonnes,20-04-2026
Haryana,Fatehabad,Bhattu Kalan APMC,Cereals,Wheat,Other,FAQ,"2,585.00","2,585.00","2,585.00",Rs./Quintal,73.80,Metric Tonnes,19-04-2026
Haryana,Fatehabad,Bhattu Kalan APMC,Cereals,Wheat,Other,FAQ,"2,585.00","2,585.00","2,585.00",Rs./Quintal,"4,223.80",Metric Tonnes,18-04-2026
Haryana,Fatehabad,Bhattu Kalan APMC,Cereals,Wheat,Other,FAQ,"2,585.00","2,585.00","2,585.00",Rs./Quintal,"2,131.00",Metric Tonnes,17-04-2026
Haryana,Fatehabad,Bhattu Kalan APMC,Cereals,Wheat,Other,FAQ,"2,585.00","2,585.00","2,585.00",Rs./Quintal,"7,476.10",Metric Tonnes,16-04-2026
Haryana,Fatehabad,Bhattu Kalan APMC,Cereals,Wheat,Other,FAQ,"2,585.00","2,585.00","2,585.00",Rs./Quintal,"4,121.10",Metric Tonnes,15-04-2026
Haryana,Fatehabad,Bhattu Kalan APMC,Cereals,Wheat,Other,FAQ,"2,585.00","2,585.00","2,585.00",Rs./Quintal,"5,059.30",Metric Tonnes,14-04-2026
Haryana,Fatehabad,Bhattu Kalan APMC,Cereals,Wheat,Other,FAQ,"2,585.00","2,585.00","2,585.00",Rs./Quintal,"4,119.50",Metric Tonnes,13-04-2026
Haryana,Fatehabad,Bhattu Kalan APMC,Cereals,Wheat,Other,FAQ,"2,585.00","2,585.00","2,585.00",Rs./Quintal,"1,165.80",Metric Tonnes,11-04-2026
Haryana,Fatehabad,Bhattu Kalan APMC,Cereals,Wheat,Other,FAQ,"2,585.00","2,585.00","2,585.00",Rs./Quintal,19.00,Metric Tonnes,10-04-2026
Haryana,Fatehabad,Bhattu Kalan APMC,Cereals,Wheat,Other,FAQ,"2,585.00","2,585.00","2,585.00",Rs./Quintal,7.00,Metric Tonnes,09-04-2026
Haryana,Fatehabad,Bhuna APMC,Cereals,Wheat,Other,FAQ,"2,585.00","2,585.00","2,585.00",Rs./Quintal,"4,786.10",Metric Tonnes,23-04-2026
Haryana,Fatehabad,Bhuna APMC,Cereals,Wheat,Other,FAQ,"2,585.00","2,585.00","2,585.00",Rs./Quintal,"6,571.60",Metric Tonnes,22-04-2026
Haryana,Fatehabad,Bhuna APMC,Cereals,Wheat,Other,FAQ,"2,585.00","2,585.00","2,585.00",Rs./Quintal,"7,614.00",Metric Tonnes,21-04-2026
Haryana,Fatehabad,Bhuna APMC,Cereals,Wheat,Other,FAQ,"2,585.00","2,585.00","2,585.00",Rs./Quintal,"15,509.60",Metric Tonnes,20-04-2026
Haryana,Fatehabad,Bhuna APMC,Cereals,Wheat,Other,FAQ,"2,585.00","2,585.00","2,585.00",Rs./Quintal,"13,231.70",Metric Tonnes,18-04-2026
Haryana,Fatehabad,Bhuna APMC,Cereals,Wheat,Other,FAQ,"2,585.00","2,585.00","2,585.00",Rs./Quintal,"9,315.60",Metric Tonnes,15-04-2026
Haryana,Fatehabad,Bhuna APMC,Cereals,Wheat,Other,FAQ,"2,585.00","2,585.00","2,585.00",Rs./Quintal,"5,694.70",Metric Tonnes,14-04-2026
Haryana,Fatehabad,Bhuna APMC,Cereals,Wheat,Other,FAQ,"2,585.00","2,585.00","2,585.00",Rs./Quintal,448.30,Metric Tonnes,11-04-2026
Haryana,Fatehabad,Bhuna APMC,Cereals,Wheat,Other,FAQ,"2,585.00","2,585.00","2,585.00",Rs./Quintal,47.20,Metric Tonnes,10-04-2026
Haryana,Fatehabad,Dharsul APMC,Cereals,Wheat,Other,FAQ,"2,585.00","2,585.00","2,585.00",Rs./Quintal,623.10,Metric Tonnes,25-04-2026
Haryana,Fatehabad,Dharsul APMC,Cereals,Wheat,Other,FAQ,"2,585.00","2,585.00","2,585.00",Rs./Quintal,239.60,Metric Tonnes,24-04-2026
Haryana,Fatehabad,Dharsul APMC,Cereals,Wheat,Other,FAQ,"2,585.00","2,585.00","2,585.00",Rs./Quintal,999.00,Metric Tonnes,22-04-2026
Haryana,Fatehabad,Dharsul APMC,Cereals,Wheat,Other,FAQ,"2,585.00","2,585.00","2,585.00",Rs./Quintal,"4,902.10",Metric Tonnes,21-04-2026
Haryana,Fatehabad,Dharsul APMC,Cereals,Wheat,Other,FAQ,"2,585.00","2,585.00","2,585.00",Rs./Quintal,"3,685.40",Metric Tonnes,20-04-2026
Haryana,Fatehabad,Dharsul APMC,Cereals,Wheat,Other,FAQ,"2,585.00","2,585.00","2,585.00",Rs./Quintal,"3,210.10",Metric Tonnes,18-04-2026
Haryana,Fatehabad,Dharsul APMC,Cereals,Wheat,Other,FAQ,"2,585.00","2,585.00","2,585.00",Rs./Quintal,"1,139.30",Metric Tonnes,17-04-2026
Haryana,Fatehabad,Dharsul APMC,Cereals,Wheat,Other,FAQ,"2,585.00","2,585.00","2,585.00",Rs./Quintal,"2,539.30",Metric Tonnes,16-04-2026
Haryana,Fatehabad,Dharsul APMC,Cereals,Wheat,Other,FAQ,"2,585.00","2,585.00","2,585.00",Rs./Quintal,"9,207.90",Metric Tonnes,15-04-2026
Haryana,Fatehabad,Dharsul APMC,Cereals,Wheat,Other,FAQ,"2,585.00","2,585.00","2,585.00",Rs./Quintal,"4,971.80",Metric Tonnes,14-04-2026
Haryana,Fatehabad,Dharsul APMC,Cereals,Wheat,Other,FAQ,"2,585.00","2,585.00","2,585.00",Rs./Quintal,"35,470.00",Metric Tonnes,13-04-2026
Haryana,Fatehabad,Dharsul APMC,Cereals,Wheat,Other,FAQ,"2,585.00","2,585.00","2,585.00",Rs./Quintal,"1,805.10",Metric Tonnes,12-04-2026
Haryana,Fatehabad,Dharsul APMC,Cereals,Wheat,Other,FAQ,"2,585.00","2,585.00","2,585.00",Rs./Quintal,985.20,Metric Tonnes,11-04-2026
Haryana,Fatehabad,Dharsul APMC,Cereals,Wheat,Other,FAQ,"2,585.00","2,585.00","2,585.00",Rs./Quintal,"1,519.10",Metric Tonnes,10-04-2026
Haryana,Fatehabad,Tohana APMC,Cereals,Wheat,Other,FAQ,"2,585.00","2,585.00","2,585.00",Rs./Quintal,"1,591.10",Metric Tonnes,24-04-2026
Haryana,Fatehabad,Tohana APMC,Cereals,Wheat,Other,FAQ,"2,585.00","2,585.00","2,585.00",Rs./Quintal,"1,955.80",Metric Tonnes,23-04-2026
Haryana,Fatehabad,Tohana APMC,Cereals,Wheat,Other,FAQ,"2,585.00","2,585.00","2,585.00",Rs./Quintal,"6,577.40",Metric Tonnes,22-04-2026
Haryana,Fatehabad,Tohana APMC,Cereals,Wheat,Other,FAQ,"2,585.00","2,585.00","2,585.00",Rs./Quintal,"4,464.10",Metric Tonnes,21-04-2026
Haryana,Fatehabad,Tohana APMC,Cereals,Wheat,Other,FAQ,"2,585.00","2,585.00","2,585.00",Rs./Quintal,479.80,Metric Tonnes,20-04-2026
Haryana,Fatehabad,Tohana APMC,Cereals,Wheat,Other,FAQ,"2,585.00","2,585.00","2,585.00",Rs./Quintal,873.40,Metric Tonnes,19-04-2026
Haryana,Fatehabad,Tohana APMC,Cereals,Wheat,Other,FAQ,"2,585.00","2,585.00","2,585.00",Rs./Quintal,"1,475.40",Metric Tonnes,18-04-2026
Haryana,Fatehabad,Tohana APMC,Cereals,Wheat,Other,FAQ,"2,585.00","2,585.00","2,585.00",Rs./Quintal,"5,781.40",Metric Tonnes,16-04-2026
Haryana,Fatehabad,Tohana APMC,Cereals,Wheat,Other,FAQ,"2,585.00","2,585.00","2,585.00",Rs./Quintal,"6,497.90",Metric Tonnes,15-04-2026
Haryana,Fatehabad,Tohana APMC,Cereals,Wheat,343,FAQ,"2,585.00","2,585.00","2,585.00",Rs./Quintal,"6,500.00",Metric Tonnes,13-04-2026
Haryana,Fatehabad,Tohana APMC,Cereals,Wheat,343,FAQ,"2,585.00","2,585.00","2,585.00",Rs./Quintal,"9,521.00",Metric Tonnes,12-04-2026
Haryana,Fatehabad,Tohana APMC,Cereals,Wheat,343,FAQ,"2,585.00","2,585.00","2,585.00",Rs./Quintal,"7,256.00",Metric Tonnes,11-04-2026
Haryana,Fatehabad,Tohana APMC,Cereals,Wheat,343,FAQ,"2,585.00","2,585.00","2,585.00",Rs./Quintal,"1,732.00",Metric Tonnes,10-04-2026
Haryana,Fatehabad,Tohana APMC,Cereals,Wheat,343,FAQ,"2,585.00","2,585.00","2,585.00",Rs./Quintal,"1,220.00",Metric Tonnes,09-04-2026
Haryana,Fatehabad,Tohana APMC,Cereals,Wheat,343,FAQ,"2,585.00","2,585.00","2,585.00",Rs./Quintal,"1,920.00",Metric Tonnes,08-04-2026
Haryana,Fatehabad,Tohana APMC,Cereals,Wheat,343,FAQ,"2,585.00","2,585.00","2,585.00",Rs./Quintal,"1,256.40",Metric Tonnes,07-04-2026
Haryana,Fatehabad,Tohana APMC,Cereals,Wheat,343,FAQ,"2,585.00","2,585.00","2,585.00",Rs./Quintal,"1,716.00",Metric Tonnes,04-04-2026
Haryana,Fatehabad,Tohana APMC,Cereals,Wheat,343,FAQ,"2,585.00","2,585.00","2,585.00",Rs./Quintal,256.00,Metric Tonnes,03-04-2026
Haryana,Gurgaon,Farukh Nagar APMC,Cereals,Wheat,Other,Local,"2,600.00","2,600.00","2,600.00",Rs./Quintal,5.00,Metric Tonnes,31-03-2026
Haryana,Gurgaon,Farukh Nagar APMC,Cereals,Wheat,Other,Local,"2,595.00","2,595.00","2,595.00",Rs./Quintal,10.00,Metric Tonnes,29-03-2026
Haryana,Gurgaon,Farukh Nagar APMC,Cereals,Wheat,Other,Local,"2,585.00","2,585.00","2,585.00",Rs./Quintal,"1,049.30",Metric Tonnes,17-04-2026
Haryana,Gurgaon,Farukh Nagar APMC,Cereals,Wheat,Other,Local,"2,585.00","2,585.00","2,585.00",Rs./Quintal,"1,282.60",Metric Tonnes,16-04-2026
Haryana,Gurgaon,Farukh Nagar APMC,Cereals,Wheat,Other,Local,"2,585.00","2,585.00","2,585.00",Rs./Quintal,"1,110.10",Metric Tonnes,15-04-2026
Haryana,Gurgaon,Farukh Nagar APMC,Cereals,Wheat,Other,Local,"2,585.00","2,585.00","2,585.00",Rs./Quintal,"1,523.80",Metric Tonnes,14-04-2026
Haryana,Gurgaon,Farukh Nagar APMC,Cereals,Wheat,Other,Local,"2,585.00","2,585.00","2,585.00",Rs./Quintal,"1,370.80",Metric Tonnes,13-04-2026
Haryana,Gurgaon,Farukh Nagar APMC,Cereals,Wheat,Other,Local,"2,585.00","2,585.00","2,585.00",Rs./Quintal,408.30,Metric Tonnes,09-04-2026
Haryana,Gurgaon,Farukh Nagar APMC,Cereals,Wheat,Other,Local,"2,585.00","2,585.00","2,585.00",Rs./Quintal,953.20,Metric Tonnes,06-04-2026
Haryana,Gurgaon,Farukh Nagar APMC,Cereals,Wheat,Other,Local,"2,600.00","2,600.00","2,600.00",Rs./Quintal,2.40,Metric Tonnes,05-04-2026
Haryana,Gurgaon,Farukh Nagar APMC,Cereals,Wheat,Other,Local,"2,585.00","2,585.00","2,585.00",Rs./Quintal,937.80,Metric Tonnes,04-04-2026
Haryana,Gurgaon,Farukh Nagar APMC,Cereals,Wheat,Other,Local,"2,585.00","2,585.00","2,585.00",Rs./Quintal,413.30,Metric Tonnes,03-04-2026
Haryana,Gurgaon,Farukh Nagar APMC,Cereals,Wheat,Other,Local,"2,585.00","2,585.00","2,585.00",Rs./Quintal,693.30,Metric Tonnes,02-04-2026
Haryana,Gurgaon,Farukh Nagar APMC,Cereals,Wheat,Other,Local,"2,600.00","2,600.00","2,600.00",Rs./Quintal,8.00,Metric Tonnes,01-04-2026
Haryana,Gurgaon,Sohna APMC,Cereals,Wheat,Other,Local,"2,585.00","2,585.00","2,585.00",Rs./Quintal,151.70,Metric Tonnes,23-04-2026
Haryana,Gurgaon,Sohna APMC,Cereals,Wheat,Other,Local,"2,585.00","2,585.00","2,585.00",Rs./Quintal,26.10,Metric Tonnes,20-04-2026
Haryana,Gurgaon,Sohna APMC,Cereals,Wheat,Other,Local,"2,585.00","2,585.00","2,585.00",Rs./Quintal,293.50,Metric Tonnes,16-04-2026
Haryana,Gurgaon,Sohna APMC,Cereals,Wheat,Other,Local,"2,585.00","2,585.00","2,585.00",Rs./Quintal,935.35,Metric Tonnes,07-04-2026
Haryana,Hissar,Adampur APMC,Cereals,Wheat,Other,FAQ,"2,585.00","2,585.00","2,585.00",Rs./Quintal,"6,733.30",Metric Tonnes,25-04-2026
Haryana,Hissar,Adampur APMC,Cereals,Wheat,Other,FAQ,"2,585.00","2,585.00","2,585.00",Rs./Quintal,"7,938.40",Metric Tonnes,21-04-2026
Haryana,Hissar,Adampur APMC,Cereals,Wheat,Other,FAQ,"2,585.00","2,585.00","2,585.00",Rs./Quintal,"2,193.60",Metric Tonnes,19-04-2026
Haryana,Hissar,Adampur APMC,Cereals,Wheat,Other,FAQ,"2,585.00","2,585.00","2,585.00",Rs./Quintal,"3,225.90",Metric Tonnes,18-04-2026
Haryana,Hissar,Adampur APMC,Cereals,Wheat,Other,FAQ,"2,585.00","2,585.00","2,585.00",Rs./Quintal,"9,510.10",Metric Tonnes,16-04-2026
Haryana,Hissar,Adampur APMC,Cereals,Wheat,Other,FAQ,"2,585.00","2,585.00","2,585.00",Rs./Quintal,"10,137.00",Metric Tonnes,14-04-2026
Haryana,Hissar,Adampur APMC,Cereals,Wheat,Other,FAQ,"2,585.00","2,585.00","2,585.00",Rs./Quintal,"7,582.90",Metric Tonnes,11-04-2026
Haryana,Hissar,Adampur APMC,Cereals,Wheat,Other,FAQ,"2,585.00","2,585.00","2,585.00",Rs./Quintal,495.20,Metric Tonnes,07-04-2026
Haryana,Hissar,Adampur(Agroha) APMC,Cereals,Wheat,Other,FAQ,"2,585.00","2,585.00","2,585.00",Rs./Quintal,"1,533.10",Metric Tonnes,25-04-2026
Haryana,Hissar,Adampur(Agroha) APMC,Cereals,Wheat,Other,FAQ,"2,585.00","2,585.00","2,585.00",Rs./Quintal,440.50,Metric Tonnes,24-04-2026
Haryana,Hissar,Adampur(Agroha) APMC,Cereals,Wheat,Other,FAQ,"2,585.00","2,585.00","2,585.00",Rs./Quintal,942.60,Metric Tonnes,23-04-2026
Haryana,Hissar,Adampur(Agroha) APMC,Cereals,Wheat,Other,FAQ,"2,585.00","2,585.00","2,585.00",Rs./Quintal,111.20,Metric Tonnes,22-04-2026
Haryana,Hissar,Adampur(Agroha) APMC,Cereals,Wheat,Other,FAQ,"2,585.00","2,585.00","2,585.00",Rs./Quintal,"3,066.20",Metric Tonnes,21-04-2026
Haryana,Hissar,Adampur(Agroha) APMC,Cereals,Wheat,Other,FAQ,"2,585.00","2,585.00","2,585.00",Rs./Quintal,"1,805.90",Metric Tonnes,18-04-2026
Haryana,Hissar,Adampur(Agroha) APMC,Cereals,Wheat,Other,FAQ,"2,585.00","2,585.00","2,585.00",Rs./Quintal,165.90,Metric Tonnes,17-04-2026
Haryana,Hissar,Adampur(Agroha) APMC,Cereals,Wheat,Other,FAQ,"2,585.00","2,585.00","2,585.00",Rs./Quintal,"1,913.20",Metric Tonnes,16-04-2026
Haryana,Hissar,Adampur(Agroha) APMC,Cereals,Wheat,Other,FAQ,"2,585.00","2,585.00","2,585.00",Rs./Quintal,"1,103.90",Metric Tonnes,15-04-2026
Haryana,Hissar,Adampur(Agroha) APMC,Cereals,Wheat,Other,FAQ,"2,585.00","2,585.00","2,585.00",Rs./Quintal,"1,700.00",Metric Tonnes,14-04-2026
Haryana,Hissar,Adampur(Agroha) APMC,Cereals,Wheat,Other,FAQ,"2,585.00","2,585.00","2,585.00",Rs./Quintal,594.50,Metric Tonnes,11-04-2026
Haryana,Hissar,Barwala(Hisar) APMC,Cereals,Wheat,Local,Local,"2,585.00","2,585.00","2,585.00",Rs./Quintal,"4,054.60",Metric Tonnes,24-04-2026
Haryana,Hissar,Barwala(Hisar) APMC,Cereals,Wheat,Local,FAQ,"2,585.00","2,585.00","2,585.00",Rs./Quintal,"8,050.10",Metric Tonnes,23-04-2026
Haryana,Hissar,Barwala(Hisar) APMC,Cereals,Wheat,Local,FAQ,"2,585.00","2,585.00","2,585.00",Rs./Quintal,"7,825.40",Metric Tonnes,22-04-2026
Haryana,Hissar,Barwala(Hisar) APMC,Cereals,Wheat,Local,FAQ,"2,585.00","2,585.00","2,585.00",Rs./Quintal,"6,952.60",Metric Tonnes,21-04-2026
Haryana,Hissar,Barwala(Hisar) APMC,Cereals,Wheat,Local,Local,"2,585.00","2,585.00","2,585.00",Rs./Quintal,"19,197.80",Metric Tonnes,20-04-2026
Haryana,Hissar,Barwala(Hisar) APMC,Cereals,Wheat,Local,Local,"2,585.00","2,585.00","2,585.00",Rs./Quintal,"8,109.10",Metric Tonnes,18-04-2026
Haryana,Hissar,Barwala(Hisar) APMC,Cereals,Wheat,Local,FAQ,"2,585.00","2,585.00","2,585.00",Rs./Quintal,"11,128.40",Metric Tonnes,17-04-2026
Haryana,Hissar,Barwala(Hisar) APMC,Cereals,Wheat,Local,FAQ,"2,585.00","2,585.00","2,585.00",Rs./Quintal,"9,380.10",Metric Tonnes,16-04-2026
Haryana,Hissar,Barwala(Hisar) APMC,Cereals,Wheat,Local,FAQ,"2,585.00","2,585.00","2,585.00",Rs./Quintal,"5,226.00",Metric Tonnes,15-04-2026
Haryana,Hissar,Barwala(Hisar) APMC,Cereals,Wheat,Local,FAQ,"2,585.00","2,585.00","2,585.00",Rs./Quintal,"3,809.90",Metric Tonnes,14-04-2026
Haryana,Hissar,Barwala(Hisar) APMC,Cereals,Wheat,Local,FAQ,"2,585.00","2,585.00","2,585.00",Rs./Quintal,"6,707.30",Metric Tonnes,13-04-2026
Haryana,Hissar,Barwala(Hisar) APMC,Cereals,Wheat,Local,FAQ,"2,585.00","2,585.00","2,585.00",Rs./Quintal,"4,663.10",Metric Tonnes,11-04-2026
Haryana,Hissar,Barwala(Hisar) APMC,Cereals,Wheat,Local,FAQ,"2,585.00","2,585.00","2,585.00",Rs./Quintal,"10,579.80",Metric Tonnes,10-04-2026
Haryana,Hissar,Barwala(Hisar) APMC,Cereals,Wheat,Local,FAQ,"2,585.00","2,585.00","2,585.00",Rs./Quintal,"1,415.20",Metric Tonnes,09-04-2026
Haryana,Hissar,Barwala(Hisar) APMC,Cereals,Wheat,Local,FAQ,"2,585.00","2,585.00","2,585.00",Rs./Quintal,"1,964.60",Metric Tonnes,08-04-2026
Haryana,Hissar,Barwala(Hisar) APMC,Cereals,Wheat,Local,FAQ,"2,585.00","2,585.00","2,585.00",Rs./Quintal,"1,088.60",Metric Tonnes,07-04-2026
Haryana,Hissar,Barwala(Hisar) APMC,Cereals,Wheat,Local,FAQ,"2,585.00","2,585.00","2,585.00",Rs./Quintal,671.20,Metric Tonnes,06-04-2026
Haryana,Hissar,Bass APMC,Cereals,Wheat,Other,FAQ,"2,585.00","2,585.00","2,585.00",Rs./Quintal,"3,543.50",Metric Tonnes,24-04-2026
Haryana,Hissar,Bass APMC,Cereals,Wheat,Other,FAQ,"2,585.00","2,585.00","2,585.00",Rs./Quintal,"1,489.60",Metric Tonnes,23-04-2026
Haryana,Hissar,Bass APMC,Cereals,Wheat,Other,FAQ,"2,585.00","2,585.00","2,585.00",Rs./Quintal,932.50,Metric Tonnes,22-04-2026
Haryana,Hissar,Bass APMC,Cereals,Wheat,Other,FAQ,"2,585.00","2,585.00","2,585.00",Rs./Quintal,"5,817.20",Metric Tonnes,21-04-2026
Haryana,Hissar,Bass APMC,Cereals,Wheat,Other,FAQ,"2,585.00","2,585.00","2,585.00",Rs./Quintal,"6,395.00",Metric Tonnes,20-04-2026
Haryana,Hissar,Bass APMC,Cereals,Wheat,Other,FAQ,"2,585.00","2,585.00","2,585.00",Rs./Quintal,"1,766.90",Metric Tonnes,18-04-2026
Haryana,Hissar,Bass APMC,Cereals,Wheat,Other,FAQ,"2,585.00","2,585.00","2,585.00",Rs./Quintal,"2,701.80",Metric Tonnes,17-04-2026
Haryana,Hissar,Bass APMC,Cereals,Wheat,Other,FAQ,"2,585.00","2,585.00","2,585.00",Rs./Quintal,"3,095.15",Metric Tonnes,16-04-2026
Haryana,Hissar,Bass APMC,Cereals,Wheat,Other,FAQ,"2,585.00","2,585.00","2,585.00",Rs./Quintal,"2,402.65",Metric Tonnes,15-04-2026
Haryana,Hissar,Bass APMC,Cereals,Wheat,Other,FAQ,"2,585.00","2,585.00","2,585.00",Rs./Quintal,"1,542.25",Metric Tonnes,14-04-2026
Haryana,Hissar,Bass APMC,Cereals,Wheat,Other,FAQ,"2,585.00","2,585.00","2,585.00",Rs./Quintal,"1,545.50",Metric Tonnes,11-04-2026
Haryana,Hissar,Bass APMC,Cereals,Wheat,Other,FAQ,"2,585.00","2,585.00","2,585.00",Rs./Quintal,788.65,Metric Tonnes,10-04-2026
Haryana,Hissar,Bass APMC,Cereals,Wheat,Other,FAQ,"2,585.00","2,585.00","2,585.00",Rs./Quintal,488.45,Metric Tonnes,09-04-2026
Haryana,Hissar,Bass APMC,Cereals,Wheat,Other,FAQ,"2,585.00","2,585.00","2,585.00",Rs./Quintal,101.00,Metric Tonnes,08-04-2026
Haryana,Hissar,Hansi APMC,Cereals,Wheat,Other,FAQ,"2,585.00","2,585.00","2,585.00",Rs./Quintal,"5,001.00",Metric Tonnes,24-04-2026
Haryana,Hissar,Hansi APMC,Cereals,Wheat,Other,FAQ,"2,585.00","2,585.00","2,585.00",Rs./Quintal,"4,377.00",Metric Tonnes,23-04-2026
Haryana,Hissar,Hansi APMC,Cereals,Wheat,Other,FAQ,"2,585.00","2,585.00","2,585.00",Rs./Quintal,"2,745.00",Metric Tonnes,22-04-2026
Haryana,Hissar,Hansi APMC,Cereals,Wheat,Other,FAQ,"2,585.00","2,585.00","2,585.00",Rs./Quintal,"10,784.00",Metric Tonnes,21-04-2026
Haryana,Hissar,Hansi APMC,Cereals,Wheat,Other,FAQ,"2,585.00","2,585.00","2,585.00",Rs./Quintal,"3,150.00",Metric Tonnes,18-04-2026
Haryana,Hissar,Hansi APMC,Cereals,Wheat,Other,FAQ,"2,585.00","2,585.00","2,585.00",Rs./Quintal,"13,116.00",Metric Tonnes,17-04-2026
Haryana,Hissar,Hansi APMC,Cereals,Wheat,Other,FAQ,"2,585.00","2,585.00","2,585.00",Rs./Quintal,"3,904.00",Metric Tonnes,16-04-2026
Haryana,Hissar,Hansi APMC,Cereals,Wheat,Other,FAQ,"2,585.00","2,585.00","2,585.00",Rs./Quintal,"7,912.00",Metric Tonnes,15-04-2026
Haryana,Hissar,Hansi APMC,Cereals,Wheat,Other,FAQ,"2,585.00","2,585.00","2,585.00",Rs./Quintal,"2,785.00",Metric Tonnes,14-04-2026
Haryana,Hissar,Hansi APMC,Cereals,Wheat,Other,FAQ,"2,585.00","2,585.00","2,585.00",Rs./Quintal,"11,690.00",Metric Tonnes,13-04-2026
Haryana,Hissar,Hansi APMC,Cereals,Wheat,Other,FAQ,"2,585.00","2,585.00","2,585.00",Rs./Quintal,"4,169.00",Metric Tonnes,11-04-2026
Haryana,Hissar,Hansi APMC,Cereals,Wheat,Other,FAQ,"2,585.00","2,585.00","2,585.00",Rs./Quintal,"9,218.00",Metric Tonnes,10-04-2026
Haryana,Hissar,Hansi APMC,Cereals,Wheat,Other,FAQ,"2,585.00","2,585.00","2,585.00",Rs./Quintal,39.70,Metric Tonnes,09-04-2026
Haryana,Hissar,Hansi APMC,Cereals,Wheat,Other,FAQ,"2,585.00","2,585.00","2,585.00",Rs./Quintal,102.00,Metric Tonnes,08-04-2026
Haryana,Hissar,Hansi APMC,Cereals,Wheat,Other,FAQ,"2,585.00","2,585.00","2,585.00",Rs./Quintal,854.50,Metric Tonnes,07-04-2026
Haryana,Hissar,Hansi APMC,Cereals,Wheat,Other,FAQ,"2,585.00","2,585.00","2,585.00",Rs./Quintal,910.00,Metric Tonnes,06-04-2026
Haryana,Hissar,Hansi(Sisai) APMC,Cereals,Wheat,Other,FAQ,"2,585.00","2,585.00","2,585.00",Rs./Quintal,"1,207.00",Metric Tonnes,23-04-2026
Haryana,Hissar,Hansi(Sisai) APMC,Cereals,Wheat,Other,FAQ,"2,585.00","2,585.00","2,585.00",Rs./Quintal,"1,124.00",Metric Tonnes,22-04-2026
Haryana,Hissar,Hansi(Sisai) APMC,Cereals,Wheat,Other,FAQ,"2,585.00","2,585.00","2,585.00",Rs./Quintal,973.00,Metric Tonnes,21-04-2026
Haryana,Hissar,Hansi(Sisai) APMC,Cereals,Wheat,Other,FAQ,"2,585.00","2,585.00","2,585.00",Rs./Quintal,"2,008.00",Metric Tonnes,19-04-2026
Haryana,Hissar,Hansi(Sisai) APMC,Cereals,Wheat,Other,FAQ,"2,585.00","2,585.00","2,585.00",Rs./Quintal,840.00,Metric Tonnes,17-04-2026
Haryana,Hissar,Hansi(Sisai) APMC,Cereals,Wheat,Other,FAQ,"2,585.00","2,585.00","2,585.00",Rs./Quintal,"1,241.00",Metric Tonnes,16-04-2026
Haryana,Hissar,Hansi(Sisai) APMC,Cereals,Wheat,Other,FAQ,"2,585.00","2,585.00","2,585.00",Rs./Quintal,765.00,Metric Tonnes,15-04-2026
Haryana,Hissar,Hansi(Sisai) APMC,Cereals,Wheat,Other,FAQ,"2,585.00","2,585.00","2,585.00",Rs./Quintal,"1,758.00",Metric Tonnes,14-04-2026
Haryana,Hissar,Hansi(Sisai) APMC,Cereals,Wheat,Other,FAQ,"2,585.00","2,585.00","2,585.00",Rs./Quintal,31.50,Metric Tonnes,13-04-2026
Haryana,Hissar,Hansi(Sisai) APMC,Cereals,Wheat,Other,FAQ,"2,585.00","2,585.00","2,585.00",Rs./Quintal,848.00,Metric Tonnes,09-04-2026
Haryana,Hissar,Hansi(Sisai) APMC,Cereals,Wheat,Other,FAQ,"2,585.00","2,585.00","2,585.00",Rs./Quintal,768.00,Metric Tonnes,08-04-2026
Haryana,Hissar,Hansi(Sisai) APMC,Cereals,Wheat,Other,FAQ,"2,585.00","2,585.00","2,585.00",Rs./Quintal,166.80,Metric Tonnes,07-04-2026
Haryana,Hissar,Hissar APMC,Cereals,Wheat,Local,Local,"2,585.00","2,590.00","2,585.00",Rs./Quintal,532.40,Metric Tonnes,25-04-2026
Haryana,Hissar,Hissar APMC,Cereals,Wheat,Local,Local,"2,585.00","2,590.00","2,585.00",Rs./Quintal,510.40,Metric Tonnes,24-04-2026
Haryana,Hissar,Hissar APMC,Cereals,Wheat,Local,Local,"2,585.00","2,590.00","2,585.00",Rs./Quintal,564.40,Metric Tonnes,23-04-2026
Haryana,Hissar,Hissar APMC,Cereals,Wheat,Local,Local,"2,585.00","2,590.00","2,585.00",Rs./Quintal,942.80,Metric Tonnes,22-04-2026
Haryana,Hissar,Hissar APMC,Cereals,Wheat,Local,Local,"2,585.00","2,585.00","2,585.00",Rs./Quintal,"1,108.30",Metric Tonnes,21-04-2026
Haryana,Hissar,Hissar APMC,Cereals,Wheat,Local,Local,"2,585.00","2,585.00","2,585.00",Rs./Quintal,"1,054.00",Metric Tonnes,18-04-2026
Haryana,Hissar,Hissar APMC,Cereals,Wheat,Local,Local,"2,585.00","2,585.00","2,585.00",Rs./Quintal,112.40,Metric Tonnes,17-04-2026
Haryana,Hissar,Hissar APMC,Cereals,Wheat,Local,Local,"2,585.00","2,590.00","2,585.00",Rs./Quintal,"2,333.20",Metric Tonnes,16-04-2026
Haryana,Hissar,Hissar APMC,Cereals,Wheat,Local,Local,"2,585.00","2,590.00","2,585.00",Rs./Quintal,"2,363.20",Metric Tonnes,15-04-2026
Haryana,Hissar,Hissar APMC,Cereals,Wheat,Local,Local,"2,585.00","2,590.00","2,585.00",Rs./Quintal,"1,649.70",Metric Tonnes,14-04-2026
Haryana,Hissar,Hissar APMC,Cereals,Wheat,Local,Local,"2,585.00","2,590.00","2,585.00",Rs./Quintal,976.90,Metric Tonnes,11-04-2026
Haryana,Hissar,Hissar APMC,Cereals,Wheat,Local,Local,"2,585.00","2,590.00","2,585.00",Rs./Quintal,880.30,Metric Tonnes,10-04-2026
Haryana,Hissar,Hissar APMC,Cereals,Wheat,Local,Local,"2,585.00","2,590.00","2,585.00",Rs./Quintal,598.20,Metric Tonnes,09-04-2026
Haryana,Hissar,Hissar APMC,Cereals,Wheat,Local,Local,"2,585.00","2,590.00","2,585.00",Rs./Quintal,34.80,Metric Tonnes,06-04-2026
Haryana,Hissar,Narnaund APMC,Cereals,Wheat,Other,Local,"2,585.00","2,585.00","2,585.00",Rs./Quintal,263.00,Metric Tonnes,23-04-2026
Haryana,Hissar,Narnaund APMC,Cereals,Wheat,Other,Local,"2,585.00","2,585.00","2,585.00",Rs./Quintal,523.00,Metric Tonnes,22-04-2026
Haryana,Hissar,Narnaund APMC,Cereals,Wheat,Other,Local,"2,585.00","2,585.00","2,585.00",Rs./Quintal,555.00,Metric Tonnes,21-04-2026
Haryana,Hissar,Narnaund APMC,Cereals,Wheat,Other,Local,"2,585.00","2,585.00","2,585.00",Rs./Quintal,"5,856.00",Metric Tonnes,17-04-2026
Haryana,Hissar,Narnaund APMC,Cereals,Wheat,Other,Local,"2,585.00","2,585.00","2,585.00",Rs./Quintal,"5,163.00",Metric Tonnes,16-04-2026
Haryana,Hissar,Narnaund APMC,Cereals,Wheat,Other,Local,"2,585.00","2,585.00","2,585.00",Rs./Quintal,"9,759.00",Metric Tonnes,14-04-2026
Haryana,Hissar,Narnaund APMC,Cereals,Wheat,Other,Local,"2,585.00","2,585.00","2,585.00",Rs./Quintal,"1,773.00",Metric Tonnes,13-04-2026
Haryana,Hissar,Narnaund APMC,Cereals,Wheat,Other,Local,"2,585.00","2,585.00","2,585.00",Rs./Quintal,"5,142.00",Metric Tonnes,12-04-2026
Haryana,Hissar,Narnaund APMC,Cereals,Wheat,Other,Local,"2,585.00","2,585.00","2,585.00",Rs./Quintal,"5,285.00",Metric Tonnes,11-04-2026
Haryana,Hissar,Narnaund APMC,Cereals,Wheat,Other,Local,"2,585.00","2,585.00","2,585.00",Rs./Quintal,"11,971.00",Metric Tonnes,09-04-2026
Haryana,Hissar,Narnaund APMC,Cereals,Wheat,Other,Local,"2,585.00","2,585.00","2,585.00",Rs./Quintal,"2,365.00",Metric Tonnes,08-04-2026
Haryana,Hissar,Narnaund APMC,Cereals,Wheat,Other,Local,"2,585.00","2,585.00","2,585.00",Rs./Quintal,"7,357.00",Metric Tonnes,07-04-2026
Haryana,Hissar,Narnaund APMC,Cereals,Wheat,Other,Local,"2,585.00","2,585.00","2,585.00",Rs./Quintal,"10,035.00",Metric Tonnes,06-04-2026
Haryana,Hissar,Narnaund APMC,Cereals,Wheat,Other,Local,"2,585.00","2,585.00","2,585.00",Rs./Quintal,"3,070.00",Metric Tonnes,05-04-2026
Haryana,Hissar,Narnaund APMC,Cereals,Wheat,Other,Local,"2,585.00","2,585.00","2,585.00",Rs./Quintal,"1,099.00",Metric Tonnes,04-04-2026
Haryana,Hissar,Narnaund APMC,Cereals,Wheat,Other,Local,"2,585.00","2,585.00","2,585.00",Rs./Quintal,700.00,Metric Tonnes,03-04-2026
Haryana,Hissar,Narnaund APMC,Cereals,Wheat,Other,Local,"2,585.00","2,585.00","2,585.00",Rs./Quintal,117.00,Metric Tonnes,02-04-2026
Haryana,Hissar,Uklana APMC,Cereals,Wheat,Medium,FAQ,"2,585.00","2,585.00","2,585.00",Rs./Quintal,"2,743.80",Metric Tonnes,24-04-2026
Haryana,Hissar,Uklana APMC,Cereals,Wheat,Medium,FAQ,"2,585.00","2,585.00","2,585.00",Rs./Quintal,"5,118.10",Metric Tonnes,23-04-2026
Haryana,Hissar,Uklana APMC,Cereals,Wheat,Medium,FAQ,"2,585.00","2,585.00","2,585.00",Rs./Quintal,"7,013.20",Metric Tonnes,22-04-2026
Haryana,Hissar,Uklana APMC,Cereals,Wheat,Medium,FAQ,"2,585.00","2,585.00","2,585.00",Rs./Quintal,"3,819.70",Metric Tonnes,21-04-2026
Haryana,Hissar,Uklana APMC,Cereals,Wheat,Medium,FAQ,"2,585.00","2,585.00","2,585.00",Rs./Quintal,"6,279.70",Metric Tonnes,20-04-2026
Haryana,Hissar,Uklana APMC,Cereals,Wheat,Medium,FAQ,"2,585.00","2,585.00","2,585.00",Rs./Quintal,"2,860.50",Metric Tonnes,18-04-2026
Haryana,Hissar,Uklana APMC,Cereals,Wheat,Medium,FAQ,"2,585.00","2,585.00","2,585.00",Rs./Quintal,"5,313.00",Metric Tonnes,17-04-2026
Haryana,Hissar,Uklana APMC,Cereals,Wheat,Medium,FAQ,"2,585.00","2,585.00","2,585.00",Rs./Quintal,"5,607.20",Metric Tonnes,16-04-2026
Haryana,Hissar,Uklana APMC,Cereals,Wheat,Medium,FAQ,"2,585.00","2,585.00","2,585.00",Rs./Quintal,"10,239.90",Metric Tonnes,15-04-2026
Haryana,Hissar,Uklana APMC,Cereals,Wheat,Medium,FAQ,"2,585.00","2,585.00","2,585.00",Rs./Quintal,"4,707.70",Metric Tonnes,14-04-2026
Haryana,Hissar,Uklana APMC,Cereals,Wheat,Medium,FAQ,"2,585.00","2,585.00","2,585.00",Rs./Quintal,"7,580.10",Metric Tonnes,13-04-2026
Haryana,Hissar,Uklana APMC,Cereals,Wheat,Medium,FAQ,"2,585.00","2,585.00","2,585.00",Rs./Quintal,"2,346.40",Metric Tonnes,12-04-2026
Haryana,Hissar,Uklana APMC,Cereals,Wheat,Medium,FAQ,"2,585.00","2,585.00","2,585.00",Rs./Quintal,"6,367.30",Metric Tonnes,10-04-2026
Haryana,Hissar,Uklana APMC,Cereals,Wheat,Medium,FAQ,"2,585.00","2,585.00","2,585.00",Rs./Quintal,"2,351.80",Metric Tonnes,09-04-2026
Haryana,Hissar,Uklana APMC,Cereals,Wheat,Medium,FAQ,"2,585.00","2,585.00","2,585.00",Rs./Quintal,"2,122.70",Metric Tonnes,08-04-2026
Haryana,Jhajar,Beri APMC,Cereals,Wheat,Other,FAQ,"2,585.00","2,585.00","2,585.00",Rs./Quintal,"3,000.00",Metric Tonnes,24-04-2026
Haryana,Jhajar,Beri APMC,Cereals,Wheat,Other,FAQ,"2,585.00","2,585.00","2,585.00",Rs./Quintal,700.00,Metric Tonnes,23-04-2026
Haryana,Jhajar,Beri APMC,Cereals,Wheat,Other,Grade Range-1,"2,585.00","2,585.00","2,585.00",Rs./Quintal,700.00,Metric Tonnes,21-04-2026
Haryana,Jhajar,Beri APMC,Cereals,Wheat,Other,Grade Range-1,"2,585.00","2,585.00","2,585.00",Rs./Quintal,"7,000.00",Metric Tonnes,20-04-2026
Haryana,Jhajar,Beri APMC,Cereals,Wheat,Other,Grade Range-1,"2,585.00","2,585.00","2,585.00",Rs./Quintal,"4,000.00",Metric Tonnes,18-04-2026
Haryana,Jhajar,Beri APMC,Cereals,Wheat,Other,Grade Range-1,"2,585.00","2,585.00","2,585.00",Rs./Quintal,"4,000.00",Metric Tonnes,17-04-2026
Haryana,Jhajar,Beri APMC,Cereals,Wheat,Other,Grade Range-1,"2,585.00","2,585.00","2,585.00",Rs./Quintal,"7,000.00",Metric Tonnes,16-04-2026
Haryana,Jhajar,Beri APMC,Cereals,Wheat,Other,Grade Range-1,"2,585.00","2,585.00","2,585.00",Rs./Quintal,"4,000.00",Metric Tonnes,15-04-2026
Haryana,Jhajar,Beri APMC,Cereals,Wheat,Other,Grade Range-1,"2,585.00","2,585.00","2,585.00",Rs./Quintal,"2,580.00",Metric Tonnes,14-04-2026
Haryana,Jhajar,Beri APMC,Cereals,Wheat,Other,Grade Range-1,"2,585.00","2,585.00","2,585.00",Rs./Quintal,"4,000.00",Metric Tonnes,13-04-2026
Haryana,Jhajar,Beri APMC,Cereals,Wheat,Other,Grade Range-1,"2,585.00","2,585.00","2,585.00",Rs./Quintal,"2,848.80",Metric Tonnes,11-04-2026
Haryana,Jhajar,Beri APMC,Cereals,Wheat,Other,Grade Range-1,"2,585.00","2,585.00","2,585.00",Rs./Quintal,141.00,Metric Tonnes,10-04-2026
Haryana,Jind,Jullana APMC,Cereals,Wheat,Other,FAQ,"2,585.00","2,585.00","2,585.00",Rs./Quintal,"4,688.00",Metric Tonnes,25-04-2026
Haryana,Jind,Jullana APMC,Cereals,Wheat,Other,FAQ,"2,585.00","2,585.00","2,585.00",Rs./Quintal,"4,191.00",Metric Tonnes,24-04-2026
Haryana,Jind,Jullana APMC,Cereals,Wheat,Other,FAQ,"2,585.00","2,585.00","2,585.00",Rs./Quintal,"3,386.00",Metric Tonnes,23-04-2026
Haryana,Jind,Jullana APMC,Cereals,Wheat,Other,FAQ,"2,585.00","2,585.00","2,585.00",Rs./Quintal,"4,448.00",Metric Tonnes,22-04-2026
Haryana,Jind,Jullana APMC,Cereals,Wheat,Other,FAQ,"2,585.00","2,585.00","2,585.00",Rs./Quintal,"6,592.00",Metric Tonnes,21-04-2026
Haryana,Jind,Jullana APMC,Cereals,Wheat,Other,FAQ,"2,585.00","2,585.00","2,585.00",Rs./Quintal,"8,056.00",Metric Tonnes,20-04-2026
Haryana,Jind,Jullana APMC,Cereals,Wheat,Other,FAQ,"2,585.00","2,585.00","2,585.00",Rs./Quintal,"9,672.00",Metric Tonnes,19-04-2026
Haryana,Jind,Jullana APMC,Cereals,Wheat,Other,FAQ,"2,585.00","2,585.00","2,585.00",Rs./Quintal,"5,705.00",Metric Tonnes,18-04-2026
Haryana,Jind,Jullana APMC,Cereals,Wheat,Other,FAQ,"2,585.00","2,585.00","2,585.00",Rs./Quintal,"7,111.00",Metric Tonnes,16-04-2026
Haryana,Jind,Jullana APMC,Cereals,Wheat,Other,FAQ,"2,585.00","2,585.00","2,585.00",Rs./Quintal,"7,508.00",Metric Tonnes,15-04-2026
Haryana,Jind,Jullana APMC,Cereals,Wheat,Other,FAQ,"2,585.00","2,585.00","2,585.00",Rs./Quintal,"8,244.00",Metric Tonnes,14-04-2026
Haryana,Jind,Jullana APMC,Cereals,Wheat,Other,FAQ,"2,585.00","2,585.00","2,585.00",Rs./Quintal,"3,255.00",Metric Tonnes,12-04-2026
Haryana,Jind,Jullana APMC,Cereals,Wheat,Other,FAQ,"2,585.00","2,585.00","2,585.00",Rs./Quintal,"1,337.40",Metric Tonnes,11-04-2026
Haryana,Jind,Jullana APMC,Cereals,Wheat,Other,FAQ,"2,585.00","2,585.00","2,585.00",Rs./Quintal,544.00,Metric Tonnes,10-04-2026
Haryana,Jind,"New Grain Market , Jind APMC",Cereals,Wheat,147 Average,Local,"2,585.00","2,585.00","2,585.00",Rs./Quintal,"1,000.00",Metric Tonnes,23-04-2026
Haryana,Jind,"New Grain Market , Jind APMC",Cereals,Wheat,147 Average,FAQ,"2,585.00","2,585.00","2,585.00",Rs./Quintal,28.30,Metric Tonnes,22-04-2026
Haryana,Jind,"New Grain Market , Jind APMC",Cereals,Wheat,147 Average,Local,"2,585.00","2,585.00","2,585.00",Rs./Quintal,"3,150.00",Metric Tonnes,19-04-2026
Haryana,Jind,"New Grain Market , Jind APMC",Cereals,Wheat,147 Average,Local,"2,585.00","2,585.00","2,585.00",Rs./Quintal,"9,540.00",Metric Tonnes,18-04-2026
Haryana,Jind,"New Grain Market , Jind APMC",Cereals,Wheat,147 Average,Local,"2,585.00","2,585.00","2,585.00",Rs./Quintal,"8,750.00",Metric Tonnes,17-04-2026
Haryana,Jind,"New Grain Market , Jind APMC",Cereals,Wheat,147 Average,Local,"2,585.00","2,585.00","2,585.00",Rs./Quintal,"9,000.00",Metric Tonnes,16-04-2026
Haryana,Jind,"New Grain Market , Jind APMC",Cereals,Wheat,147 Average,Local,"2,585.00","2,585.00","2,585.00",Rs./Quintal,"7,545.00",Metric Tonnes,15-04-2026
Haryana,Jind,"New Grain Market , Jind APMC",Cereals,Wheat,147 Average,Local,"2,585.00","2,585.00","2,585.00",Rs./Quintal,"10,845.00",Metric Tonnes,14-04-2026
Haryana,Jind,"New Grain Market , Jind APMC",Cereals,Wheat,147 Average,Local,"2,585.00","2,585.00","2,585.00",Rs./Quintal,"11,845.00",Metric Tonnes,13-04-2026
Haryana,Jind,"New Grain Market , Jind APMC",Cereals,Wheat,147 Average,FAQ,"2,585.00","2,585.00","2,585.00",Rs./Quintal,"11,114.00",Metric Tonnes,12-04-2026
Haryana,Jind,"New Grain Market , Jind APMC",Cereals,Wheat,147 Average,FAQ,"2,585.00","2,585.00","2,585.00",Rs./Quintal,"8,058.00",Metric Tonnes,10-04-2026
Haryana,Jind,"New Grain Market , Jind APMC",Cereals,Wheat,147 Average,FAQ,"2,585.00","2,585.00","2,585.00",Rs./Quintal,"5,650.00",Metric Tonnes,09-04-2026
Haryana,Jind,Pillukhera APMC,Cereals,Wheat,Local,FAQ,"2,585.00","2,585.00","2,585.00",Rs./Quintal,"7,315.00",Metric Tonnes,25-04-2026
Haryana,Jind,Pillukhera APMC,Cereals,Wheat,Local,FAQ,"2,585.00","2,585.00","2,585.00",Rs./Quintal,"5,890.60",Metric Tonnes,24-04-2026
Haryana,Jind,Pillukhera APMC,Cereals,Wheat,Local,FAQ,"2,585.00","2,585.00","2,585.00",Rs./Quintal,"6,165.60",Metric Tonnes,23-04-2026
Haryana,Jind,Pillukhera APMC,Cereals,Wheat,Local,FAQ,"2,585.00","2,585.00","2,585.00",Rs./Quintal,"9,294.90",Metric Tonnes,22-04-2026
Haryana,Jind,Pillukhera APMC,Cereals,Wheat,Local,FAQ,"2,585.00","2,585.00","2,585.00",Rs./Quintal,"2,719.70",Metric Tonnes,21-04-2026
Haryana,Jind,Pillukhera APMC,Cereals,Wheat,Local,FAQ,"2,585.00","2,585.00","2,585.00",Rs./Quintal,"2,577.20",Metric Tonnes,20-04-2026
Haryana,Jind,Pillukhera APMC,Cereals,Wheat,Local,FAQ,"2,585.00","2,585.00","2,585.00",Rs./Quintal,7.00,Metric Tonnes,19-04-2026
Haryana,Jind,Pillukhera APMC,Cereals,Wheat,Local,FAQ,"2,585.00","2,585.00","2,585.00",Rs./Quintal,"14,905.00",Metric Tonnes,18-04-2026
Haryana,Jind,Pillukhera APMC,Cereals,Wheat,Local,FAQ,"2,585.00","2,585.00","2,585.00",Rs./Quintal,"8,025.10",Metric Tonnes,17-04-2026
Haryana,Jind,Pillukhera APMC,Cereals,Wheat,Local,FAQ,"2,585.00","2,585.00","2,585.00",Rs./Quintal,"5,755.30",Metric Tonnes,16-04-2026
Haryana,Jind,Pillukhera APMC,Cereals,Wheat,Local,FAQ,"2,585.00","2,585.00","2,585.00",Rs./Quintal,"8,531.40",Metric Tonnes,15-04-2026
Haryana,Jind,Pillukhera APMC,Cereals,Wheat,Local,FAQ,"2,585.00","2,585.00","2,585.00",Rs./Quintal,"1,478.30",Metric Tonnes,14-04-2026
Haryana,Jind,Pillukhera APMC,Cereals,Wheat,Local,FAQ,"2,585.00","2,585.00","2,585.00",Rs./Quintal,"2,706.00",Metric Tonnes,13-04-2026
Haryana,Jind,Pillukhera APMC,Cereals,Wheat,Local,FAQ,"2,585.00","2,585.00","2,585.00",Rs./Quintal,"7,003.00",Metric Tonnes,11-04-2026
Haryana,Jind,Pillukhera APMC,Cereals,Wheat,Other,FAQ,"2,585.00","2,585.00","2,585.00",Rs./Quintal,"5,097.00",Metric Tonnes,10-04-2026
Haryana,Jind,Safidon APMC,Cereals,Wheat,Other,Non-FAQ,"2,585.00","2,585.00","2,585.00",Rs./Quintal,"8,559.80",Metric Tonnes,25-04-2026
Haryana,Jind,Safidon APMC,Cereals,Wheat,Other,Non-FAQ,"2,585.00","2,585.00","2,585.00",Rs./Quintal,"5,865.00",Metric Tonnes,24-04-2026
Haryana,Jind,Safidon APMC,Cereals,Wheat,Other,Non-FAQ,"2,585.00","2,585.00","2,585.00",Rs./Quintal,"8,875.00",Metric Tonnes,23-04-2026
Haryana,Jind,Safidon APMC,Cereals,Wheat,Other,Non-FAQ,"2,585.00","2,585.00","2,585.00",Rs./Quintal,"2,816.50",Metric Tonnes,22-04-2026
Haryana,Jind,Safidon APMC,Cereals,Wheat,Other,Non-FAQ,"2,585.00","2,585.00","2,585.00",Rs./Quintal,"8,978.00",Metric Tonnes,21-04-2026
Haryana,Jind,Safidon APMC,Cereals,Wheat,Other,Non-FAQ,"2,585.00","2,585.00","2,585.00",Rs./Quintal,"14,565.70",Metric Tonnes,20-04-2026
Haryana,Jind,Safidon APMC,Cereals,Wheat,Other,Non-FAQ,"2,585.00","2,585.00","2,585.00",Rs./Quintal,"11,735.50",Metric Tonnes,18-04-2026
Haryana,Jind,Safidon APMC,Cereals,Wheat,Other,Non-FAQ,"2,585.00","2,585.00","2,585.00",Rs./Quintal,"8,098.60",Metric Tonnes,17-04-2026
Haryana,Jind,Safidon APMC,Cereals,Wheat,Other,Non-FAQ,"2,585.00","2,585.00","2,585.00",Rs./Quintal,"9,865.30",Metric Tonnes,16-04-2026
Haryana,Jind,Safidon APMC,Cereals,Wheat,Other,Non-FAQ,"2,585.00","2,585.00","2,585.00",Rs./Quintal,"1,785.50",Metric Tonnes,15-04-2026
Haryana,Jind,Safidon APMC,Cereals,Wheat,Other,FAQ,"2,585.00","2,585.00","2,585.00",Rs./Quintal,"4,175.40",Metric Tonnes,14-04-2026
Haryana,Jind,Safidon APMC,Cereals,Wheat,Other,FAQ,"2,585.00","2,585.00","2,585.00",Rs./Quintal,568.00,Metric Tonnes,13-04-2026
Haryana,Jind,Safidon APMC,Cereals,Wheat,Other,FAQ,"2,585.00","2,585.00","2,585.00",Rs./Quintal,405.80,Metric Tonnes,12-04-2026
Haryana,Jind,Safidon APMC,Cereals,Wheat,Other,FAQ,"2,585.00","2,585.00","2,585.00",Rs./Quintal,"6,428.90",Metric Tonnes,11-04-2026
Haryana,Jind,Safidon APMC,Cereals,Wheat,Other,FAQ,"2,585.00","2,585.00","2,585.00",Rs./Quintal,"10,693.30",Metric Tonnes,10-04-2026
Haryana,Jind,Safidon APMC,Cereals,Wheat,Other,FAQ,"2,585.00","2,585.00","2,585.00",Rs./Quintal,62.20,Metric Tonnes,09-04-2026
Haryana,Jind,Uchana APMC,Cereals,Wheat,Other,FAQ,"2,585.00","2,585.00","2,585.00",Rs./Quintal,"4,263.90",Metric Tonnes,25-04-2026
Haryana,Jind,Uchana APMC,Cereals,Wheat,Other,FAQ,"2,585.00","2,585.00","2,585.00",Rs./Quintal,"1,858.00",Metric Tonnes,24-04-2026
Haryana,Jind,Uchana APMC,Cereals,Wheat,Other,FAQ,"2,585.00","2,585.00","2,585.00",Rs./Quintal,428.50,Metric Tonnes,23-04-2026
Haryana,Jind,Uchana APMC,Cereals,Wheat,Other,FAQ,"2,585.00","2,585.00","2,585.00",Rs./Quintal,"3,321.90",Metric Tonnes,22-04-2026
Haryana,Jind,Uchana APMC,Cereals,Wheat,Other,FAQ,"2,585.00","2,585.00","2,585.00",Rs./Quintal,"1,140.50",Metric Tonnes,21-04-2026
Haryana,Jind,Uchana APMC,Cereals,Wheat,Other,FAQ,"2,585.00","2,585.00","2,585.00",Rs./Quintal,"6,200.00",Metric Tonnes,20-04-2026
Haryana,Jind,Uchana APMC,Cereals,Wheat,Other,FAQ,"2,585.00","2,585.00","2,585.00",Rs./Quintal,"10,901.00",Metric Tonnes,18-04-2026
Haryana,Jind,Uchana APMC,Cereals,Wheat,Other,FAQ,"2,585.00","2,585.00","2,585.00",Rs./Quintal,"5,788.50",Metric Tonnes,17-04-2026
Haryana,Jind,Uchana APMC,Cereals,Wheat,Other,FAQ,"2,585.00","2,585.00","2,585.00",Rs./Quintal,"5,565.90",Metric Tonnes,16-04-2026
Haryana,Jind,Uchana APMC,Cereals,Wheat,Other,FAQ,"2,585.00","2,585.00","2,585.00",Rs./Quintal,"5,887.30",Metric Tonnes,15-04-2026
Haryana,Jind,Uchana APMC,Cereals,Wheat,Other,FAQ,"2,585.00","2,585.00","2,585.00",Rs./Quintal,"14,014.70",Metric Tonnes,14-04-2026
Haryana,Jind,Uchana APMC,Cereals,Wheat,Other,FAQ,"2,585.00","2,585.00","2,585.00",Rs./Quintal,"17,501.50",Metric Tonnes,13-04-2026
Haryana,Jind,Uchana APMC,Cereals,Wheat,Other,FAQ,"2,585.00","2,585.00","2,585.00",Rs./Quintal,"2,305.00",Metric Tonnes,12-04-2026
Haryana,Jind,Uchana APMC,Cereals,Wheat,Other,FAQ,"2,585.00","2,585.00","2,585.00",Rs./Quintal,"13,924.00",Metric Tonnes,11-04-2026
Haryana,Jind,Uchana APMC,Cereals,Wheat,Other,FAQ,"2,585.00","2,585.00","2,585.00",Rs./Quintal,"4,135.50",Metric Tonnes,10-04-2026
Haryana,Jind,Uchana APMC,Cereals,Wheat,Other,FAQ,"2,585.00","2,585.00","2,585.00",Rs./Quintal,12.00,Metric Tonnes,08-04-2026
Haryana,Kaithal,Kaithal APMC,Cereals,Wheat,Other,FAQ,"2,585.00","2,585.00","2,585.00",Rs./Quintal,"1,899.90",Metric Tonnes,24-04-2026
Haryana,Kaithal,Kaithal APMC,Cereals,Wheat,Other,FAQ,"2,585.00","2,585.00","2,585.00",Rs./Quintal,"1,498.10",Metric Tonnes,23-04-2026
Haryana,Kaithal,Kaithal APMC,Cereals,Wheat,Other,FAQ,"2,585.00","2,585.00","2,585.00",Rs./Quintal,"6,099.70",Metric Tonnes,22-04-2026
Haryana,Kaithal,Kaithal APMC,Cereals,Wheat,Other,FAQ,"2,585.00","2,585.00","2,585.00",Rs./Quintal,"3,994.20",Metric Tonnes,21-04-2026
Haryana,Kaithal,Kaithal APMC,Cereals,Wheat,Other,FAQ,"2,585.00","2,585.00","2,585.00",Rs./Quintal,"4,112.90",Metric Tonnes,20-04-2026
Haryana,Kaithal,Kaithal APMC,Cereals,Wheat,Other,FAQ,"2,585.00","2,585.00","2,585.00",Rs./Quintal,318.50,Metric Tonnes,19-04-2026
Haryana,Kaithal,Kaithal APMC,Cereals,Wheat,Other,FAQ,"2,585.00","2,585.00","2,585.00",Rs./Quintal,"6,210.20",Metric Tonnes,17-04-2026
Haryana,Kaithal,Kaithal APMC,Cereals,Wheat,Other,FAQ,"2,585.00","2,585.00","2,585.00",Rs./Quintal,"35,041.60",Metric Tonnes,16-04-2026
Haryana,Kaithal,Kaithal APMC,Cereals,Wheat,Other,FAQ,"2,585.00","2,585.00","2,585.00",Rs./Quintal,"20,539.40",Metric Tonnes,15-04-2026
Haryana,Kaithal,Kaithal APMC,Cereals,Wheat,Other,FAQ,"2,585.00","2,585.00","2,585.00",Rs./Quintal,"22,727.40",Metric Tonnes,14-04-2026
Haryana,Kaithal,Kaithal APMC,Cereals,Wheat,Other,FAQ,"2,585.00","2,585.00","2,585.00",Rs./Quintal,"17,890.20",Metric Tonnes,13-04-2026
Haryana,Kaithal,Kaithal APMC,Cereals,Wheat,Other,FAQ,"2,585.00","2,585.00","2,585.00",Rs./Quintal,206.30,Metric Tonnes,12-04-2026
Haryana,Kaithal,Kaithal APMC,Cereals,Wheat,Other,FAQ,"2,585.00","2,585.00","2,585.00",Rs./Quintal,"17,924.80",Metric Tonnes,11-04-2026
Haryana,Kaithal,Kaithal APMC,Cereals,Wheat,Other,FAQ,"2,585.00","2,585.00","2,585.00",Rs./Quintal,"6,632.30",Metric Tonnes,10-04-2026
Haryana,Kaithal,Kaithal APMC,Cereals,Wheat,Other,FAQ,"2,585.00","2,585.00","2,585.00",Rs./Quintal,"5,207.60",Metric Tonnes,08-04-2026
Haryana,Kaithal,Kaithal APMC,Cereals,Wheat,Other,FAQ,"2,585.00","2,585.00","2,585.00",Rs./Quintal,741.80,Metric Tonnes,07-04-2026
Haryana,Kaithal,Kalayat APMC,Cereals,Wheat,Other,FAQ,"2,585.00","2,585.00","2,585.00",Rs./Quintal,"4,854.00",Metric Tonnes,25-04-2026
Haryana,Kaithal,Kalayat APMC,Cereals,Wheat,Other,FAQ,"2,585.00","2,585.00","2,585.00",Rs./Quintal,"7,804.50",Metric Tonnes,24-04-2026
Haryana,Kaithal,Kalayat APMC,Cereals,Wheat,Other,FAQ,"2,585.00","2,585.00","2,585.00",Rs./Quintal,"2,584.00",Metric Tonnes,22-04-2026
Haryana,Kaithal,Kalayat APMC,Cereals,Wheat,Other,FAQ,"2,585.00","2,585.00","2,585.00",Rs./Quintal,"8,508.00",Metric Tonnes,21-04-2026
Haryana,Kaithal,Kalayat APMC,Cereals,Wheat,Other,FAQ,"2,585.00","2,585.00","2,585.00",Rs./Quintal,"7,450.30",Metric Tonnes,20-04-2026
Haryana,Kaithal,Kalayat APMC,Cereals,Wheat,Other,FAQ,"2,585.00","2,585.00","2,585.00",Rs./Quintal,748.50,Metric Tonnes,17-04-2026
Haryana,Kaithal,Kalayat APMC,Cereals,Wheat,Other,FAQ,"2,585.00","2,585.00","2,585.00",Rs./Quintal,"5,000.00",Metric Tonnes,16-04-2026
Haryana,Kaithal,Kalayat APMC,Cereals,Wheat,Other,FAQ,"2,585.00","2,585.00","2,585.00",Rs./Quintal,"8,500.00",Metric Tonnes,15-04-2026
Haryana,Kaithal,Kalayat APMC,Cereals,Wheat,Other,FAQ,"2,585.00","2,585.00","2,585.00",Rs./Quintal,"7,925.00",Metric Tonnes,09-04-2026
Haryana,Kaithal,Kalayat APMC,Cereals,Wheat,Other,FAQ,"2,585.00","2,585.00","2,585.00",Rs./Quintal,"2,158.70",Metric Tonnes,08-04-2026
Haryana,Kaithal,Pai APMC,Cereals,Wheat,Other,FAQ,"2,585.00","2,585.00","2,585.00",Rs./Quintal,"1,448.50",Metric Tonnes,25-04-2026
Haryana,Kaithal,Pai APMC,Cereals,Wheat,Other,FAQ,"2,585.00","2,585.00","2,585.00",Rs./Quintal,674.00,Metric Tonnes,23-04-2026
Haryana,Kaithal,Pai APMC,Cereals,Wheat,Other,FAQ,"2,585.00","2,585.00","2,585.00",Rs./Quintal,"3,431.50",Metric Tonnes,22-04-2026
Haryana,Kaithal,Pai APMC,Cereals,Wheat,Other,FAQ,"2,585.00","2,585.00","2,585.00",Rs./Quintal,401.20,Metric Tonnes,21-04-2026
Haryana,Kaithal,Pai APMC,Cereals,Wheat,Other,FAQ,"2,585.00","2,585.00","2,585.00",Rs./Quintal,"2,882.90",Metric Tonnes,20-04-2026
Haryana,Kaithal,Pai APMC,Cereals,Wheat,Other,FAQ,"2,585.00","2,585.00","2,585.00",Rs./Quintal,"4,715.20",Metric Tonnes,17-04-2026
Haryana,Kaithal,Pai APMC,Cereals,Wheat,Other,FAQ,"2,585.00","2,585.00","2,585.00",Rs./Quintal,"1,554.00",Metric Tonnes,16-04-2026
Haryana,Kaithal,Pai APMC,Cereals,Wheat,Other,FAQ,"2,585.00","2,585.00","2,585.00",Rs./Quintal,"4,875.00",Metric Tonnes,15-04-2026
Haryana,Kaithal,Pai APMC,Cereals,Wheat,Other,FAQ,"2,585.00","2,585.00","2,585.00",Rs./Quintal,"5,387.60",Metric Tonnes,14-04-2026
Haryana,Kaithal,Pai APMC,Cereals,Wheat,Other,FAQ,"2,585.00","2,585.00","2,585.00",Rs./Quintal,"1,731.10",Metric Tonnes,13-04-2026
Haryana,Kaithal,Pai APMC,Cereals,Wheat,Other,FAQ,"2,585.00","2,585.00","2,585.00",Rs./Quintal,"2,369.00",Metric Tonnes,11-04-2026
Haryana,Kaithal,Pai(Rajaund) APMC,Cereals,Wheat,Other,FAQ,"2,585.00","2,585.00","2,585.00",Rs./Quintal,280.00,Metric Tonnes,24-04-2026
Haryana,Kaithal,Pai(Rajaund) APMC,Cereals,Wheat,Other,FAQ,"2,585.00","2,585.00","2,585.00",Rs./Quintal,105.00,Metric Tonnes,23-04-2026
Haryana,Kaithal,Pai(Rajaund) APMC,Cereals,Wheat,Other,FAQ,"2,585.00","2,585.00","2,585.00",Rs./Quintal,"4,282.00",Metric Tonnes,22-04-2026
Haryana,Kaithal,Pai(Rajaund) APMC,Cereals,Wheat,Other,FAQ,"2,585.00","2,585.00","2,585.00",Rs./Quintal,128.00,Metric Tonnes,21-04-2026
Haryana,Kaithal,Pai(Rajaund) APMC,Cereals,Wheat,Other,FAQ,"2,585.00","2,585.00","2,585.00",Rs./Quintal,"3,541.00",Metric Tonnes,20-04-2026
Haryana,Kaithal,Pai(Rajaund) APMC,Cereals,Wheat,Other,FAQ,"2,585.00","2,585.00","2,585.00",Rs./Quintal,"2,864.00",Metric Tonnes,19-04-2026
Haryana,Kaithal,Pai(Rajaund) APMC,Cereals,Wheat,Other,FAQ,"2,585.00","2,585.00","2,585.00",Rs./Quintal,"5,806.00",Metric Tonnes,18-04-2026
Haryana,Kaithal,Pai(Rajaund) APMC,Cereals,Wheat,Other,FAQ,"2,585.00","2,585.00","2,585.00",Rs./Quintal,"4,056.00",Metric Tonnes,17-04-2026
Haryana,Kaithal,Pai(Rajaund) APMC,Cereals,Wheat,Other,FAQ,"2,585.00","2,585.00","2,585.00",Rs./Quintal,"1,852.00",Metric Tonnes,16-04-2026
Haryana,Kaithal,Pai(Rajaund) APMC,Cereals,Wheat,Other,FAQ,"2,585.00","2,585.00","2,585.00",Rs./Quintal,"5,286.00",Metric Tonnes,15-04-2026
Haryana,Kaithal,Pai(Rajaund) APMC,Cereals,Wheat,Other,FAQ,"2,585.00","2,585.00","2,585.00",Rs./Quintal,"7,106.00",Metric Tonnes,14-04-2026
Haryana,Kaithal,Pai(Rajaund) APMC,Cereals,Wheat,Other,FAQ,"2,585.00","2,585.00","2,585.00",Rs./Quintal,"5,050.00",Metric Tonnes,13-04-2026
Haryana,Kaithal,Pai(Rajaund) APMC,Cereals,Wheat,Other,FAQ,"2,585.00","2,585.00","2,585.00",Rs./Quintal,"4,040.00",Metric Tonnes,12-04-2026
Haryana,Kaithal,Pai(Rajaund) APMC,Cereals,Wheat,Other,FAQ,"2,585.00","2,585.00","2,585.00",Rs./Quintal,"3,528.00",Metric Tonnes,11-04-2026
Haryana,Kaithal,Pai(Rajaund) APMC,Cereals,Wheat,Other,FAQ,"2,585.00","2,585.00","2,585.00",Rs./Quintal,"3,080.00",Metric Tonnes,10-04-2026
Haryana,Kaithal,Pai(Rajaund) APMC,Cereals,Wheat,Other,FAQ,"2,585.00","2,585.00","2,585.00",Rs./Quintal,"3,005.00",Metric Tonnes,09-04-2026
Haryana,Kaithal,Pai(Rajaund) APMC,Cereals,Wheat,Other,FAQ,"2,585.00","2,585.00","2,585.00",Rs./Quintal,329.00,Metric Tonnes,08-04-2026
Haryana,Kaithal,Pai(Rajaund) APMC,Cereals,Wheat,Other,FAQ,"2,585.00","2,585.00","2,585.00",Rs./Quintal,"2,236.00",Metric Tonnes,06-04-2026
Haryana,Kaithal,Siwan APMC,Cereals,Wheat,Kanak,FAQ,"2,585.00","2,585.00","2,585.00",Rs./Quintal,25.00,Metric Tonnes,25-04-2026
Haryana,Kaithal,Siwan APMC,Cereals,Wheat,Kanak,FAQ,"2,585.00","2,585.00","2,585.00",Rs./Quintal,115.30,Metric Tonnes,24-04-2026
Haryana,Kaithal,Siwan APMC,Cereals,Wheat,Kanak,FAQ,"2,585.00","2,585.00","2,585.00",Rs./Quintal,115.80,Metric Tonnes,23-04-2026
Haryana,Kaithal,Siwan APMC,Cereals,Wheat,Kanak,FAQ,"2,585.00","2,585.00","2,585.00",Rs./Quintal,792.60,Metric Tonnes,22-04-2026
Haryana,Kaithal,Siwan APMC,Cereals,Wheat,Kanak,FAQ,"2,585.00","2,585.00","2,585.00",Rs./Quintal,272.96,Metric Tonnes,20-04-2026
Haryana,Kaithal,Siwan APMC,Cereals,Wheat,Kanak,FAQ,"2,585.00","2,585.00","2,585.00",Rs./Quintal,724.04,Metric Tonnes,18-04-2026
Haryana,Kaithal,Siwan APMC,Cereals,Wheat,Kanak,FAQ,"2,585.00","2,585.00","2,585.00",Rs./Quintal,"1,935.30",Metric Tonnes,17-04-2026
Haryana,Kaithal,Siwan APMC,Cereals,Wheat,Kanak,FAQ,"2,585.00","2,585.00","2,585.00",Rs./Quintal,"2,880.80",Metric Tonnes,16-04-2026
Haryana,Kaithal,Siwan APMC,Cereals,Wheat,Kanak,FAQ,"2,585.00","2,585.00","2,585.00",Rs./Quintal,"4,421.30",Metric Tonnes,15-04-2026
Haryana,Kaithal,Siwan APMC,Cereals,Wheat,Kanak,FAQ,"2,585.00","2,585.00","2,585.00",Rs./Quintal,"4,070.20",Metric Tonnes,14-04-2026
Haryana,Kaithal,Siwan APMC,Cereals,Wheat,Kanak,FAQ,"2,585.00","2,585.00","2,585.00",Rs./Quintal,"2,955.90",Metric Tonnes,11-04-2026
Haryana,Kaithal,Siwan APMC,Cereals,Wheat,Kanak,FAQ,"2,585.00","2,585.00","2,585.00",Rs./Quintal,"2,593.70",Metric Tonnes,10-04-2026
Haryana,Kaithal,Siwan APMC,Cereals,Wheat,Kanak,FAQ,"2,585.00","2,585.00","2,585.00",Rs./Quintal,439.40,Metric Tonnes,09-04-2026
Haryana,Kaithal,Siwan APMC,Cereals,Wheat,Kanak,FAQ,"2,585.00","2,585.00","2,585.00",Rs./Quintal,306.50,Metric Tonnes,08-04-2026
Haryana,Karnal,Asandh APMC,Cereals,Wheat,Other,Local,"2,585.00","2,585.00","2,585.00",Rs./Quintal,"2,324.60",Metric Tonnes,25-04-2026
Haryana,Karnal,Asandh APMC,Cereals,Wheat,Other,Local,"2,585.00","2,585.00","2,585.00",Rs./Quintal,"3,574.40",Metric Tonnes,24-04-2026
Haryana,Karnal,Asandh APMC,Cereals,Wheat,Other,Local,"2,585.00","2,585.00","2,585.00",Rs./Quintal,"11,094.70",Metric Tonnes,23-04-2026
Haryana,Karnal,Asandh APMC,Cereals,Wheat,Other,Local,"2,585.00","2,585.00","2,585.00",Rs./Quintal,"6,098.10",Metric Tonnes,22-04-2026
Haryana,Karnal,Asandh APMC,Cereals,Wheat,Other,Local,"2,585.00","2,585.00","2,585.00",Rs./Quintal,"8,631.70",Metric Tonnes,21-04-2026
Haryana,Karnal,Asandh APMC,Cereals,Wheat,Other,Local,"2,585.00","2,585.00","2,585.00",Rs./Quintal,"6,195.80",Metric Tonnes,20-04-2026
Haryana,Karnal,Asandh APMC,Cereals,Wheat,Other,Local,"2,585.00","2,585.00","2,585.00",Rs./Quintal,"4,948.80",Metric Tonnes,19-04-2026
Haryana,Karnal,Asandh APMC,Cereals,Wheat,Other,Local,"2,585.00","2,585.00","2,585.00",Rs./Quintal,"9,473.90",Metric Tonnes,18-04-2026
Haryana,Karnal,Asandh APMC,Cereals,Wheat,Other,Local,"2,585.00","2,585.00","2,585.00",Rs./Quintal,"16,980.80",Metric Tonnes,17-04-2026
Haryana,Karnal,Asandh APMC,Cereals,Wheat,Other,Local,"2,585.00","2,585.00","2,585.00",Rs./Quintal,"18,620.60",Metric Tonnes,16-04-2026
Haryana,Karnal,Asandh APMC,Cereals,Wheat,Other,Local,"2,585.00","2,585.00","2,585.00",Rs./Quintal,"18,340.60",Metric Tonnes,15-04-2026
Haryana,Karnal,Asandh APMC,Cereals,Wheat,Other,Local,"2,585.00","2,585.00","2,585.00",Rs./Quintal,"16,897.10",Metric Tonnes,14-04-2026
Haryana,Karnal,Asandh APMC,Cereals,Wheat,Other,Local,"2,585.00","2,585.00","2,585.00",Rs./Quintal,"1,596.00",Metric Tonnes,13-04-2026
Haryana,Karnal,Asandh APMC,Cereals,Wheat,Other,Local,"2,585.00","2,585.00","2,585.00",Rs./Quintal,"6,254.20",Metric Tonnes,12-04-2026
Haryana,Karnal,Asandh APMC,Cereals,Wheat,Other,Local,"2,585.00","2,585.00","2,585.00",Rs./Quintal,"2,375.60",Metric Tonnes,10-04-2026
Haryana,Karnal,Asandh APMC,Cereals,Wheat,Other,Local,"2,585.00","2,585.00","2,585.00",Rs./Quintal,475.50,Metric Tonnes,06-04-2026
Haryana,Karnal,Gharaunda APMC,Cereals,Wheat,Wheat,Local,"2,585.00","2,585.00","2,585.00",Rs./Quintal,690.90,Metric Tonnes,24-04-2026
Haryana,Karnal,Gharaunda APMC,Cereals,Wheat,Wheat,Local,"2,585.00","2,585.00","2,585.00",Rs./Quintal,736.20,Metric Tonnes,23-04-2026
Haryana,Karnal,Gharaunda APMC,Cereals,Wheat,Wheat,Local,"2,585.00","2,590.00","2,585.00",Rs./Quintal,"1,883.70",Metric Tonnes,22-04-2026
Haryana,Karnal,Gharaunda APMC,Cereals,Wheat,Wheat,Local,"2,585.00","2,585.00","2,585.00",Rs./Quintal,"2,388.10",Metric Tonnes,21-04-2026
Haryana,Karnal,Gharaunda APMC,Cereals,Wheat,Wheat,Local,"2,585.00","2,585.00","2,585.00",Rs./Quintal,"7,367.00",Metric Tonnes,20-04-2026
Haryana,Karnal,Gharaunda APMC,Cereals,Wheat,Wheat,Local,"2,590.00","2,590.00","2,590.00",Rs./Quintal,23.50,Metric Tonnes,19-04-2026
Haryana,Karnal,Gharaunda APMC,Cereals,Wheat,Wheat,Local,"2,585.00","2,585.00","2,585.00",Rs./Quintal,"4,852.00",Metric Tonnes,18-04-2026
Haryana,Karnal,Gharaunda APMC,Cereals,Wheat,Wheat,Local,"2,585.00","2,585.00","2,585.00",Rs./Quintal,"5,214.40",Metric Tonnes,17-04-2026
Haryana,Karnal,Gharaunda APMC,Cereals,Wheat,Wheat,Local,"2,585.00","2,590.00","2,585.00",Rs./Quintal,"5,787.30",Metric Tonnes,16-04-2026
Haryana,Karnal,Gharaunda APMC,Cereals,Wheat,Wheat,Local,"2,585.00","2,585.00","2,585.00",Rs./Quintal,"10,472.40",Metric Tonnes,15-04-2026
Haryana,Karnal,Gharaunda APMC,Cereals,Wheat,Wheat,Local,"2,585.00","2,585.00","2,585.00",Rs./Quintal,"15,379.90",Metric Tonnes,14-04-2026
Haryana,Karnal,Gharaunda APMC,Cereals,Wheat,Wheat,Local,"2,585.00","2,585.00","2,585.00",Rs./Quintal,"15,251.40",Metric Tonnes,13-04-2026
Haryana,Karnal,Gharaunda APMC,Cereals,Wheat,Wheat,Local,"2,585.00","2,585.00","2,585.00",Rs./Quintal,501.50,Metric Tonnes,12-04-2026
Haryana,Karnal,Gharaunda APMC,Cereals,Wheat,Wheat,Local,"2,585.00","2,585.00","2,585.00",Rs./Quintal,"8,086.90",Metric Tonnes,11-04-2026
Haryana,Karnal,Gharaunda APMC,Cereals,Wheat,Wheat,Local,"2,585.00","2,585.00","2,585.00",Rs./Quintal,"8,500.60",Metric Tonnes,10-04-2026
Haryana,Karnal,Gharaunda APMC,Cereals,Wheat,Wheat,Local,"2,585.00","2,585.00","2,585.00",Rs./Quintal,"1,250.10",Metric Tonnes,08-04-2026
Haryana,Karnal,Gharaunda APMC,Cereals,Wheat,Wheat,Local,"2,585.00","2,585.00","2,585.00",Rs./Quintal,936.70,Metric Tonnes,07-04-2026
Haryana,Karnal,Gharaunda APMC,Cereals,Wheat,Wheat,Local,"2,585.00","2,585.00","2,585.00",Rs./Quintal,247.30,Metric Tonnes,06-04-2026
Haryana,Karnal,Gharaunda APMC,Cereals,Wheat,Wheat,Local,"2,585.00","2,585.00","2,585.00",Rs./Quintal,159.80,Metric Tonnes,05-04-2026
Haryana,Karnal,Indri APMC,Cereals,Wheat,Wheat,FAQ,"2,585.00","2,585.00","2,585.00",Rs./Quintal,"1,621.00",Metric Tonnes,23-04-2026
Haryana,Karnal,Indri APMC,Cereals,Wheat,Wheat,FAQ,"2,585.00","2,585.00","2,585.00",Rs./Quintal,"69,068.00",Metric Tonnes,18-04-2026
Haryana,Karnal,Indri APMC,Cereals,Wheat,Wheat,FAQ,"2,585.00","2,585.00","2,585.00",Rs./Quintal,"6,595.20",Metric Tonnes,17-04-2026
Haryana,Karnal,Indri APMC,Cereals,Wheat,Wheat,FAQ,"2,585.00","2,585.00","2,585.00",Rs./Quintal,"10,639.50",Metric Tonnes,16-04-2026
Haryana,Karnal,Indri APMC,Cereals,Wheat,Wheat,FAQ,"2,585.00","2,585.00","2,585.00",Rs./Quintal,"6,327.10",Metric Tonnes,15-04-2026
Haryana,Karnal,Indri APMC,Cereals,Wheat,Wheat,FAQ,"2,585.00","2,585.00","2,585.00",Rs./Quintal,"7,140.10",Metric Tonnes,14-04-2026
Haryana,Karnal,Indri APMC,Cereals,Wheat,Wheat,FAQ,"2,585.00","2,585.00","2,585.00",Rs./Quintal,"1,786.80",Metric Tonnes,10-04-2026
Haryana,Karnal,Jundla APMC,Cereals,Wheat,Other,FAQ,"2,585.00","2,585.00","2,585.00",Rs./Quintal,"1,569.50",Metric Tonnes,23-04-2026
Haryana,Karnal,Jundla APMC,Cereals,Wheat,Other,FAQ,"2,585.00","2,585.00","2,585.00",Rs./Quintal,258.50,Metric Tonnes,20-04-2026
Haryana,Karnal,Jundla APMC,Cereals,Wheat,Other,FAQ,"2,585.00","2,585.00","2,585.00",Rs./Quintal,"4,749.00",Metric Tonnes,18-04-2026
Haryana,Karnal,Jundla APMC,Cereals,Wheat,Other,FAQ,"2,585.00","2,585.00","2,585.00",Rs./Quintal,"2,052.60",Metric Tonnes,16-04-2026
Haryana,Karnal,Jundla APMC,Cereals,Wheat,Other,FAQ,"2,585.00","2,585.00","2,585.00",Rs./Quintal,"5,804.00",Metric Tonnes,13-04-2026
Haryana,Karnal,Jundla APMC,Cereals,Wheat,PBW-343,FAQ,"2,585.00","2,585.00","2,585.00",Rs./Quintal,54.00,Metric Tonnes,09-04-2026
Haryana,Karnal,Jundla APMC,Cereals,Wheat,Other,FAQ,"2,585.00","2,585.00","2,585.00",Rs./Quintal,36.10,Metric Tonnes,07-04-2026
Haryana,Karnal,Kunjpura APMC,Cereals,Wheat,Other,FAQ,"2,585.00","2,585.00","2,585.00",Rs./Quintal,506.40,Metric Tonnes,24-04-2026
Haryana,Karnal,Kunjpura APMC,Cereals,Wheat,Other,FAQ,"2,585.00","2,585.00","2,585.00",Rs./Quintal,835.90,Metric Tonnes,23-04-2026
Haryana,Karnal,Kunjpura APMC,Cereals,Wheat,Other,FAQ,"2,585.00","2,585.00","2,585.00",Rs./Quintal,639.10,Metric Tonnes,22-04-2026
Haryana,Karnal,Kunjpura APMC,Cereals,Wheat,Other,FAQ,"2,585.00","2,585.00","2,585.00",Rs./Quintal,"1,292.10",Metric Tonnes,21-04-2026
Haryana,Karnal,Kunjpura APMC,Cereals,Wheat,Other,FAQ,"2,585.00","2,585.00","2,585.00",Rs./Quintal,"2,637.50",Metric Tonnes,20-04-2026
Haryana,Karnal,Kunjpura APMC,Cereals,Wheat,Other,FAQ,"2,585.00","2,585.00","2,585.00",Rs./Quintal,"1,424.70",Metric Tonnes,19-04-2026
Haryana,Karnal,Kunjpura APMC,Cereals,Wheat,Other,FAQ,"2,585.00","2,585.00","2,585.00",Rs./Quintal,"1,284.20",Metric Tonnes,18-04-2026
Haryana,Karnal,Kunjpura APMC,Cereals,Wheat,Other,FAQ,"2,585.00","2,585.00","2,585.00",Rs./Quintal,"2,403.50",Metric Tonnes,17-04-2026
Haryana,Karnal,Kunjpura APMC,Cereals,Wheat,Other,FAQ,"2,585.00","2,585.00","2,585.00",Rs./Quintal,"3,720.30",Metric Tonnes,16-04-2026
Haryana,Karnal,Kunjpura APMC,Cereals,Wheat,Other,FAQ,"2,585.00","2,585.00","2,585.00",Rs./Quintal,"2,157.80",Metric Tonnes,15-04-2026
Haryana,Karnal,Kunjpura APMC,Cereals,Wheat,Other,FAQ,"2,585.00","2,585.00","2,585.00",Rs./Quintal,"3,616.20",Metric Tonnes,14-04-2026
Haryana,Karnal,Kunjpura APMC,Cereals,Wheat,Other,FAQ,"2,585.00","2,585.00","2,585.00",Rs./Quintal,"3,246.10",Metric Tonnes,13-04-2026
Haryana,Karnal,Kunjpura APMC,Cereals,Wheat,Other,FAQ,"2,585.00","2,585.00","2,585.00",Rs./Quintal,"1,738.00",Metric Tonnes,11-04-2026
Haryana,Karnal,Kunjpura APMC,Cereals,Wheat,Other,FAQ,"2,585.00","2,585.00","2,585.00",Rs./Quintal,761.00,Metric Tonnes,10-04-2026
Haryana,Karnal,Kunjpura APMC,Cereals,Wheat,Other,FAQ,"2,585.00","2,585.00","2,585.00",Rs./Quintal,109.80,Metric Tonnes,09-04-2026
Haryana,Karnal,Kunjpura APMC,Cereals,Wheat,Other,FAQ,"2,585.00","2,585.00","2,585.00",Rs./Quintal,247.90,Metric Tonnes,08-04-2026
Haryana,Karnal,Kunjpura APMC,Cereals,Wheat,Other,FAQ,"2,585.00","2,585.00","2,585.00",Rs./Quintal,239.50,Metric Tonnes,07-04-2026
Haryana,Karnal,Kunjpura APMC,Cereals,Wheat,Other,FAQ,"2,585.00","2,585.00","2,585.00",Rs./Quintal,51.50,Metric Tonnes,06-04-2026
Haryana,Karnal,Nigdu APMC,Cereals,Wheat,2329,Local,"2,585.00","2,585.00","2,585.00",Rs./Quintal,208.20,Metric Tonnes,24-04-2026
Haryana,Karnal,Nigdu APMC,Cereals,Wheat,2329,Local,"2,585.00","2,585.00","2,585.00",Rs./Quintal,59.00,Metric Tonnes,22-04-2026
Haryana,Karnal,Nigdu APMC,Cereals,Wheat,2329,Local,"2,585.00","2,585.00","2,585.00",Rs./Quintal,"6,120.50",Metric Tonnes,21-04-2026
Haryana,Karnal,Nigdu APMC,Cereals,Wheat,2329,Local,"2,585.00","2,586.00","2,585.00",Rs./Quintal,"2,552.20",Metric Tonnes,20-04-2026
Haryana,Karnal,Nigdu APMC,Cereals,Wheat,2329,Local,"2,585.00","2,586.00","2,585.00",Rs./Quintal,828.20,Metric Tonnes,19-04-2026
Haryana,Karnal,Nigdu APMC,Cereals,Wheat,2329,Local,"2,585.00","2,585.00","2,585.00",Rs./Quintal,"5,180.70",Metric Tonnes,18-04-2026
Haryana,Karnal,Nigdu APMC,Cereals,Wheat,2329,Local,"2,585.00","2,585.00","2,585.00",Rs./Quintal,"6,893.40",Metric Tonnes,17-04-2026
Haryana,Karnal,Nigdu APMC,Cereals,Wheat,2329,Local,"2,585.00","2,585.00","2,585.00",Rs./Quintal,"10,463.30",Metric Tonnes,16-04-2026
Haryana,Karnal,Nigdu APMC,Cereals,Wheat,2329,Local,"2,585.00","2,585.00","2,585.00",Rs./Quintal,"10,986.00",Metric Tonnes,15-04-2026
Haryana,Karnal,Nigdu APMC,Cereals,Wheat,2329,Local,"2,585.00","2,585.00","2,585.00",Rs./Quintal,"8,400.00",Metric Tonnes,14-04-2026
Haryana,Karnal,Nigdu APMC,Cereals,Wheat,2329,Local,"2,585.00","2,585.00","2,585.00",Rs./Quintal,"6,479.50",Metric Tonnes,13-04-2026
Haryana,Karnal,Nigdu APMC,Cereals,Wheat,2329,Local,"2,585.00","2,585.00","2,585.00",Rs./Quintal,"5,577.80",Metric Tonnes,11-04-2026
Haryana,Karnal,Nigdu APMC,Cereals,Wheat,2329,Local,"2,585.00","2,585.00","2,585.00",Rs./Quintal,"3,921.90",Metric Tonnes,10-04-2026
Haryana,Karnal,Nigdu APMC,Cereals,Wheat,2329,Local,"2,585.00","2,585.00","2,585.00",Rs./Quintal,140.00,Metric Tonnes,09-04-2026
Haryana,Karnal,Tarori APMC,Cereals,Wheat,Other,Grade Range-1,"2,585.00","2,585.00","2,585.00",Rs./Quintal,"8,651.20",Metric Tonnes,12-04-2026
Haryana,Karnal,Tarori APMC,Cereals,Wheat,Other,Grade Range-1,"2,585.00","2,585.00","2,585.00",Rs./Quintal,"3,382.10",Metric Tonnes,10-04-2026
Haryana,Karnal,Tarori APMC,Cereals,Wheat,Other,Grade Range-1,"2,585.00","2,585.00","2,585.00",Rs./Quintal,632.00,Metric Tonnes,09-04-2026
Haryana,Karnal,Tarori APMC,Cereals,Wheat,Other,Grade Range-1,"2,585.00","2,585.00","2,585.00",Rs./Quintal,"1,628.10",Metric Tonnes,08-04-2026
Haryana,Karnal,Tarori APMC,Cereals,Wheat,Other,Grade Range-1,"2,585.00","2,585.00","2,585.00",Rs./Quintal,"1,860.30",Metric Tonnes,07-04-2026
Haryana,Karnal,Tarori APMC,Cereals,Wheat,Other,Grade Range-1,"2,585.00","2,585.00","2,585.00",Rs./Quintal,385.90,Metric Tonnes,06-04-2026
Haryana,Kurukshetra,Babain APMC,Cereals,Wheat,Local,Local,"2,585.00","2,585.00","2,585.00",Rs./Quintal,604.90,Metric Tonnes,25-04-2026
Haryana,Kurukshetra,Babain APMC,Cereals,Wheat,Local,Local,"2,585.00","2,585.00","2,585.00",Rs./Quintal,263.10,Metric Tonnes,24-04-2026
Haryana,Kurukshetra,Babain APMC,Cereals,Wheat,Other,Local,"2,585.00","2,585.00","2,585.00",Rs./Quintal,"1,232.80",Metric Tonnes,23-04-2026
Haryana,Kurukshetra,Babain APMC,Cereals,Wheat,Local,Local,"2,585.00","2,585.00","2,585.00",Rs./Quintal,965.90,Metric Tonnes,22-04-2026
Haryana,Kurukshetra,Babain APMC,Cereals,Wheat,Local,Local,"2,585.00","2,585.00","2,585.00",Rs./Quintal,"3,361.80",Metric Tonnes,21-04-2026
Haryana,Kurukshetra,Babain APMC,Cereals,Wheat,Local,Local,"2,585.00","2,585.00","2,585.00",Rs./Quintal,"1,611.90",Metric Tonnes,19-04-2026
Haryana,Kurukshetra,Babain APMC,Cereals,Wheat,Local,Local,"2,585.00","2,585.00","2,585.00",Rs./Quintal,"2,507.70",Metric Tonnes,18-04-2026
Haryana,Kurukshetra,Babain APMC,Cereals,Wheat,Local,Local,"2,585.00","2,585.00","2,585.00",Rs./Quintal,"3,119.00",Metric Tonnes,17-04-2026
Haryana,Kurukshetra,Babain APMC,Cereals,Wheat,Local,Local,"2,585.00","2,585.00","2,585.00",Rs./Quintal,"2,732.80",Metric Tonnes,16-04-2026
Haryana,Kurukshetra,Babain APMC,Cereals,Wheat,Local,Local,"2,585.00","2,585.00","2,585.00",Rs./Quintal,"1,860.80",Metric Tonnes,15-04-2026
Haryana,Kurukshetra,Babain APMC,Cereals,Wheat,Local,Local,"2,585.00","2,585.00","2,585.00",Rs./Quintal,"3,725.50",Metric Tonnes,14-04-2026
Haryana,Kurukshetra,Babain APMC,Cereals,Wheat,Local,Local,"2,585.00","2,585.00","2,585.00",Rs./Quintal,"1,359.10",Metric Tonnes,12-04-2026
Haryana,Kurukshetra,Babain APMC,Cereals,Wheat,Local,Local,"2,585.00","2,585.00","2,585.00",Rs./Quintal,"1,849.00",Metric Tonnes,10-04-2026
Haryana,Kurukshetra,Babain APMC,Cereals,Wheat,Local,Local,"2,585.00","2,585.00","2,585.00",Rs./Quintal,358.50,Metric Tonnes,07-04-2026
Haryana,Kurukshetra,Babain APMC,Cereals,Wheat,Other,Local,"2,585.00","2,585.00","2,585.00",Rs./Quintal,114.30,Metric Tonnes,05-04-2026
Haryana,Kurukshetra,Babain APMC,Cereals,Wheat,Local,Local,"2,585.00","2,585.00","2,585.00",Rs./Quintal,55.00,Metric Tonnes,04-04-2026
Haryana,Kurukshetra,Iamailabad APMC,Cereals,Wheat,Kanak,Grade Range-2,"2,585.00","2,585.00","2,585.00",Rs./Quintal,"2,458.00",Metric Tonnes,23-04-2026
Haryana,Kurukshetra,Iamailabad APMC,Cereals,Wheat,Kanak,Grade Range-2,"2,585.00","2,585.00","2,585.00",Rs./Quintal,"2,560.00",Metric Tonnes,22-04-2026
Haryana,Kurukshetra,Iamailabad APMC,Cereals,Wheat,Kanak,Grade Range-1,"2,585.00","2,585.00","2,585.00",Rs./Quintal,"15,050.00",Metric Tonnes,16-04-2026
Haryana,Kurukshetra,Iamailabad APMC,Cereals,Wheat,Kanak,Grade Range-1,"2,585.00","2,585.00","2,585.00",Rs./Quintal,"17,580.00",Metric Tonnes,15-04-2026
Haryana,Kurukshetra,Iamailabad APMC,Cereals,Wheat,Kanak,Grade Range-1,"2,585.00","2,585.00","2,585.00",Rs./Quintal,"2,450.00",Metric Tonnes,12-04-2026
Haryana,Kurukshetra,Iamailabad APMC,Cereals,Wheat,Kanak,Grade Range-1,"2,585.00","2,585.00","2,585.00",Rs./Quintal,"2,530.00",Metric Tonnes,11-04-2026
Haryana,Kurukshetra,Iamailabad APMC,Cereals,Wheat,Kanak,Grade Range-2,"2,585.00","2,585.00","2,585.00",Rs./Quintal,"3,650.00",Metric Tonnes,10-04-2026
Haryana,Kurukshetra,Iamailabad APMC,Cereals,Wheat,Kanak,Grade Range-1,"2,585.00","2,585.00","2,585.00",Rs./Quintal,"3,112.00",Metric Tonnes,09-04-2026
Haryana,Kurukshetra,Iamailabad APMC,Cereals,Wheat,Kanak,Grade Range-2,"2,585.00","2,585.00","2,585.00",Rs./Quintal,"1,540.00",Metric Tonnes,09-04-2026
Haryana,Kurukshetra,Iamailabad APMC,Cereals,Wheat,Kanak,Grade Range-2,"2,585.00","2,585.00","2,585.00",Rs./Quintal,"1,450.00",Metric Tonnes,08-04-2026
Haryana,Kurukshetra,Ladwa APMC,Cereals,Wheat,Local,FAQ,"2,585.00","2,585.00","2,585.00",Rs./Quintal,"4,700.00",Metric Tonnes,22-04-2026
Haryana,Kurukshetra,Ladwa APMC,Cereals,Wheat,Local,FAQ,"2,585.00","2,585.00","2,585.00",Rs./Quintal,"3,490.00",Metric Tonnes,20-04-2026
Haryana,Kurukshetra,Ladwa APMC,Cereals,Wheat,Local,FAQ,"2,585.00","2,585.00","2,585.00",Rs./Quintal,"5,850.00",Metric Tonnes,19-04-2026
Haryana,Kurukshetra,Ladwa APMC,Cereals,Wheat,Local,FAQ,"2,585.00","2,585.00","2,585.00",Rs./Quintal,"6,452.70",Metric Tonnes,17-04-2026
Haryana,Kurukshetra,Ladwa APMC,Cereals,Wheat,Local,FAQ,"2,585.00","2,585.00","2,585.00",Rs./Quintal,"6,780.00",Metric Tonnes,16-04-2026
Haryana,Kurukshetra,Ladwa APMC,Cereals,Wheat,Local,FAQ,"2,585.00","2,585.00","2,585.00",Rs./Quintal,"6,450.00",Metric Tonnes,15-04-2026
Haryana,Kurukshetra,Ladwa APMC,Cereals,Wheat,Local,FAQ,"2,585.00","2,585.00","2,585.00",Rs./Quintal,"8,500.00",Metric Tonnes,14-04-2026
Haryana,Kurukshetra,Ladwa APMC,Cereals,Wheat,Local,Local,"2,585.00","2,585.00","2,585.00",Rs./Quintal,"5,525.00",Metric Tonnes,13-04-2026
Haryana,Kurukshetra,Ladwa APMC,Cereals,Wheat,Local,FAQ,"2,585.00","2,585.00","2,585.00",Rs./Quintal,"4,735.00",Metric Tonnes,12-04-2026
Haryana,Kurukshetra,Ladwa APMC,Cereals,Wheat,Local,FAQ,"2,585.00","2,585.00","2,585.00",Rs./Quintal,"1,328.00",Metric Tonnes,10-04-2026
Haryana,Kurukshetra,Ladwa APMC,Cereals,Wheat,Local,FAQ,"2,585.00","2,585.00","2,585.00",Rs./Quintal,"2,009.80",Metric Tonnes,09-04-2026
Haryana,Kurukshetra,Ladwa APMC,Cereals,Wheat,Local,FAQ,"2,585.00","2,585.00","2,585.00",Rs./Quintal,825.00,Metric Tonnes,08-04-2026
Haryana,Kurukshetra,Ladwa APMC,Cereals,Wheat,Local,FAQ,"2,585.00","2,585.00","2,585.00",Rs./Quintal,"1,287.80",Metric Tonnes,07-04-2026
Haryana,Kurukshetra,Ladwa APMC,Cereals,Wheat,Local,Local,"2,585.00","2,585.00","2,585.00",Rs./Quintal,124.20,Metric Tonnes,03-04-2026
Haryana,Kurukshetra,Pehowa APMC,Cereals,Wheat,Other,Local,"2,585.00","2,585.00","2,585.00",Rs./Quintal,583.00,Metric Tonnes,22-04-2026
Haryana,Kurukshetra,Pehowa APMC,Cereals,Wheat,Other,Local,"2,585.00","2,585.00","2,585.00",Rs./Quintal,"7,149.80",Metric Tonnes,20-04-2026
Haryana,Kurukshetra,Pehowa APMC,Cereals,Wheat,Other,Local,"2,585.00","2,585.00","2,585.00",Rs./Quintal,156.50,Metric Tonnes,19-04-2026
Haryana,Kurukshetra,Pehowa APMC,Cereals,Wheat,Other,Local,"2,585.00","2,585.00","2,585.00",Rs./Quintal,"3,117.00",Metric Tonnes,18-04-2026
Haryana,Kurukshetra,Pehowa(Gumthala Gahru) APMC,Cereals,Wheat,Other,Local,"2,585.00","2,585.00","2,585.00",Rs./Quintal,225.70,Metric Tonnes,25-04-2026
Haryana,Kurukshetra,Pehowa(Gumthala Gahru) APMC,Cereals,Wheat,Other,Local,"2,585.00","2,585.00","2,585.00",Rs./Quintal,1.50,Metric Tonnes,24-04-2026
Haryana,Kurukshetra,Pehowa(Gumthala Gahru) APMC,Cereals,Wheat,Other,Local,"2,585.00","2,585.00","2,585.00",Rs./Quintal,175.00,Metric Tonnes,23-04-2026
Haryana,Kurukshetra,Pehowa(Gumthala Gahru) APMC,Cereals,Wheat,Other,Local,"2,585.00","2,585.00","2,585.00",Rs./Quintal,9.50,Metric Tonnes,22-04-2026
Haryana,Kurukshetra,Pehowa(Gumthala Gahru) APMC,Cereals,Wheat,Other,Local,"2,585.00","2,585.00","2,585.00",Rs./Quintal,650.00,Metric Tonnes,21-04-2026
Haryana,Kurukshetra,Pehowa(Gumthala Gahru) APMC,Cereals,Wheat,Other,Local,"2,585.00","2,585.00","2,585.00",Rs./Quintal,620.00,Metric Tonnes,20-04-2026
Haryana,Kurukshetra,Pehowa(Gumthala Gahru) APMC,Cereals,Wheat,Other,Local,"2,585.00","2,585.00","2,585.00",Rs./Quintal,"1,050.80",Metric Tonnes,18-04-2026
Haryana,Kurukshetra,Pehowa(Gumthala Gahru) APMC,Cereals,Wheat,Other,Local,"2,585.00","2,585.00","2,585.00",Rs./Quintal,"2,974.20",Metric Tonnes,17-04-2026
Haryana,Kurukshetra,Pehowa(Gumthala Gahru) APMC,Cereals,Wheat,Other,Local,"2,585.00","2,585.00","2,585.00",Rs./Quintal,"2,500.50",Metric Tonnes,16-04-2026
Haryana,Kurukshetra,Pehowa(Gumthala Gahru) APMC,Cereals,Wheat,Other,Local,"2,585.00","2,585.00","2,585.00",Rs./Quintal,"5,200.00",Metric Tonnes,15-04-2026
Haryana,Kurukshetra,Pehowa(Gumthala Gahru) APMC,Cereals,Wheat,Other,Local,"2,585.00","2,585.00","2,585.00",Rs./Quintal,588.20,Metric Tonnes,14-04-2026
Haryana,Kurukshetra,Pehowa(Gumthala Gahru) APMC,Cereals,Wheat,Other,Local,"2,585.00","2,585.00","2,585.00",Rs./Quintal,766.50,Metric Tonnes,12-04-2026
Haryana,Kurukshetra,Pehowa(Gumthala Gahru) APMC,Cereals,Wheat,Other,Local,"2,585.00","2,585.00","2,585.00",Rs./Quintal,11.50,Metric Tonnes,09-04-2026
Haryana,Kurukshetra,Pipli APMC,Cereals,Wheat,Wheat,Local,"2,585.00","2,585.00","2,585.00",Rs./Quintal,363.00,Metric Tonnes,24-04-2026
Haryana,Kurukshetra,Pipli APMC,Cereals,Wheat,Wheat,Local,"2,585.00","2,585.00","2,585.00",Rs./Quintal,"1,046.00",Metric Tonnes,23-04-2026
Haryana,Kurukshetra,Pipli APMC,Cereals,Wheat,Wheat,Local,"2,585.00","2,585.00","2,585.00",Rs./Quintal,941.50,Metric Tonnes,22-04-2026
Haryana,Kurukshetra,Pipli APMC,Cereals,Wheat,Wheat,Local,"2,585.00","2,585.00","2,585.00",Rs./Quintal,"3,150.00",Metric Tonnes,21-04-2026
Haryana,Kurukshetra,Pipli APMC,Cereals,Wheat,Wheat,Local,"2,585.00","2,585.00","2,585.00",Rs./Quintal,"1,355.00",Metric Tonnes,20-04-2026
Haryana,Kurukshetra,Pipli APMC,Cereals,Wheat,Wheat,Local,"2,585.00","2,585.00","2,585.00",Rs./Quintal,"2,590.00",Metric Tonnes,18-04-2026
Haryana,Kurukshetra,Pipli APMC,Cereals,Wheat,Wheat,Local,"2,585.00","2,585.00","2,585.00",Rs./Quintal,"1,854.00",Metric Tonnes,17-04-2026
Haryana,Kurukshetra,Pipli APMC,Cereals,Wheat,Local,Local,"2,585.00","2,585.00","2,585.00",Rs./Quintal,"2,385.00",Metric Tonnes,16-04-2026
Haryana,Kurukshetra,Pipli APMC,Cereals,Wheat,Wheat,Local,"2,585.00","2,585.00","2,585.00",Rs./Quintal,"2,630.00",Metric Tonnes,15-04-2026
Haryana,Kurukshetra,Pipli APMC,Cereals,Wheat,Wheat,Local,"2,585.00","2,585.00","2,585.00",Rs./Quintal,"2,177.00",Metric Tonnes,14-04-2026
Haryana,Kurukshetra,Pipli APMC,Cereals,Wheat,Wheat,Local,"2,585.00","2,585.00","2,585.00",Rs./Quintal,"1,615.00",Metric Tonnes,13-04-2026
Haryana,Kurukshetra,Pipli APMC,Cereals,Wheat,Wheat,Local,"2,585.00","2,585.00","2,585.00",Rs./Quintal,982.00,Metric Tonnes,10-04-2026
Haryana,Kurukshetra,Pipli APMC,Cereals,Wheat,Local,Local,"2,585.00","2,585.00","2,585.00",Rs./Quintal,410.50,Metric Tonnes,09-04-2026
Haryana,Kurukshetra,Pipli APMC,Cereals,Wheat,Local,Local,"2,585.00","2,585.00","2,585.00",Rs./Quintal,"1,010.00",Metric Tonnes,08-04-2026
Haryana,Kurukshetra,Pipli APMC,Cereals,Wheat,Local,Local,"2,585.00","2,585.00","2,585.00",Rs./Quintal,542.00,Metric Tonnes,07-04-2026
Haryana,Kurukshetra,Pipli APMC,Cereals,Wheat,Local,Local,"2,585.00","2,585.00","2,585.00",Rs./Quintal,42.50,Metric Tonnes,06-04-2026
Haryana,Kurukshetra,Shahabad APMC,Cereals,Wheat,Super Fine,FAQ,"2,585.00","2,585.00","2,585.00",Rs./Quintal,893.30,Metric Tonnes,23-04-2026
Haryana,Kurukshetra,Shahabad APMC,Cereals,Wheat,Super Fine,FAQ,"2,585.00","2,585.00","2,585.00",Rs./Quintal,"3,302.50",Metric Tonnes,21-04-2026
Haryana,Kurukshetra,Shahabad APMC,Cereals,Wheat,Super Fine,FAQ,"2,585.00","2,585.00","2,585.00",Rs./Quintal,"2,513.00",Metric Tonnes,20-04-2026
Haryana,Kurukshetra,Shahabad APMC,Cereals,Wheat,Super Fine,FAQ,"2,585.00","2,585.00","2,585.00",Rs./Quintal,"4,220.20",Metric Tonnes,17-04-2026
Haryana,Kurukshetra,Shahabad APMC,Cereals,Wheat,Super Fine,FAQ,"2,585.00","2,585.00","2,585.00",Rs./Quintal,"6,233.30",Metric Tonnes,16-04-2026
Haryana,Kurukshetra,Shahabad APMC,Cereals,Wheat,Super Fine,FAQ,"2,585.00","2,585.00","2,585.00",Rs./Quintal,"5,906.00",Metric Tonnes,14-04-2026
Haryana,Kurukshetra,Shahabad APMC,Cereals,Wheat,Super Fine,FAQ,"2,585.00","2,585.00","2,585.00",Rs./Quintal,"52,209.00",Metric Tonnes,13-04-2026
Haryana,Kurukshetra,Shahabad APMC,Cereals,Wheat,Super Fine,FAQ,"2,585.00","2,585.00","2,585.00",Rs./Quintal,"2,908.40",Metric Tonnes,11-04-2026
Haryana,Kurukshetra,Shahabad APMC,Cereals,Wheat,Super Fine,FAQ,"2,585.00","2,585.00","2,585.00",Rs./Quintal,"2,625.20",Metric Tonnes,10-04-2026
Haryana,Kurukshetra,Shahabad APMC,Cereals,Wheat,Super Fine,FAQ,"2,585.00","2,585.00","2,585.00",Rs./Quintal,"2,169.00",Metric Tonnes,09-04-2026
Haryana,Kurukshetra,Shahabad APMC,Cereals,Wheat,Super Fine,FAQ,"2,585.00","2,585.00","2,585.00",Rs./Quintal,"1,560.00",Metric Tonnes,07-04-2026
Haryana,Kurukshetra,Shahabad APMC,Cereals,Wheat,Super Fine,FAQ,"2,585.00","2,585.00","2,585.00",Rs./Quintal,"1,560.00",Metric Tonnes,06-04-2026
Haryana,Kurukshetra,Shahabad APMC,Cereals,Wheat,Super Fine,FAQ,"2,585.00","2,585.00","2,585.00",Rs./Quintal,72.00,Metric Tonnes,04-04-2026
Haryana,Kurukshetra,Shahabad APMC,Cereals,Wheat,Local,FAQ,"2,585.00","2,585.00","2,585.00",Rs./Quintal,198.00,Metric Tonnes,03-04-2026
Haryana,Kurukshetra,Thanesar APMC,Cereals,Wheat,Other,Local,"2,585.00","2,585.00","2,585.00",Rs./Quintal,"1,655.80",Metric Tonnes,23-04-2026
Haryana,Kurukshetra,Thanesar APMC,Cereals,Wheat,Other,Local,"2,585.00","2,585.00","2,585.00",Rs./Quintal,"1,773.20",Metric Tonnes,22-04-2026
Haryana,Kurukshetra,Thanesar APMC,Cereals,Wheat,Other,Local,"2,585.00","2,585.00","2,585.00",Rs./Quintal,"2,497.30",Metric Tonnes,21-04-2026
Haryana,Kurukshetra,Thanesar APMC,Cereals,Wheat,Other,Local,"2,585.00","2,585.00","2,585.00",Rs./Quintal,"10,037.40",Metric Tonnes,17-04-2026
Haryana,Kurukshetra,Thanesar APMC,Cereals,Wheat,Other,Local,"2,585.00","2,585.00","2,585.00",Rs./Quintal,"12,024.70",Metric Tonnes,16-04-2026
Haryana,Kurukshetra,Thanesar APMC,Cereals,Wheat,Other,Local,"2,585.00","2,585.00","2,585.00",Rs./Quintal,"2,872.80",Metric Tonnes,13-04-2026
Haryana,Kurukshetra,Thanesar APMC,Cereals,Wheat,Other,Local,"2,585.00","2,585.00","2,585.00",Rs./Quintal,330.70,Metric Tonnes,12-04-2026
Haryana,Kurukshetra,Thanesar APMC,Cereals,Wheat,Other,Local,"2,585.00","2,585.00","2,585.00",Rs./Quintal,"12,061.20",Metric Tonnes,11-04-2026
Haryana,Kurukshetra,Thanesar APMC,Cereals,Wheat,Other,Local,"2,585.00","2,585.00","2,585.00",Rs./Quintal,"6,374.00",Metric Tonnes,09-04-2026
Haryana,Mahendragarh-Narnaul,Ateli APMC,Cereals,Wheat,Other,FAQ,"2,600.00","2,610.00","2,610.00",Rs./Quintal,10.00,Metric Tonnes,29-12-2025
Haryana,Mahendragarh-Narnaul,Ateli APMC,Cereals,Wheat,Other,FAQ,"2,585.00","2,585.00","2,585.00",Rs./Quintal,23.10,Metric Tonnes,24-04-2026
Haryana,Mahendragarh-Narnaul,Ateli APMC,Cereals,Wheat,Other,FAQ,"2,585.00","2,585.00","2,585.00",Rs./Quintal,52.80,Metric Tonnes,23-04-2026
Haryana,Mahendragarh-Narnaul,Ateli APMC,Cereals,Wheat,Other,FAQ,"2,585.00","2,585.00","2,585.00",Rs./Quintal,80.30,Metric Tonnes,22-04-2026
Haryana,Mahendragarh-Narnaul,Ateli APMC,Cereals,Wheat,Other,FAQ,"2,585.00","2,585.00","2,585.00",Rs./Quintal,42.10,Metric Tonnes,21-04-2026
Haryana,Mahendragarh-Narnaul,Ateli APMC,Cereals,Wheat,Other,FAQ,"2,585.00","2,585.00","2,585.00",Rs./Quintal,150.50,Metric Tonnes,20-04-2026
Haryana,Mahendragarh-Narnaul,Ateli APMC,Cereals,Wheat,Other,FAQ,"2,585.00","2,585.00","2,585.00",Rs./Quintal,88.80,Metric Tonnes,18-04-2026
Haryana,Mahendragarh-Narnaul,Ateli APMC,Cereals,Wheat,Other,FAQ,"2,585.00","2,585.00","2,585.00",Rs./Quintal,55.30,Metric Tonnes,17-04-2026
Haryana,Mahendragarh-Narnaul,Ateli APMC,Cereals,Wheat,Other,FAQ,"2,585.00","2,585.00","2,585.00",Rs./Quintal,543.00,Metric Tonnes,16-04-2026
Haryana,Mahendragarh-Narnaul,Ateli APMC,Cereals,Wheat,Other,FAQ,"2,585.00","2,585.00","2,585.00",Rs./Quintal,152.10,Metric Tonnes,15-04-2026
Haryana,Mahendragarh-Narnaul,Ateli APMC,Cereals,Wheat,Other,FAQ,"2,585.00","2,585.00","2,585.00",Rs./Quintal,42.50,Metric Tonnes,14-04-2026
Haryana,Mahendragarh-Narnaul,Ateli APMC,Cereals,Wheat,Other,FAQ,"2,585.00","2,585.00","2,585.00",Rs./Quintal,97.30,Metric Tonnes,13-04-2026
Haryana,Mahendragarh-Narnaul,Ateli APMC,Cereals,Wheat,Other,FAQ,"2,585.00","2,585.00","2,585.00",Rs./Quintal,22.10,Metric Tonnes,09-04-2026
Haryana,Mahendragarh-Narnaul,Khanina APMC,Cereals,Wheat,Other,FAQ,"2,600.00","2,600.00","2,600.00",Rs./Quintal,1.00,Metric Tonnes,27-01-2026
Haryana,Mahendragarh-Narnaul,Khanina APMC,Cereals,Wheat,Other,FAQ,"2,400.00","2,400.00","2,400.00",Rs./Quintal,0.30,Metric Tonnes,25-02-2026
Haryana,Mahendragarh-Narnaul,Khanina APMC,Cereals,Wheat,Other,FAQ,"2,585.00","2,585.00","2,585.00",Rs./Quintal,167.50,Metric Tonnes,24-04-2026
Haryana,Mahendragarh-Narnaul,Khanina APMC,Cereals,Wheat,Other,FAQ,"2,585.00","2,585.00","2,585.00",Rs./Quintal,155.10,Metric Tonnes,23-04-2026
Haryana,Mahendragarh-Narnaul,Khanina APMC,Cereals,Wheat,Other,FAQ,"2,400.00","2,400.00","2,400.00",Rs./Quintal,0.80,Metric Tonnes,23-02-2026
Haryana,Mahendragarh-Narnaul,Khanina APMC,Cereals,Wheat,Other,FAQ,"2,450.00","2,450.00","2,450.00",Rs./Quintal,0.80,Metric Tonnes,17-12-2025
Haryana,Mahendragarh-Narnaul,Khanina APMC,Cereals,Wheat,Other,FAQ,"2,585.00","2,585.00","2,585.00",Rs./Quintal,754.60,Metric Tonnes,16-04-2026
Haryana,Mahendragarh-Narnaul,Khanina APMC,Cereals,Wheat,Other,FAQ,"2,585.00","2,585.00","2,585.00",Rs./Quintal,530.30,Metric Tonnes,14-04-2026
Haryana,Mahendragarh-Narnaul,Khanina APMC,Cereals,Wheat,Other,FAQ,"2,585.00","2,585.00","2,585.00",Rs./Quintal,921.00,Metric Tonnes,13-04-2026
Haryana,Mahendragarh-Narnaul,Khanina APMC,Cereals,Wheat,Other,FAQ,"2,400.00","2,400.00","2,400.00",Rs./Quintal,1.50,Metric Tonnes,12-03-2026
Haryana,Mahendragarh-Narnaul,Khanina APMC,Cereals,Wheat,Other,FAQ,"2,450.00","2,585.00","2,585.00",Rs./Quintal,771.80,Metric Tonnes,11-04-2026
Haryana,Mahendragarh-Narnaul,Khanina APMC,Cereals,Wheat,Other,FAQ,"2,585.00","2,585.00","2,585.00",Rs./Quintal,28.10,Metric Tonnes,10-04-2026
Haryana,Mahendragarh-Narnaul,Khanina APMC,Cereals,Wheat,Other,FAQ,"2,585.00","2,585.00","2,585.00",Rs./Quintal,210.60,Metric Tonnes,09-04-2026
Haryana,Mahendragarh-Narnaul,Khanina APMC,Cereals,Wheat,Other,FAQ,"2,585.00","2,585.00","2,585.00",Rs./Quintal,176.60,Metric Tonnes,08-04-2026
Haryana,Mahendragarh-Narnaul,Khanina APMC,Cereals,Wheat,Other,FAQ,"2,585.00","2,585.00","2,585.00",Rs./Quintal,260.40,Metric Tonnes,06-04-2026
Haryana,Mahendragarh-Narnaul,Khanina APMC,Cereals,Wheat,Other,FAQ,"2,585.00","2,585.00","2,585.00",Rs./Quintal,104.80,Metric Tonnes,05-04-2026
Haryana,Mahendragarh-Narnaul,Khanina APMC,Cereals,Wheat,Other,FAQ,"2,585.00","2,585.00","2,585.00",Rs./Quintal,139.80,Metric Tonnes,04-04-2026
Haryana,Mahendragarh-Narnaul,Khanina APMC,Cereals,Wheat,Other,FAQ,"2,585.00","2,585.00","2,585.00",Rs./Quintal,67.20,Metric Tonnes,03-04-2026
Haryana,Mahendragarh-Narnaul,Khanina APMC,Cereals,Wheat,Other,FAQ,"2,585.00","2,585.00","2,585.00",Rs./Quintal,7.00,Metric Tonnes,02-04-2026
Haryana,Mahendragarh-Narnaul,Khanina APMC,Cereals,Wheat,Other,FAQ,"2,585.00","2,585.00","2,585.00",Rs./Quintal,7.00,Metric Tonnes,01-04-2026
Haryana,Mahendragarh-Narnaul,Mohindergarh APMC,Cereals,Wheat,Other,FAQ,"2,585.00","2,585.00","2,585.00",Rs./Quintal,300.20,Metric Tonnes,24-04-2026
Haryana,Mahendragarh-Narnaul,Mohindergarh APMC,Cereals,Wheat,Other,FAQ,"2,585.00","2,585.00","2,585.00",Rs./Quintal,264.00,Metric Tonnes,23-04-2026
Haryana,Mahendragarh-Narnaul,Mohindergarh APMC,Cereals,Wheat,Other,FAQ,"2,585.00","2,585.00","2,585.00",Rs./Quintal,557.90,Metric Tonnes,22-04-2026
Haryana,Mahendragarh-Narnaul,Mohindergarh APMC,Cereals,Wheat,Other,FAQ,"2,585.00","2,585.00","2,585.00",Rs./Quintal,410.90,Metric Tonnes,20-04-2026
Haryana,Mahendragarh-Narnaul,Mohindergarh APMC,Cereals,Wheat,Other,FAQ,"2,585.00","2,585.00","2,585.00",Rs./Quintal,585.10,Metric Tonnes,19-04-2026
Haryana,Mahendragarh-Narnaul,Mohindergarh APMC,Cereals,Wheat,Other,FAQ,"2,585.00","2,585.00","2,585.00",Rs./Quintal,589.80,Metric Tonnes,17-04-2026
Haryana,Mahendragarh-Narnaul,Mohindergarh APMC,Cereals,Wheat,Other,FAQ,"2,585.00","2,585.00","2,585.00",Rs./Quintal,554.80,Metric Tonnes,16-04-2026
Haryana,Mahendragarh-Narnaul,Mohindergarh APMC,Cereals,Wheat,Other,FAQ,"2,585.00","2,585.00","2,585.00",Rs./Quintal,610.30,Metric Tonnes,15-04-2026
Haryana,Mahendragarh-Narnaul,Mohindergarh APMC,Cereals,Wheat,Other,FAQ,"2,585.00","2,585.00","2,585.00",Rs./Quintal,912.20,Metric Tonnes,14-04-2026
Haryana,Mahendragarh-Narnaul,Mohindergarh APMC,Cereals,Wheat,Other,FAQ,"2,585.00","2,585.00","2,585.00",Rs./Quintal,66.40,Metric Tonnes,13-04-2026
Haryana,Mahendragarh-Narnaul,Mohindergarh APMC,Cereals,Wheat,Other,FAQ,"2,585.00","2,600.00","2,585.00",Rs./Quintal,457.60,Metric Tonnes,12-04-2026
Haryana,Mahendragarh-Narnaul,Mohindergarh APMC,Cereals,Wheat,Other,FAQ,"2,585.00","2,585.00","2,585.00",Rs./Quintal,510.10,Metric Tonnes,11-04-2026
Haryana,Mahendragarh-Narnaul,Mohindergarh APMC,Cereals,Wheat,Other,FAQ,"2,585.00","2,585.00","2,585.00",Rs./Quintal,428.00,Metric Tonnes,10-04-2026
Haryana,Mahendragarh-Narnaul,Mohindergarh APMC,Cereals,Wheat,Other,FAQ,"2,585.00","2,585.00","2,585.00",Rs./Quintal,245.80,Metric Tonnes,09-04-2026
Haryana,Mahendragarh-Narnaul,Mohindergarh APMC,Cereals,Wheat,Other,FAQ,"2,585.00","2,585.00","2,585.00",Rs./Quintal,259.40,Metric Tonnes,08-04-2026
Haryana,Mahendragarh-Narnaul,Mohindergarh APMC,Cereals,Wheat,Other,FAQ,"2,585.00","2,585.00","2,585.00",Rs./Quintal,286.30,Metric Tonnes,07-04-2026
Haryana,Mahendragarh-Narnaul,Mohindergarh APMC,Cereals,Wheat,Other,FAQ,"2,585.00","2,600.00","2,585.00",Rs./Quintal,62.90,Metric Tonnes,06-04-2026
Haryana,Mahendragarh-Narnaul,Narnaul APMC,Cereals,Wheat,Wheat,Local,"2,590.00","2,590.00","2,590.00",Rs./Quintal,2.60,Metric Tonnes,21-04-2026
Haryana,Mahendragarh-Narnaul,Narnaul APMC,Cereals,Wheat,Wheat,Local,"2,585.00","2,590.00","2,590.00",Rs./Quintal,3.30,Metric Tonnes,20-04-2026
Haryana,Mahendragarh-Narnaul,Narnaul APMC,Cereals,Wheat,Wheat,Local,"2,590.00","2,590.00","2,590.00",Rs./Quintal,2.50,Metric Tonnes,18-04-2026
Haryana,Mahendragarh-Narnaul,Narnaul APMC,Cereals,Wheat,Wheat,Local,"2,590.00","2,595.00","2,595.00",Rs./Quintal,4.10,Metric Tonnes,15-04-2026
Haryana,Mahendragarh-Narnaul,Narnaul APMC,Cereals,Wheat,Wheat,FAQ,"2,590.00","2,600.00","2,600.00",Rs./Quintal,5.00,Metric Tonnes,07-04-2026
Haryana,Mewat,Hathin APMC,Cereals,Wheat,Other,FAQ,"2,585.00","2,585.00","2,585.00",Rs./Quintal,"6,529.20",Metric Tonnes,16-04-2026
Haryana,Mewat,Hathin APMC,Cereals,Wheat,Other,FAQ,"2,585.00","2,585.00","2,585.00",Rs./Quintal,"2,111.70",Metric Tonnes,15-04-2026
Haryana,Mewat,Hathin APMC,Cereals,Wheat,Other,Grade Range-2,"2,585.00","2,585.00","2,585.00",Rs./Quintal,"6,500.00",Metric Tonnes,10-04-2026
Haryana,Mewat,Hathin APMC,Cereals,Wheat,Other,Grade Range-2,"2,585.00","2,585.00","2,585.00",Rs./Quintal,"1,740.00",Metric Tonnes,09-04-2026
Haryana,Mewat,Hathin APMC,Cereals,Wheat,Other,FAQ,"2,585.00","2,585.00","2,585.00",Rs./Quintal,"4,000.00",Metric Tonnes,03-04-2026
Haryana,Mewat,Punhana APMC,Cereals,Wheat,Wheat,Local,"2,500.00","2,500.00","2,500.00",Rs./Quintal,3.40,Metric Tonnes,16-01-2026
Haryana,Mewat,Punhana APMC,Cereals,Wheat,Wheat,Local,"2,300.00","2,585.00","2,400.00",Rs./Quintal,"1,308.50",Metric Tonnes,11-04-2026
Haryana,Mewat,Punhana APMC,Cereals,Wheat,Wheat,Local,"2,300.00","2,300.00","2,300.00",Rs./Quintal,8.00,Metric Tonnes,01-04-2026
Haryana,Palwal,Hassanpur APMC,Cereals,Wheat,147 Average,FAQ,"2,585.00","2,585.00","2,585.00",Rs./Quintal,109.30,Metric Tonnes,25-04-2026
Haryana,Palwal,Hassanpur APMC,Cereals,Wheat,147 Average,FAQ,"2,585.00","2,586.00","2,585.00",Rs./Quintal,"2,336.20",Metric Tonnes,23-04-2026
Haryana,Palwal,Hassanpur APMC,Cereals,Wheat,147 Average,Non-FAQ,"2,510.00","2,510.00","2,510.00",Rs./Quintal,30.00,Metric Tonnes,22-04-2026
Haryana,Palwal,Hassanpur APMC,Cereals,Wheat,147 Average,FAQ,"2,585.00","2,585.00","2,585.00",Rs./Quintal,"10,522.90",Metric Tonnes,20-04-2026
Haryana,Palwal,Hassanpur APMC,Cereals,Wheat,147 Average,FAQ,"2,585.00","2,585.00","2,585.00",Rs./Quintal,"1,516.30",Metric Tonnes,18-04-2026
Haryana,Palwal,Hassanpur APMC,Cereals,Wheat,147 Average,FAQ,"2,585.00","2,585.00","2,585.00",Rs./Quintal,"1,583.30",Metric Tonnes,17-04-2026
Haryana,Palwal,Hassanpur APMC,Cereals,Wheat,147 Average,FAQ,"2,585.00","2,585.00","2,585.00",Rs./Quintal,"1,679.60",Metric Tonnes,16-04-2026
Haryana,Palwal,Hassanpur APMC,Cereals,Wheat,147 Average,FAQ,"2,585.00","2,585.00","2,585.00",Rs./Quintal,"4,062.30",Metric Tonnes,15-04-2026
Haryana,Palwal,Hassanpur APMC,Cereals,Wheat,147 Average,FAQ,"2,585.00","2,585.00","2,585.00",Rs./Quintal,"9,981.90",Metric Tonnes,14-04-2026
Haryana,Palwal,Hassanpur APMC,Cereals,Wheat,147 Average,FAQ,"2,585.00","2,585.00","2,585.00",Rs./Quintal,"9,014.70",Metric Tonnes,13-04-2026
Haryana,Palwal,Hassanpur APMC,Cereals,Wheat,Local,FAQ,"2,585.00","2,585.00","2,585.00",Rs./Quintal,"9,349.00",Metric Tonnes,11-04-2026
Haryana,Palwal,Hassanpur APMC,Cereals,Wheat,147 Average,FAQ,"2,585.00","2,585.00","2,585.00",Rs./Quintal,"3,640.40",Metric Tonnes,10-04-2026
Haryana,Palwal,Hassanpur APMC,Cereals,Wheat,147 Average,FAQ,"2,585.00","2,585.00","2,585.00",Rs./Quintal,935.70,Metric Tonnes,09-04-2026
Haryana,Palwal,Hassanpur APMC,Cereals,Wheat,Other,FAQ,"2,585.00","2,585.00","2,585.00",Rs./Quintal,"3,553.90",Metric Tonnes,08-04-2026
Haryana,Palwal,Hassanpur APMC,Cereals,Wheat,Other,FAQ,"2,585.00","2,585.00","2,585.00",Rs./Quintal,"8,032.80",Metric Tonnes,07-04-2026
Haryana,Palwal,Hassanpur APMC,Cereals,Wheat,147 Average,FAQ,"2,585.00","2,585.00","2,585.00",Rs./Quintal,703.60,Metric Tonnes,03-04-2026
Haryana,Palwal,Palwal APMC,Cereals,Wheat,Local,Local,"2,585.00","2,585.00","2,585.00",Rs./Quintal,299.20,Metric Tonnes,24-04-2026
Haryana,Palwal,Palwal APMC,Cereals,Wheat,Local,Local,"2,585.00","2,585.00","2,585.00",Rs./Quintal,248.90,Metric Tonnes,23-04-2026
Haryana,Palwal,Palwal APMC,Cereals,Wheat,Local,Local,"2,585.00","2,585.00","2,585.00",Rs./Quintal,393.00,Metric Tonnes,22-04-2026
Haryana,Palwal,Palwal APMC,Cereals,Wheat,Local,Local,"2,585.00","2,585.00","2,585.00",Rs./Quintal,"1,412.80",Metric Tonnes,21-04-2026
Haryana,Palwal,Palwal APMC,Cereals,Wheat,Local,Local,"2,585.00","2,585.00","2,585.00",Rs./Quintal,851.90,Metric Tonnes,20-04-2026
Haryana,Palwal,Palwal APMC,Cereals,Wheat,Local,Local,"2,585.00","2,585.00","2,585.00",Rs./Quintal,"4,047.70",Metric Tonnes,18-04-2026
Haryana,Palwal,Palwal APMC,Cereals,Wheat,Local,Local,"2,585.00","2,585.00","2,585.00",Rs./Quintal,812.40,Metric Tonnes,17-04-2026
Haryana,Palwal,Palwal APMC,Cereals,Wheat,Local,Local,"2,585.00","2,585.00","2,585.00",Rs./Quintal,"5,075.80",Metric Tonnes,16-04-2026
Haryana,Palwal,Palwal APMC,Cereals,Wheat,Local,Local,"2,585.00","2,585.00","2,585.00",Rs./Quintal,943.40,Metric Tonnes,15-04-2026
Haryana,Palwal,Palwal APMC,Cereals,Wheat,Local,Local,"2,585.00","2,585.00","2,585.00",Rs./Quintal,"5,245.30",Metric Tonnes,14-04-2026
Haryana,Palwal,Palwal APMC,Cereals,Wheat,Local,Local,"2,585.00","2,585.00","2,585.00",Rs./Quintal,"7,817.80",Metric Tonnes,13-04-2026
Haryana,Palwal,Palwal APMC,Cereals,Wheat,Local,Local,"2,585.00","2,585.00","2,585.00",Rs./Quintal,"10,180.60",Metric Tonnes,11-04-2026
Haryana,Palwal,Palwal APMC,Cereals,Wheat,Local,Local,"2,585.00","2,585.00","2,585.00",Rs./Quintal,"2,388.10",Metric Tonnes,10-04-2026
Haryana,Palwal,Palwal APMC,Cereals,Wheat,Local,Local,"2,585.00","2,585.00","2,585.00",Rs./Quintal,"7,356.20",Metric Tonnes,09-04-2026
Haryana,Palwal,Palwal APMC,Cereals,Wheat,Local,Local,"2,585.00","2,585.00","2,585.00",Rs./Quintal,826.50,Metric Tonnes,08-04-2026
Haryana,Palwal,Palwal APMC,Cereals,Wheat,Local,Local,"2,585.00","2,585.00","2,585.00",Rs./Quintal,"6,364.90",Metric Tonnes,07-04-2026
Haryana,Palwal,Palwal APMC,Cereals,Wheat,Local,Local,"2,585.00","2,585.00","2,585.00",Rs./Quintal,"8,115.40",Metric Tonnes,06-04-2026
Haryana,Palwal,Palwal APMC,Cereals,Wheat,Local,Local,"2,585.00","2,585.00","2,585.00",Rs./Quintal,"4,002.00",Metric Tonnes,04-04-2026
Haryana,Palwal,Palwal APMC,Cereals,Wheat,Other,Local,"2,585.00","2,585.00","2,585.00",Rs./Quintal,"6,759.90",Metric Tonnes,02-04-2026
Haryana,Panchkula,Barwala APMC,Cereals,Wheat,Other,FAQ,"2,585.00","2,585.00","2,585.00",Rs./Quintal,58.40,Metric Tonnes,24-04-2026
Haryana,Panchkula,Barwala APMC,Cereals,Wheat,Other,FAQ,"2,585.00","2,585.00","2,585.00",Rs./Quintal,74.40,Metric Tonnes,23-04-2026
Haryana,Panchkula,Barwala APMC,Cereals,Wheat,Other,FAQ,"2,585.00","2,585.00","2,585.00",Rs./Quintal,176.90,Metric Tonnes,21-04-2026
Haryana,Panchkula,Barwala APMC,Cereals,Wheat,Other,FAQ,"2,585.00","2,585.00","2,585.00",Rs./Quintal,"1,418.80",Metric Tonnes,20-04-2026
Haryana,Panchkula,Barwala APMC,Cereals,Wheat,Other,FAQ,"2,585.00","2,585.00","2,585.00",Rs./Quintal,800.00,Metric Tonnes,18-04-2026
Haryana,Panchkula,Barwala APMC,Cereals,Wheat,Other,FAQ,"2,585.00","2,585.00","2,585.00",Rs./Quintal,"1,207.00",Metric Tonnes,17-04-2026
Haryana,Panchkula,Barwala APMC,Cereals,Wheat,Other,FAQ,"2,585.00","2,585.00","2,585.00",Rs./Quintal,950.00,Metric Tonnes,16-04-2026
Haryana,Panchkula,Barwala APMC,Cereals,Wheat,Other,FAQ,"2,585.00","2,585.00","2,585.00",Rs./Quintal,"1,754.00",Metric Tonnes,15-04-2026
Haryana,Panchkula,Barwala APMC,Cereals,Wheat,Other,FAQ,"2,585.00","2,585.00","2,585.00",Rs./Quintal,"1,506.00",Metric Tonnes,14-04-2026
Haryana,Panchkula,Barwala APMC,Cereals,Wheat,Other,FAQ,"2,585.00","2,585.00","2,585.00",Rs./Quintal,"1,940.10",Metric Tonnes,13-04-2026
Haryana,Panchkula,Barwala APMC,Cereals,Wheat,Other,FAQ,"2,585.00","2,585.00","2,585.00",Rs./Quintal,586.90,Metric Tonnes,10-04-2026
Haryana,Panchkula,Barwala APMC,Cereals,Wheat,Other,FAQ,"2,585.00","2,585.00","2,585.00",Rs./Quintal,"1,522.10",Metric Tonnes,09-04-2026
Haryana,Panchkula,Barwala APMC,Cereals,Wheat,Other,FAQ,"2,585.00","2,585.00","2,585.00",Rs./Quintal,"1,000.00",Metric Tonnes,07-04-2026
Haryana,Panchkula,Barwala APMC,Cereals,Wheat,Other,FAQ,"2,585.00","2,585.00","2,585.00",Rs./Quintal,866.80,Metric Tonnes,06-04-2026
Haryana,Panchkula,Barwala APMC,Cereals,Wheat,Other,FAQ,"2,585.00","2,585.00","2,585.00",Rs./Quintal,206.80,Metric Tonnes,04-04-2026
Haryana,Panchkula,Barwala APMC,Cereals,Wheat,Other,FAQ,"2,585.00","2,585.00","2,585.00",Rs./Quintal,190.20,Metric Tonnes,03-04-2026
Haryana,Panchkula,Barwala APMC,Cereals,Wheat,Other,FAQ,"2,585.00","2,585.00","2,585.00",Rs./Quintal,2.00,Metric Tonnes,02-04-2026
Haryana,Panchkula,Raipur Rai APMC,Cereals,Wheat,Other,FAQ,"2,585.00","2,585.00","2,585.00",Rs./Quintal,"2,000.00",Metric Tonnes,18-04-2026
Haryana,Panchkula,Raipur Rai APMC,Cereals,Wheat,Other,FAQ,"2,585.00","2,585.00","2,585.00",Rs./Quintal,"4,000.00",Metric Tonnes,15-04-2026
Haryana,Panchkula,Raipur Rai APMC,Cereals,Wheat,Other,Local,"2,585.00","2,585.00","2,585.00",Rs./Quintal,"1,300.00",Metric Tonnes,10-04-2026
Haryana,Panipat,Bapauli APMC,Cereals,Wheat,Other,FAQ,"2,585.00","2,585.00","2,585.00",Rs./Quintal,"1,301.00",Metric Tonnes,24-04-2026
Haryana,Panipat,Bapauli APMC,Cereals,Wheat,Other,FAQ,"2,585.00","2,585.00","2,585.00",Rs./Quintal,"1,878.00",Metric Tonnes,23-04-2026
Haryana,Panipat,Bapauli APMC,Cereals,Wheat,Other,FAQ,"2,585.00","2,585.00","2,585.00",Rs./Quintal,464.60,Metric Tonnes,22-04-2026
Haryana,Panipat,Bapauli APMC,Cereals,Wheat,Other,FAQ,"2,585.00","2,585.00","2,585.00",Rs./Quintal,"2,836.60",Metric Tonnes,21-04-2026
Haryana,Panipat,Bapauli APMC,Cereals,Wheat,Other,FAQ,"2,585.00","2,585.00","2,585.00",Rs./Quintal,"2,141.20",Metric Tonnes,20-04-2026
Haryana,Panipat,Bapauli APMC,Cereals,Wheat,Other,FAQ,"2,585.00","2,585.00","2,585.00",Rs./Quintal,"3,743.70",Metric Tonnes,18-04-2026
Haryana,Panipat,Bapauli APMC,Cereals,Wheat,Other,FAQ,"2,585.00","2,585.00","2,585.00",Rs./Quintal,"2,621.00",Metric Tonnes,17-04-2026
Haryana,Panipat,Bapauli APMC,Cereals,Wheat,Other,FAQ,"2,585.00","2,585.00","2,585.00",Rs./Quintal,"3,203.40",Metric Tonnes,16-04-2026
Haryana,Panipat,Bapauli APMC,Cereals,Wheat,Other,FAQ,"2,585.00","2,585.00","2,585.00",Rs./Quintal,"2,430.40",Metric Tonnes,15-04-2026
Haryana,Panipat,Bapauli APMC,Cereals,Wheat,Other,FAQ,"2,585.00","2,585.00","2,585.00",Rs./Quintal,"2,656.50",Metric Tonnes,14-04-2026
Haryana,Panipat,Bapauli APMC,Cereals,Wheat,Other,FAQ,"2,585.00","2,585.00","2,585.00",Rs./Quintal,"2,728.80",Metric Tonnes,13-04-2026
Haryana,Panipat,Bapauli APMC,Cereals,Wheat,Other,FAQ,"2,585.00","2,585.00","2,585.00",Rs./Quintal,"1,395.90",Metric Tonnes,12-04-2026
Haryana,Panipat,Bapauli APMC,Cereals,Wheat,Other,FAQ,"2,585.00","2,585.00","2,585.00",Rs./Quintal,"2,113.90",Metric Tonnes,11-04-2026
Haryana,Panipat,Bapauli APMC,Cereals,Wheat,Other,FAQ,"2,585.00","2,585.00","2,585.00",Rs./Quintal,"1,771.70",Metric Tonnes,10-04-2026
Haryana,Panipat,Bapauli APMC,Cereals,Wheat,Other,FAQ,"2,585.00","2,585.00","2,585.00",Rs./Quintal,236.30,Metric Tonnes,09-04-2026
Haryana,Panipat,Bapauli APMC,Cereals,Wheat,Other,FAQ,"2,585.00","2,585.00","2,585.00",Rs./Quintal,491.10,Metric Tonnes,08-04-2026
Haryana,Panipat,Bapauli APMC,Cereals,Wheat,Other,FAQ,"2,585.00","2,585.00","2,585.00",Rs./Quintal,188.40,Metric Tonnes,07-04-2026
Haryana,Panipat,Israna APMC,Cereals,Wheat,Other,FAQ,"2,585.00","2,585.00","2,585.00",Rs./Quintal,"1,025.70",Metric Tonnes,24-04-2026
Haryana,Panipat,Israna APMC,Cereals,Wheat,Other,FAQ,"2,585.00","2,585.00","2,585.00",Rs./Quintal,"2,655.20",Metric Tonnes,23-04-2026
Haryana,Panipat,Israna APMC,Cereals,Wheat,Other,FAQ,"2,585.00","2,585.00","2,585.00",Rs./Quintal,"1,422.40",Metric Tonnes,22-04-2026
Haryana,Panipat,Israna APMC,Cereals,Wheat,Other,FAQ,"2,585.00","2,585.00","2,585.00",Rs./Quintal,"6,059.70",Metric Tonnes,21-04-2026
Haryana,Panipat,Israna APMC,Cereals,Wheat,Other,FAQ,"5,170.00","5,170.00","5,170.00",Rs./Quintal,"1,951.20",Metric Tonnes,18-04-2026
Haryana,Panipat,Israna APMC,Cereals,Wheat,Other,FAQ,"2,585.00","2,585.00","2,585.00",Rs./Quintal,"6,639.60",Metric Tonnes,17-04-2026
Haryana,Panipat,Israna APMC,Cereals,Wheat,Other,FAQ,"2,585.00","2,585.00","2,585.00",Rs./Quintal,"2,359.30",Metric Tonnes,15-04-2026
Haryana,Panipat,Israna APMC,Cereals,Wheat,Other,FAQ,"2,585.00","2,585.00","2,585.00",Rs./Quintal,"5,070.10",Metric Tonnes,13-04-2026
Haryana,Panipat,Madlauda APMC,Cereals,Wheat,Other,FAQ,"2,585.00","2,585.00","2,585.00",Rs./Quintal,736.00,Metric Tonnes,08-04-2026
Haryana,Panipat,Panipat APMC,Cereals,Wheat,Other,FAQ,"2,585.00","2,585.00","2,585.00",Rs./Quintal,300.80,Metric Tonnes,25-04-2026
Haryana,Panipat,Panipat APMC,Cereals,Wheat,Other,FAQ,"2,585.00","2,585.00","2,585.00",Rs./Quintal,571.90,Metric Tonnes,24-04-2026
Haryana,Panipat,Panipat APMC,Cereals,Wheat,Other,FAQ,"2,585.00","2,585.00","2,585.00",Rs./Quintal,306.60,Metric Tonnes,23-04-2026
Haryana,Panipat,Panipat APMC,Cereals,Wheat,Other,FAQ,"2,585.00","2,585.00","2,585.00",Rs./Quintal,308.30,Metric Tonnes,22-04-2026
Haryana,Panipat,Panipat APMC,Cereals,Wheat,Other,FAQ,"2,585.00","2,585.00","2,585.00",Rs./Quintal,"1,837.50",Metric Tonnes,21-04-2026
Haryana,Panipat,Panipat APMC,Cereals,Wheat,Other,FAQ,"2,585.00","2,585.00","2,585.00",Rs./Quintal,"1,733.40",Metric Tonnes,18-04-2026
Haryana,Panipat,Panipat APMC,Cereals,Wheat,Other,FAQ,"2,585.00","2,585.00","2,585.00",Rs./Quintal,"1,732.80",Metric Tonnes,17-04-2026
Haryana,Panipat,Panipat APMC,Cereals,Wheat,Other,FAQ,"2,585.00","2,585.00","2,585.00",Rs./Quintal,"2,486.30",Metric Tonnes,16-04-2026
Haryana,Panipat,Panipat APMC,Cereals,Wheat,Other,FAQ,"2,585.00","2,585.00","2,585.00",Rs./Quintal,"8,745.70",Metric Tonnes,15-04-2026
Haryana,Panipat,Panipat APMC,Cereals,Wheat,Other,FAQ,"2,585.00","2,585.00","2,585.00",Rs./Quintal,"1,109.10",Metric Tonnes,14-04-2026
Haryana,Panipat,Panipat APMC,Cereals,Wheat,Other,FAQ,"2,585.00","2,585.00","2,585.00",Rs./Quintal,540.80,Metric Tonnes,13-04-2026
Haryana,Panipat,Panipat APMC,Cereals,Wheat,Other,FAQ,"2,585.00","2,585.00","2,585.00",Rs./Quintal,"2,984.40",Metric Tonnes,12-04-2026
Haryana,Panipat,Panipat APMC,Cereals,Wheat,Other,FAQ,"2,585.00","2,585.00","2,585.00",Rs./Quintal,"3,168.80",Metric Tonnes,11-04-2026
Haryana,Panipat,Panipat APMC,Cereals,Wheat,Other,FAQ,"2,585.00","2,585.00","2,585.00",Rs./Quintal,"2,734.70",Metric Tonnes,10-04-2026
Haryana,Panipat,Panipat APMC,Cereals,Wheat,Other,FAQ,"2,585.00","2,585.00","2,585.00",Rs./Quintal,751.10,Metric Tonnes,08-04-2026
Haryana,Panipat,Panipat APMC,Cereals,Wheat,Other,FAQ,"2,585.00","2,585.00","2,585.00",Rs./Quintal,"1,788.40",Metric Tonnes,07-04-2026
Haryana,Panipat,Panipat APMC,Cereals,Wheat,Other,FAQ,"2,585.00","2,585.00","2,585.00",Rs./Quintal,220.80,Metric Tonnes,05-04-2026
Haryana,Panipat,Panipat APMC,Cereals,Wheat,Other,Local,"2,585.00","2,585.00","2,585.00",Rs./Quintal,173.50,Metric Tonnes,04-04-2026
Haryana,Panipat,Panipat(Baharpur) APMC,Cereals,Wheat,Other,FAQ,"2,585.00","2,585.00","2,585.00",Rs./Quintal,43.70,Metric Tonnes,25-04-2026
Haryana,Panipat,Panipat(Baharpur) APMC,Cereals,Wheat,Other,FAQ,"2,585.00","2,585.00","2,585.00",Rs./Quintal,26.50,Metric Tonnes,24-04-2026
Haryana,Panipat,Panipat(Baharpur) APMC,Cereals,Wheat,Other,FAQ,"2,585.00","2,585.00","2,585.00",Rs./Quintal,110.50,Metric Tonnes,23-04-2026
Haryana,Panipat,Panipat(Baharpur) APMC,Cereals,Wheat,Other,FAQ,"2,585.00","2,585.00","2,585.00",Rs./Quintal,52.60,Metric Tonnes,22-04-2026
Haryana,Panipat,Panipat(Baharpur) APMC,Cereals,Wheat,Other,FAQ,"2,585.00","2,585.00","2,585.00",Rs./Quintal,448.50,Metric Tonnes,21-04-2026
Haryana,Panipat,Panipat(Baharpur) APMC,Cereals,Wheat,Other,FAQ,"2,585.00","2,585.00","2,585.00",Rs./Quintal,443.00,Metric Tonnes,18-04-2026
Haryana,Panipat,Panipat(Baharpur) APMC,Cereals,Wheat,Other,Local,"2,585.00","2,585.00","2,585.00",Rs./Quintal,816.00,Metric Tonnes,17-04-2026
Haryana,Panipat,Panipat(Baharpur) APMC,Cereals,Wheat,Other,FAQ,"2,585.00","2,585.00","2,585.00",Rs./Quintal,"2,184.00",Metric Tonnes,16-04-2026
Haryana,Panipat,Panipat(Baharpur) APMC,Cereals,Wheat,Other,FAQ,"2,585.00","2,585.00","2,585.00",Rs./Quintal,"3,110.00",Metric Tonnes,14-04-2026
Haryana,Panipat,Panipat(Baharpur) APMC,Cereals,Wheat,Other,FAQ,"2,585.00","2,585.00","2,585.00",Rs./Quintal,"1,562.50",Metric Tonnes,12-04-2026
Haryana,Panipat,Panipat(Baharpur) APMC,Cereals,Wheat,Other,FAQ,"2,585.00","2,585.00","2,585.00",Rs./Quintal,"1,975.30",Metric Tonnes,11-04-2026
Haryana,Panipat,Panipat(Baharpur) APMC,Cereals,Wheat,Other,Local,"2,585.00","2,585.00","2,585.00",Rs./Quintal,"1,040.00",Metric Tonnes,10-04-2026
Haryana,Panipat,Panipat(Baharpur) APMC,Cereals,Wheat,Other,FAQ,"2,585.00","2,585.00","2,585.00",Rs./Quintal,770.50,Metric Tonnes,09-04-2026
Haryana,Panipat,Panipat(Baharpur) APMC,Cereals,Wheat,Other,FAQ,"2,585.00","2,585.00","2,585.00",Rs./Quintal,"1,622.50",Metric Tonnes,08-04-2026
Haryana,Panipat,Panipat(Baharpur) APMC,Cereals,Wheat,Other,FAQ,"2,585.00","2,585.00","2,585.00",Rs./Quintal,"1,256.60",Metric Tonnes,07-04-2026
Haryana,Panipat,Panipat(Baharpur) APMC,Cereals,Wheat,Other,FAQ,"2,585.00","2,585.00","2,585.00",Rs./Quintal,270.20,Metric Tonnes,05-04-2026
Haryana,Rewari,Rewari APMC,Cereals,Wheat,Other,FAQ,"2,585.00","2,585.00","2,585.00",Rs./Quintal,209.30,Metric Tonnes,24-04-2026
Haryana,Rewari,Rewari APMC,Cereals,Wheat,Other,FAQ,"2,585.00","2,585.00","2,585.00",Rs./Quintal,437.10,Metric Tonnes,23-04-2026
Haryana,Rewari,Rewari APMC,Cereals,Wheat,Other,FAQ,"2,585.00","2,585.00","2,585.00",Rs./Quintal,178.10,Metric Tonnes,22-04-2026
Haryana,Rewari,Rewari APMC,Cereals,Wheat,Other,FAQ,"2,585.00","2,585.00","2,585.00",Rs./Quintal,623.40,Metric Tonnes,21-04-2026
Haryana,Rewari,Rewari APMC,Cereals,Wheat,Other,FAQ,"2,585.00","2,585.00","2,585.00",Rs./Quintal,435.50,Metric Tonnes,20-04-2026
Haryana,Rewari,Rewari APMC,Cereals,Wheat,Other,FAQ,"2,585.00","2,585.00","2,585.00",Rs./Quintal,554.00,Metric Tonnes,18-04-2026
Haryana,Rewari,Rewari APMC,Cereals,Wheat,Other,FAQ,"2,585.00","2,585.00","2,585.00",Rs./Quintal,249.50,Metric Tonnes,17-04-2026
Haryana,Rewari,Rewari APMC,Cereals,Wheat,Other,FAQ,"2,585.00","2,585.00","2,585.00",Rs./Quintal,672.10,Metric Tonnes,16-04-2026
Haryana,Rewari,Rewari APMC,Cereals,Wheat,Other,FAQ,"2,585.00","2,585.00","2,585.00",Rs./Quintal,262.20,Metric Tonnes,15-04-2026
Haryana,Rewari,Rewari APMC,Cereals,Wheat,Other,FAQ,"2,585.00","2,585.00","2,585.00",Rs./Quintal,"1,052.90",Metric Tonnes,14-04-2026
Haryana,Rewari,Rewari APMC,Cereals,Wheat,Other,FAQ,"2,585.00","2,585.00","2,585.00",Rs./Quintal,547.20,Metric Tonnes,13-04-2026
Haryana,Rewari,Rewari APMC,Cereals,Wheat,Other,FAQ,"2,585.00","2,585.00","2,585.00",Rs./Quintal,662.50,Metric Tonnes,11-04-2026
Haryana,Rewari,Rewari APMC,Cereals,Wheat,Other,FAQ,"2,585.00","2,585.00","2,585.00",Rs./Quintal,233.70,Metric Tonnes,10-04-2026
Haryana,Rewari,Rewari APMC,Cereals,Wheat,Other,FAQ,"2,585.00","2,585.00","2,585.00",Rs./Quintal,197.60,Metric Tonnes,09-04-2026
Haryana,Rewari,Rewari APMC,Cereals,Wheat,Other,FAQ,"2,585.00","2,585.00","2,585.00",Rs./Quintal,67.00,Metric Tonnes,08-04-2026
Haryana,Sirsa,Dabwali APMC,Cereals,Wheat,Other,FAQ,"2,585.00","2,585.00","2,585.00",Rs./Quintal,"3,560.00",Metric Tonnes,22-04-2026
Haryana,Sirsa,Dabwali APMC,Cereals,Wheat,Other,FAQ,"2,585.00","2,585.00","2,585.00",Rs./Quintal,"4,539.00",Metric Tonnes,21-04-2026
Haryana,Sirsa,Dabwali APMC,Cereals,Wheat,Other,FAQ,"2,585.00","2,585.00","2,585.00",Rs./Quintal,"9,053.00",Metric Tonnes,18-04-2026
Haryana,Sirsa,Dabwali APMC,Cereals,Wheat,Other,FAQ,"2,585.00","2,585.00","2,585.00",Rs./Quintal,"8,573.00",Metric Tonnes,17-04-2026
Haryana,Sirsa,Dabwali APMC,Cereals,Wheat,Other,FAQ,"2,585.00","2,585.00","2,585.00",Rs./Quintal,"9,053.20",Metric Tonnes,16-04-2026
Haryana,Sirsa,Dabwali APMC,Cereals,Wheat,Other,FAQ,"2,585.00","2,585.00","2,585.00",Rs./Quintal,"2,050.00",Metric Tonnes,15-04-2026
Haryana,Sirsa,Dabwali APMC,Cereals,Wheat,Other,FAQ,"2,585.00","2,585.00","2,585.00",Rs./Quintal,"3,560.00",Metric Tonnes,14-04-2026
Haryana,Sirsa,Dabwali APMC,Cereals,Wheat,Other,FAQ,"2,585.00","2,585.00","2,585.00",Rs./Quintal,"1,102.90",Metric Tonnes,10-04-2026
Haryana,Sirsa,Dabwali(Chautala) APMC,Cereals,Wheat,Other,FAQ,"2,585.00","2,585.00","2,585.00",Rs./Quintal,745.20,Metric Tonnes,23-04-2026
Haryana,Sirsa,Dabwali(Chautala) APMC,Cereals,Wheat,Other,FAQ,"2,585.00","2,585.00","2,585.00",Rs./Quintal,"1,050.00",Metric Tonnes,22-04-2026
Haryana,Sirsa,Dabwali(Chautala) APMC,Cereals,Wheat,Other,FAQ,"2,585.00","2,585.00","2,585.00",Rs./Quintal,"1,549.00",Metric Tonnes,21-04-2026
Haryana,Sirsa,Dabwali(Chautala) APMC,Cereals,Wheat,Other,FAQ,"2,585.00","2,585.00","2,585.00",Rs./Quintal,"4,569.00",Metric Tonnes,18-04-2026
Haryana,Sirsa,Dabwali(Chautala) APMC,Cereals,Wheat,Other,FAQ,"2,585.00","2,585.00","2,585.00",Rs./Quintal,"1,500.00",Metric Tonnes,17-04-2026
Haryana,Sirsa,Dabwali(Chautala) APMC,Cereals,Wheat,Other,FAQ,"2,585.00","2,585.00","2,585.00",Rs./Quintal,"2,854.30",Metric Tonnes,16-04-2026
Haryana,Sirsa,Dabwali(Chautala) APMC,Cereals,Wheat,Other,FAQ,"2,585.00","2,588.00","2,585.00",Rs./Quintal,"1,150.00",Metric Tonnes,15-04-2026
Haryana,Sirsa,Dabwali(Chautala) APMC,Cereals,Wheat,Other,FAQ,"2,585.00","2,585.00","2,585.00",Rs./Quintal,"2,454.60",Metric Tonnes,13-04-2026
Haryana,Sirsa,Dabwali(Chautala) APMC,Cereals,Wheat,Other,FAQ,"2,585.00","2,585.00","2,585.00",Rs./Quintal,"1,101.30",Metric Tonnes,12-04-2026
Haryana,Sirsa,Ding APMC,Cereals,Wheat,Other,FAQ,"2,585.00","2,585.00","2,585.00",Rs./Quintal,"2,847.00",Metric Tonnes,24-04-2026
Haryana,Sirsa,Ding APMC,Cereals,Wheat,Other,FAQ,"2,585.00","2,585.00","2,585.00",Rs./Quintal,"4,822.70",Metric Tonnes,23-04-2026
Haryana,Sirsa,Ding APMC,Cereals,Wheat,Other,FAQ,"2,585.00","2,585.00","2,585.00",Rs./Quintal,"4,086.60",Metric Tonnes,22-04-2026
Haryana,Sirsa,Ding APMC,Cereals,Wheat,Other,FAQ,"2,585.00","2,585.00","2,585.00",Rs./Quintal,"3,133.80",Metric Tonnes,21-04-2026
Haryana,Sirsa,Ding APMC,Cereals,Wheat,Other,FAQ,"2,585.00","2,585.00","2,585.00",Rs./Quintal,"6,045.30",Metric Tonnes,20-04-2026
Haryana,Sirsa,Ding APMC,Cereals,Wheat,Other,FAQ,"2,585.00","2,585.00","2,585.00",Rs./Quintal,"4,238.60",Metric Tonnes,18-04-2026
Haryana,Sirsa,Ding APMC,Cereals,Wheat,Other,FAQ,"2,585.00","2,585.00","2,585.00",Rs./Quintal,"4,551.00",Metric Tonnes,17-04-2026
Haryana,Sirsa,Ding APMC,Cereals,Wheat,Other,FAQ,"2,585.00","2,585.00","2,585.00",Rs./Quintal,"8,062.50",Metric Tonnes,15-04-2026
Haryana,Sirsa,Ellanabad APMC,Cereals,Wheat,Deshi,FAQ,"2,585.00","2,585.00","2,585.00",Rs./Quintal,"1,450.00",Metric Tonnes,25-04-2026
Haryana,Sirsa,Ellanabad APMC,Cereals,Wheat,Deshi,FAQ,"2,585.00","2,585.00","2,585.00",Rs./Quintal,848.40,Metric Tonnes,23-04-2026
Haryana,Sirsa,Ellanabad APMC,Cereals,Wheat,Deshi,FAQ,"2,585.00","2,585.00","2,585.00",Rs./Quintal,"1,021.10",Metric Tonnes,22-04-2026
Haryana,Sirsa,Ellanabad APMC,Cereals,Wheat,Deshi,FAQ,"2,585.00","2,585.00","2,585.00",Rs./Quintal,"1,115.90",Metric Tonnes,21-04-2026
Haryana,Sirsa,Ellanabad APMC,Cereals,Wheat,Deshi,FAQ,"2,585.00","2,585.00","2,585.00",Rs./Quintal,"3,747.60",Metric Tonnes,18-04-2026
Haryana,Sirsa,Ellanabad APMC,Cereals,Wheat,Deshi,FAQ,"2,585.00","2,585.00","2,585.00",Rs./Quintal,"6,035.50",Metric Tonnes,17-04-2026
Haryana,Sirsa,Ellanabad APMC,Cereals,Wheat,Deshi,FAQ,"2,585.00","2,585.00","2,585.00",Rs./Quintal,"6,510.00",Metric Tonnes,16-04-2026
Haryana,Sirsa,Ellanabad APMC,Cereals,Wheat,Deshi,FAQ,"2,585.00","2,585.00","2,585.00",Rs./Quintal,"7,528.10",Metric Tonnes,15-04-2026
Haryana,Sirsa,Ellanabad APMC,Cereals,Wheat,Deshi,FAQ,"2,585.00","2,585.00","2,585.00",Rs./Quintal,"4,694.10",Metric Tonnes,13-04-2026
Haryana,Sirsa,Ellanabad APMC,Cereals,Wheat,Deshi,FAQ,"2,585.00","2,585.00","2,585.00",Rs./Quintal,217.80,Metric Tonnes,10-04-2026
Haryana,Sirsa,Kalawali(Odhan) APMC,Cereals,Wheat,Other,FAQ,"2,585.00","2,585.00","2,585.00",Rs./Quintal,"1,585.00",Metric Tonnes,25-04-2026
Haryana,Sirsa,Kalawali(Odhan) APMC,Cereals,Wheat,Other,Local,"2,585.00","2,585.00","2,585.00",Rs./Quintal,253.20,Metric Tonnes,24-04-2026
Haryana,Sirsa,Kalawali(Odhan) APMC,Cereals,Wheat,Other,Local,"1,800.00","2,200.00","2,000.00",Rs./Quintal,0.30,Metric Tonnes,23-04-2026
Haryana,Sirsa,Kalawali(Odhan) APMC,Cereals,Wheat,Other,Local,"2,585.00","2,585.00","2,585.00",Rs./Quintal,"1,354.00",Metric Tonnes,22-04-2026
Haryana,Sirsa,Kalawali(Odhan) APMC,Cereals,Wheat,Other,Local,"2,585.00","2,585.00","2,585.00",Rs./Quintal,"1,452.30",Metric Tonnes,21-04-2026
Haryana,Sirsa,Kalawali(Odhan) APMC,Cereals,Wheat,Other,Local,"2,585.00","2,585.00","2,585.00",Rs./Quintal,"1,652.00",Metric Tonnes,20-04-2026
Haryana,Sirsa,Kalawali(Odhan) APMC,Cereals,Wheat,Other,Local,"2,585.00","2,585.00","2,585.00",Rs./Quintal,"1,425.00",Metric Tonnes,18-04-2026
Haryana,Sirsa,Kalawali(Odhan) APMC,Cereals,Wheat,Other,Local,"2,585.00","2,585.00","2,585.00",Rs./Quintal,"1,456.00",Metric Tonnes,17-04-2026
Haryana,Sirsa,Kalawali(Odhan) APMC,Cereals,Wheat,Other,Local,"2,585.00","2,585.00","2,585.00",Rs./Quintal,"1,542.00",Metric Tonnes,16-04-2026
Haryana,Sirsa,Kalawali(Odhan) APMC,Cereals,Wheat,Other,FAQ,"2,585.00","2,585.00","2,585.00",Rs./Quintal,"2,260.00",Metric Tonnes,15-04-2026
Haryana,Sirsa,Kalawali(Odhan) APMC,Cereals,Wheat,Other,FAQ,"2,585.00","2,585.00","2,585.00",Rs./Quintal,"1,542.20",Metric Tonnes,14-04-2026
Haryana,Sirsa,Kalawali(Odhan) APMC,Cereals,Wheat,Other,FAQ,"2,585.00","2,585.00","2,585.00",Rs./Quintal,"2,152.00",Metric Tonnes,13-04-2026
Haryana,Sirsa,"New Grain Market , Sirsa APMC",Cereals,Wheat,Other,FAQ,"2,585.00","2,585.00","2,585.00",Rs./Quintal,"2,126.00",Metric Tonnes,24-04-2026
Haryana,Sirsa,"New Grain Market , Sirsa APMC",Cereals,Wheat,Other,FAQ,"2,585.00","2,585.00","2,585.00",Rs./Quintal,"2,609.40",Metric Tonnes,23-04-2026
Haryana,Sirsa,"New Grain Market , Sirsa APMC",Cereals,Wheat,Other,FAQ,"2,585.00","2,585.00","2,585.00",Rs./Quintal,"3,109.40",Metric Tonnes,22-04-2026
Haryana,Sirsa,"New Grain Market , Sirsa APMC",Cereals,Wheat,Other,FAQ,"2,585.00","2,585.00","2,585.00",Rs./Quintal,"4,545.30",Metric Tonnes,21-04-2026
Haryana,Sirsa,"New Grain Market , Sirsa APMC",Cereals,Wheat,Other,FAQ,"2,585.00","2,585.00","2,585.00",Rs./Quintal,"7,894.20",Metric Tonnes,20-04-2026
Haryana,Sirsa,"New Grain Market , Sirsa APMC",Cereals,Wheat,Other,FAQ,"2,585.00","2,585.00","2,585.00",Rs./Quintal,"10,618.50",Metric Tonnes,19-04-2026
Haryana,Sirsa,"New Grain Market , Sirsa APMC",Cereals,Wheat,Other,FAQ,"2,585.00","2,585.00","2,585.00",Rs./Quintal,"14,305.70",Metric Tonnes,17-04-2026
Haryana,Sirsa,"New Grain Market , Sirsa APMC",Cereals,Wheat,Other,FAQ,"2,585.00","2,585.00","2,585.00",Rs./Quintal,"16,502.30",Metric Tonnes,16-04-2026
Haryana,Sirsa,"New Grain Market , Sirsa APMC",Cereals,Wheat,Other,FAQ,"2,585.00","2,585.00","2,585.00",Rs./Quintal,"13,840.50",Metric Tonnes,15-04-2026
Haryana,Sirsa,"New Grain Market , Sirsa APMC",Cereals,Wheat,Other,FAQ,"2,585.00","2,585.00","2,585.00",Rs./Quintal,"18,425.80",Metric Tonnes,14-04-2026
Haryana,Sirsa,"New Grain Market , Sirsa APMC",Cereals,Wheat,Other,FAQ,"2,585.00","2,585.00","2,585.00",Rs./Quintal,"8,815.40",Metric Tonnes,13-04-2026
Haryana,Sirsa,"New Grain Market , Sirsa APMC",Cereals,Wheat,Other,FAQ,"2,585.00","2,585.00","2,585.00",Rs./Quintal,"14,985.50",Metric Tonnes,12-04-2026
Haryana,Sirsa,"New Grain Market , Sirsa APMC",Cereals,Wheat,Other,FAQ,"2,585.00","2,585.00","2,585.00",Rs./Quintal,"14,475.50",Metric Tonnes,11-04-2026
Haryana,Sirsa,"New Grain Market , Sirsa APMC",Cereals,Wheat,Other,FAQ,"2,585.00","2,585.00","2,585.00",Rs./Quintal,"11,257.20",Metric Tonnes,10-04-2026
Haryana,Sirsa,"New Grain Market , Sirsa APMC",Cereals,Wheat,Other,FAQ,"2,585.00","2,585.00","2,585.00",Rs./Quintal,"7,761.50",Metric Tonnes,09-04-2026
Haryana,Sirsa,"New Grain Market , Sirsa APMC",Cereals,Wheat,Other,FAQ,"2,585.00","2,585.00","2,585.00",Rs./Quintal,"4,154.20",Metric Tonnes,08-04-2026
Haryana,Sirsa,"New Grain Market , Sirsa APMC",Cereals,Wheat,Other,FAQ,"2,585.00","2,585.00","2,585.00",Rs./Quintal,"1,915.00",Metric Tonnes,07-04-2026
Haryana,Sirsa,"New Grain Market , Sirsa APMC",Cereals,Wheat,Other,FAQ,"2,585.00","2,585.00","2,585.00",Rs./Quintal,"1,835.20",Metric Tonnes,06-04-2026
Haryana,Sirsa,"New Grain Market , Sirsa APMC",Cereals,Wheat,Other,FAQ,"2,585.00","2,585.00","2,585.00",Rs./Quintal,54.50,Metric Tonnes,04-04-2026
Haryana,Sirsa,"New Grain Market , Sirsa APMC",Cereals,Wheat,Other,FAQ,"2,585.00","2,585.00","2,585.00",Rs./Quintal,41.80,Metric Tonnes,03-04-2026
Haryana,Sirsa,Sirsa(Malekan) APMC,Cereals,Wheat,Other,FAQ,"2,585.00","2,585.00","2,585.00",Rs./Quintal,281.00,Metric Tonnes,23-04-2026
Haryana,Sirsa,Sirsa(Malekan) APMC,Cereals,Wheat,Other,FAQ,"2,585.00","2,585.00","2,585.00",Rs./Quintal,336.00,Metric Tonnes,22-04-2026
Haryana,Sirsa,Sirsa(Malekan) APMC,Cereals,Wheat,Other,FAQ,"2,585.00","2,585.00","2,585.00",Rs./Quintal,270.50,Metric Tonnes,21-04-2026
Haryana,Sirsa,Sirsa(Malekan) APMC,Cereals,Wheat,Other,FAQ,"2,585.00","2,585.00","2,585.00",Rs./Quintal,265.20,Metric Tonnes,20-04-2026
Haryana,Sirsa,Sirsa(Malekan) APMC,Cereals,Wheat,Other,FAQ,"2,585.00","2,585.00","2,585.00",Rs./Quintal,820.30,Metric Tonnes,19-04-2026
Haryana,Sirsa,Sirsa(Malekan) APMC,Cereals,Wheat,Other,FAQ,"2,585.00","2,585.00","2,585.00",Rs./Quintal,"1,787.60",Metric Tonnes,17-04-2026
Haryana,Sirsa,Sirsa(Malekan) APMC,Cereals,Wheat,Other,FAQ,"2,585.00","2,585.00","2,585.00",Rs./Quintal,"2,052.50",Metric Tonnes,16-04-2026
Haryana,Sirsa,Sirsa(Malekan) APMC,Cereals,Wheat,Other,FAQ,"2,585.00","2,585.00","2,585.00",Rs./Quintal,"2,222.00",Metric Tonnes,15-04-2026
Haryana,Sirsa,Sirsa(Malekan) APMC,Cereals,Wheat,Other,FAQ,"2,585.00","2,585.00","2,585.00",Rs./Quintal,"1,728.00",Metric Tonnes,14-04-2026
Haryana,Sirsa,Sirsa(Malekan) APMC,Cereals,Wheat,Other,FAQ,"2,585.00","2,585.00","2,585.00",Rs./Quintal,670.70,Metric Tonnes,13-04-2026
Haryana,Sirsa,Sirsa(Malekan) APMC,Cereals,Wheat,Other,FAQ,"2,585.00","2,585.00","2,585.00",Rs./Quintal,"1,638.80",Metric Tonnes,12-04-2026
Haryana,Sirsa,Sirsa(Malekan) APMC,Cereals,Wheat,Other,FAQ,"2,585.00","2,585.00","2,585.00",Rs./Quintal,"1,344.30",Metric Tonnes,11-04-2026
Haryana,Sirsa,Sirsa(Malekan) APMC,Cereals,Wheat,Other,FAQ,"2,585.00","2,585.00","2,585.00",Rs./Quintal,"1,449.10",Metric Tonnes,10-04-2026
Haryana,Sirsa,Sirsa(Malekan) APMC,Cereals,Wheat,Other,FAQ,"2,585.00","2,585.00","2,585.00",Rs./Quintal,591.90,Metric Tonnes,09-04-2026
Haryana,Sirsa,kalanwali APMC,Cereals,Wheat,Other,Local,"2,585.00","2,585.00","2,585.00",Rs./Quintal,"9,586.30",Metric Tonnes,21-04-2026
Haryana,Sirsa,kalanwali APMC,Cereals,Wheat,Other,Local,"2,585.00","2,585.00","2,585.00",Rs./Quintal,"16,870.00",Metric Tonnes,16-04-2026
Haryana,Sirsa,kalanwali APMC,Cereals,Wheat,Other,Local,"2,585.00","2,585.00","2,585.00",Rs./Quintal,"15,954.60",Metric Tonnes,14-04-2026
Haryana,Sirsa,kalanwali APMC,Cereals,Wheat,Other,FAQ,"2,585.00","2,585.00","2,585.00",Rs./Quintal,"4,356.50",Metric Tonnes,13-04-2026
Haryana,Sirsa,kalanwali APMC,Cereals,Wheat,Other,FAQ,"2,585.00","2,585.00","2,585.00",Rs./Quintal,"1,161.00",Metric Tonnes,10-04-2026
Haryana,Sirsa,kalanwali APMC,Cereals,Wheat,Other,FAQ,"2,585.00","2,585.00","2,585.00",Rs./Quintal,752.50,Metric Tonnes,09-04-2026
Haryana,Sonipat,"New Grain Market , Sonipat APMC",Cereals,Wheat,Other,FAQ,"2,585.00","2,585.00","2,585.00",Rs./Quintal,502.20,Metric Tonnes,25-04-2026
Haryana,Sonipat,"New Grain Market , Sonipat APMC",Cereals,Wheat,Other,FAQ,"2,585.00","2,585.00","2,585.00",Rs./Quintal,"4,820.60",Metric Tonnes,24-04-2026
Haryana,Sonipat,"New Grain Market , Sonipat APMC",Cereals,Wheat,Other,FAQ,"2,585.00","2,585.00","2,585.00",Rs./Quintal,"2,400.00",Metric Tonnes,23-04-2026
Haryana,Sonipat,"New Grain Market , Sonipat APMC",Cereals,Wheat,Other,FAQ,"2,585.00","2,585.00","2,585.00",Rs./Quintal,"3,850.00",Metric Tonnes,22-04-2026
Haryana,Sonipat,"New Grain Market , Sonipat APMC",Cereals,Wheat,Other,FAQ,"2,585.00","2,585.00","2,585.00",Rs./Quintal,"4,562.00",Metric Tonnes,21-04-2026
Haryana,Sonipat,"New Grain Market , Sonipat APMC",Cereals,Wheat,Other,FAQ,"2,585.00","2,585.00","2,585.00",Rs./Quintal,"2,540.00",Metric Tonnes,20-04-2026
Haryana,Sonipat,"New Grain Market , Sonipat APMC",Cereals,Wheat,Other,FAQ,"2,585.00","2,585.00","2,585.00",Rs./Quintal,"3,025.00",Metric Tonnes,19-04-2026
Haryana,Sonipat,"New Grain Market , Sonipat APMC",Cereals,Wheat,Other,FAQ,"2,585.00","2,585.00","2,585.00",Rs./Quintal,"6,500.00",Metric Tonnes,18-04-2026
Haryana,Sonipat,"New Grain Market , Sonipat APMC",Cereals,Wheat,Other,FAQ,"2,585.00","2,585.00","2,585.00",Rs./Quintal,"3,000.00",Metric Tonnes,17-04-2026
Haryana,Sonipat,"New Grain Market , Sonipat APMC",Cereals,Wheat,Other,FAQ,"2,585.00","2,585.00","2,585.00",Rs./Quintal,"2,600.00",Metric Tonnes,16-04-2026
Haryana,Sonipat,"New Grain Market , Sonipat APMC",Cereals,Wheat,Other,FAQ,"2,585.00","2,585.00","2,585.00",Rs./Quintal,"3,500.00",Metric Tonnes,15-04-2026
Haryana,Sonipat,"New Grain Market , Sonipat APMC",Cereals,Wheat,Deshi,FAQ,"2,585.00","2,585.00","2,585.00",Rs./Quintal,235.80,Metric Tonnes,14-04-2026
Haryana,Sonipat,"New Grain Market , Sonipat APMC",Cereals,Wheat,Other,FAQ,"2,585.00","2,585.00","2,585.00",Rs./Quintal,"1,500.00",Metric Tonnes,14-04-2026
Haryana,Sonipat,"New Grain Market , Sonipat APMC",Cereals,Wheat,Other,FAQ,"2,585.00","2,585.00","2,585.00",Rs./Quintal,"2,000.00",Metric Tonnes,11-04-2026
Haryana,Sonipat,"New Grain Market , Sonipat APMC",Cereals,Wheat,Other,FAQ,"2,585.00","2,585.00","2,585.00",Rs./Quintal,"2,500.00",Metric Tonnes,10-04-2026
Haryana,Sonipat,"New Grain Market , Sonipat APMC",Cereals,Wheat,Other,FAQ,"2,585.00","2,585.00","2,585.00",Rs./Quintal,"5,036.00",Metric Tonnes,09-04-2026
Haryana,Sonipat,"New Grain Market , Sonipat APMC",Cereals,Wheat,Other,FAQ,"2,585.00","2,585.00","2,585.00",Rs./Quintal,"1,880.00",Metric Tonnes,06-04-2026
Haryana,Yamuna Nagar,Bilaspur APMC,Cereals,Wheat,Other,Local,"2,585.00","2,585.00","2,585.00",Rs./Quintal,"1,241.70",Metric Tonnes,23-04-2026
Haryana,Yamuna Nagar,Bilaspur APMC,Cereals,Wheat,Other,Local,"2,585.00","2,585.00","2,585.00",Rs./Quintal,"3,192.50",Metric Tonnes,22-04-2026
Haryana,Yamuna Nagar,Bilaspur APMC,Cereals,Wheat,Other,Local,"2,585.00","2,585.00","2,585.00",Rs./Quintal,"3,061.00",Metric Tonnes,21-04-2026
Haryana,Yamuna Nagar,Bilaspur APMC,Cereals,Wheat,Other,Local,"2,585.00","2,585.00","2,585.00",Rs./Quintal,"2,720.50",Metric Tonnes,18-04-2026
Haryana,Yamuna Nagar,Bilaspur APMC,Cereals,Wheat,Other,Local,"2,585.00","2,585.00","2,585.00",Rs./Quintal,"2,265.80",Metric Tonnes,17-04-2026
Haryana,Yamuna Nagar,Bilaspur APMC,Cereals,Wheat,Other,Local,"2,585.00","2,585.00","2,585.00",Rs./Quintal,"4,386.90",Metric Tonnes,16-04-2026
Haryana,Yamuna Nagar,Bilaspur APMC,Cereals,Wheat,Other,Local,"2,585.00","2,585.00","2,585.00",Rs./Quintal,"5,345.70",Metric Tonnes,15-04-2026
Haryana,Yamuna Nagar,Bilaspur APMC,Cereals,Wheat,Other,Local,"2,585.00","2,585.00","2,585.00",Rs./Quintal,"4,267.70",Metric Tonnes,13-04-2026
Haryana,Yamuna Nagar,Bilaspur APMC,Cereals,Wheat,Other,Local,"2,585.00","2,585.00","2,585.00",Rs./Quintal,"3,677.00",Metric Tonnes,11-04-2026
Haryana,Yamuna Nagar,Bilaspur APMC,Cereals,Wheat,Other,Local,"2,585.00","2,585.00","2,585.00",Rs./Quintal,"1,747.50",Metric Tonnes,10-04-2026
Haryana,Yamuna Nagar,Bilaspur APMC,Cereals,Wheat,Other,FAQ,"2,585.00","2,585.00","2,585.00",Rs./Quintal,"2,349.60",Metric Tonnes,09-04-2026
Haryana,Yamuna Nagar,Bilaspur APMC,Cereals,Wheat,Other,FAQ,"2,585.00","2,585.00","2,585.00",Rs./Quintal,165.90,Metric Tonnes,06-04-2026
Haryana,Yamuna Nagar,Bilaspur APMC,Cereals,Wheat,Other,FAQ,"2,585.00","2,585.00","2,585.00",Rs./Quintal,251.60,Metric Tonnes,04-04-2026
Haryana,Yamuna Nagar,Bilaspur APMC,Cereals,Wheat,Other,FAQ,"2,585.00","2,585.00","2,585.00",Rs./Quintal,1.50,Metric Tonnes,03-04-2026
Haryana,Yamuna Nagar,Chhachhrauli(Khizrabad) APMC,Cereals,Wheat,Kanak,Local,"2,585.00","2,585.00","2,585.00",Rs./Quintal,"4,063.30",Metric Tonnes,24-04-2026
Haryana,Yamuna Nagar,Chhachhrauli(Khizrabad) APMC,Cereals,Wheat,Kanak,Local,"2,585.00","2,585.00","2,585.00",Rs./Quintal,"5,078.90",Metric Tonnes,22-04-2026
Haryana,Yamuna Nagar,Chhachhrauli(Khizrabad) APMC,Cereals,Wheat,Kanak,Local,"2,585.00","2,585.00","2,585.00",Rs./Quintal,"4,864.70",Metric Tonnes,21-04-2026
Haryana,Yamuna Nagar,Chhachhrauli(Khizrabad) APMC,Cereals,Wheat,Kanak,Local,"2,585.00","2,585.00","2,585.00",Rs./Quintal,"3,059.10",Metric Tonnes,18-04-2026
Haryana,Yamuna Nagar,Chhachhrauli(Khizrabad) APMC,Cereals,Wheat,Kanak,Local,"2,585.00","2,585.00","2,585.00",Rs./Quintal,"5,644.90",Metric Tonnes,17-04-2026
Haryana,Yamuna Nagar,Chhachhrauli(Khizrabad) APMC,Cereals,Wheat,Kanak,Local,"2,585.00","2,585.00","2,585.00",Rs./Quintal,"6,289.20",Metric Tonnes,15-04-2026
Haryana,Yamuna Nagar,Chhachhrauli(Khizrabad) APMC,Cereals,Wheat,Kanak,Local,"2,385.00","2,385.00","2,385.00",Rs./Quintal,"1,053.40",Metric Tonnes,11-04-2026
Haryana,Yamuna Nagar,Chhachhrauli(Khizrabad) APMC,Cereals,Wheat,Kanak,Local,"2,585.00","2,585.00","2,585.00",Rs./Quintal,162.60,Metric Tonnes,09-04-2026
Haryana,Yamuna Nagar,Chhachrauli APMC,Cereals,Wheat,Kanak,Local,"2,585.00","2,585.00","2,585.00",Rs./Quintal,"3,692.30",Metric Tonnes,24-04-2026
Haryana,Yamuna Nagar,Chhachrauli APMC,Cereals,Wheat,Kanak,Local,"2,585.00","2,585.00","2,585.00",Rs./Quintal,"2,746.80",Metric Tonnes,22-04-2026
Haryana,Yamuna Nagar,Chhachrauli APMC,Cereals,Wheat,Kanak,Local,"2,585.00","2,585.00","2,585.00",Rs./Quintal,"6,831.50",Metric Tonnes,21-04-2026
Haryana,Yamuna Nagar,Chhachrauli APMC,Cereals,Wheat,Kanak,Local,"2,585.00","2,585.00","2,585.00",Rs./Quintal,"2,506.40",Metric Tonnes,17-04-2026
Haryana,Yamuna Nagar,Chhachrauli APMC,Cereals,Wheat,Kanak,Local,"2,585.00","2,585.00","2,585.00",Rs./Quintal,"4,852.40",Metric Tonnes,16-04-2026
Haryana,Yamuna Nagar,Chhachrauli APMC,Cereals,Wheat,Kanak,Local,"2,585.00","2,585.00","2,585.00",Rs./Quintal,"1,319.70",Metric Tonnes,11-04-2026
Haryana,Yamuna Nagar,Chhachrauli APMC,Cereals,Wheat,Kanak,Local,"2,585.00","2,585.00","2,585.00",Rs./Quintal,809.50,Metric Tonnes,09-04-2026
Haryana,Yamuna Nagar,Chhachrauli APMC,Cereals,Wheat,Kanak,Local,"2,585.00","2,585.00","2,585.00",Rs./Quintal,492.90,Metric Tonnes,07-04-2026
Haryana,Yamuna Nagar,Chhachrauli APMC,Cereals,Wheat,Kanak,FAQ,"2,585.00","2,585.00","2,585.00",Rs./Quintal,58.30,Metric Tonnes,02-04-2026
Haryana,Yamuna Nagar,Jagadhri APMC,Cereals,Wheat,Local,FAQ,"2,585.00","2,585.00","2,585.00",Rs./Quintal,"1,010.30",Metric Tonnes,21-04-2026
Haryana,Yamuna Nagar,Jagadhri APMC,Cereals,Wheat,Local,FAQ,"2,585.00","2,585.00","2,585.00",Rs./Quintal,"2,623.30",Metric Tonnes,18-04-2026
Haryana,Yamuna Nagar,Jagadhri APMC,Cereals,Wheat,Local,FAQ,"2,585.00","2,585.00","2,585.00",Rs./Quintal,"3,734.90",Metric Tonnes,17-04-2026
Haryana,Yamuna Nagar,Jagadhri APMC,Cereals,Wheat,Local,FAQ,"2,585.00","2,585.00","2,585.00",Rs./Quintal,"4,079.00",Metric Tonnes,16-04-2026
Haryana,Yamuna Nagar,Jagadhri APMC,Cereals,Wheat,Local,FAQ,"2,585.00","2,585.00","2,585.00",Rs./Quintal,"3,850.00",Metric Tonnes,15-04-2026
Haryana,Yamuna Nagar,Jagadhri APMC,Cereals,Wheat,Local,FAQ,"2,585.00","2,585.00","2,585.00",Rs./Quintal,"7,721.45",Metric Tonnes,14-04-2026
Haryana,Yamuna Nagar,Jagadhri APMC,Cereals,Wheat,Local,FAQ,"2,585.00","2,585.00","2,585.00",Rs./Quintal,"2,339.27",Metric Tonnes,11-04-2026
Haryana,Yamuna Nagar,Jagadhri APMC,Cereals,Wheat,Other,FAQ,"2,585.00","2,585.00","2,585.00",Rs./Quintal,"1,091.15",Metric Tonnes,10-04-2026
Haryana,Yamuna Nagar,Jagadhri APMC,Cereals,Wheat,Other,FAQ,"2,585.00","2,585.00","2,585.00",Rs./Quintal,"1,585.80",Metric Tonnes,09-04-2026
Haryana,Yamuna Nagar,Jagadhri APMC,Cereals,Wheat,Other,FAQ,"2,585.00","2,585.00","2,585.00",Rs./Quintal,812.10,Metric Tonnes,07-04-2026
Haryana,Yamuna Nagar,Jagadhri APMC,Cereals,Wheat,Local,FAQ,"2,585.00","2,585.00","2,585.00",Rs./Quintal,104.98,Metric Tonnes,03-04-2026
Haryana,Yamuna Nagar,Jagadhri APMC,Cereals,Wheat,Local,FAQ,"2,585.00","2,585.00","2,585.00",Rs./Quintal,48.52,Metric Tonnes,02-04-2026
Haryana,Yamuna Nagar,Sadhaura APMC,Cereals,Wheat,Other,Local,"2,585.00","2,585.00","2,585.00",Rs./Quintal,"3,053.80",Metric Tonnes,14-04-2026
Haryana,Yamuna Nagar,Sadhaura APMC,Cereals,Wheat,Kanak,FAQ,"2,585.00","2,585.00","2,585.00",Rs./Quintal,"1,332.70",Metric Tonnes,11-04-2026
Haryana,Yamuna Nagar,Sadhaura APMC,Cereals,Wheat,Other,FAQ,"2,585.00","2,585.00","2,585.00",Rs./Quintal,31.90,Metric Tonnes,08-04-2026
Haryana,Yamuna Nagar,Yamuna Nagar APMC,Cereals,Wheat,Other,FAQ,"2,585.00","2,585.00","2,585.00",Rs./Quintal,14.50,Metric Tonnes,21-04-2026
Haryana,Yamuna Nagar,Yamuna Nagar APMC,Cereals,Wheat,Other,FAQ,"2,585.00","2,585.00","2,585.00",Rs./Quintal,22.50,Metric Tonnes,20-04-2026

State,District,Market,Commodity,Variety,Grade,Arrival_Date,Min_Price,Max_Price,Modal_Price,Commodity_Code
Haryana,Karnal,Asandh,Wheat,Other,FAQ,14/04/2015,1450,1450,1450,1
Haryana,Karnal,Asandh,Wheat,Other,FAQ,22/04/2015,1450,1450,1450,1
Haryana,Karnal,Asandh,Wheat,Other,FAQ,28/04/2015,1450,1450,1450,1
Haryana,Karnal,Asandh,Wheat,Other,FAQ,13/04/2011,1120,1120,1120,1
Haryana,Karnal,Asandh,Wheat,Other,FAQ,20/04/2011,1120,1120,1120,1
Haryana,Karnal,Asandh,Wheat,Other,FAQ,22/04/2011,1120,1120,1120,1
Haryana,Karnal,Asandh,Wheat,Other,FAQ,23/04/2011,1120,1120,1120,1
Haryana,Karnal,Asandh,Wheat,Other,FAQ,28/04/2011,1120,1120,1120,1
Haryana,Karnal,Asandh,Wheat,Other,FAQ,09/05/2011,1120,1120,1120,1
Haryana,Karnal,Asandh,Wheat,Other,FAQ,06/04/2009,1080,1080,1080,1
Haryana,Karnal,Asandh,Wheat,Other,FAQ,13/04/2009,1080,1080,1080,1
Haryana,Karnal,Asandh,Wheat,Other,FAQ,14/04/2009,1080,1080,1080,1
Haryana,Karnal,Asandh,Wheat,Other,FAQ,22/04/2009,1080,1080,1080,1
Haryana,Karnal,Asandh,Wheat,Other,FAQ,28/04/2009,1080,1080,1080,1
Haryana,Karnal,Asandh,Wheat,Other,FAQ,10/04/2008,1000,1000,1000,1
Haryana,Karnal,Asandh,Wheat,Other,FAQ,14/04/2008,1000,1000,1000,1
Haryana,Karnal,Asandh,Wheat,Other,FAQ,19/04/2008,1000,1000,1000,1
Haryana,Karnal,Asandh,Wheat,Other,FAQ,30/04/2008,1000,1000,1000,1
Haryana,Karnal,Asandh,Wheat,Other,FAQ,06/05/2008,1000,1000,1000,1
Haryana,Karnal,Asandh,Wheat,Other,FAQ,13/04/2013,1350,1350,1350,1
Haryana,Karnal,Asandh,Wheat,Other,FAQ,25/04/2013,1350,1350,1350,1
Haryana,Karnal,Asandh,Wheat,Other,FAQ,15/04/2014,1400,1400,1400,1
Haryana,Karnal,Asandh,Wheat,Other,FAQ,26/04/2014,1400,1400,1400,1
Haryana,Karnal,Asandh,Wheat,Other,FAQ,02/05/2014,1400,1400,1400,1
Haryana,Karnal,Asandh,Wheat,Other,FAQ,08/05/2014,1400,1400,1400,1
Haryana,Karnal,Asandh,Wheat,Other,FAQ,17/04/2018,1735,1735,1735,1
Haryana,Karnal,Asandh,Wheat,Other,FAQ,19/04/2018,1735,1735,1735,1
Haryana,Karnal,Asandh,Wheat,Other,FAQ,27/04/2025,2425,2425,2425,1
Haryana,Karnal,Asandh,Wheat,Other,FAQ,28/04/2025,2425,2426,2425,1
Haryana,Karnal,Asandh,Wheat,Other,FAQ,20/04/2015,1450,1450,1450,1
Haryana,Karnal,Asandh,Wheat,Other,FAQ,24/04/2015,1450,1450,1450,1
Haryana,Karnal,Asandh,Wheat,Other,FAQ,26/04/2015,1450,1450,1450,1
Haryana,Karnal,Asandh,Wheat,Other,FAQ,01/05/2015,1450,1450,1450,1
Haryana,Karnal,Asandh,Wheat,Other,FAQ,04/05/2015,1450,1450,1450,1
Haryana,Karnal,Asandh,Wheat,Other,FAQ,19/04/2013,1350,1350,1350,1
Haryana,Karnal,Asandh,Wheat,Other,FAQ,21/04/2013,1350,1350,1350,1
Haryana,Karnal,Asandh,Wheat,Other,FAQ,27/04/2013,1350,1350,1350,1
Haryana,Karnal,Asandh,Wheat,Other,FAQ,14/04/2014,1400,1400,1400,1
Haryana,Karnal,Asandh,Wheat,Other,FAQ,23/04/2014,1400,1400,1400,1
Haryana,Karnal,Asandh,Wheat,Other,FAQ,24/04/2014,1400,1400,1400,1
Haryana,Karnal,Asandh,Wheat,Other,FAQ,27/04/2014,1400,1400,1400,1
Haryana,Karnal,Asandh,Wheat,Other,FAQ,29/04/2014,1400,1400,1400,1
Haryana,Karnal,Asandh,Wheat,Other,FAQ,30/04/2014,1400,1400,1400,1
Haryana,Karnal,Asandh,Wheat,Other,FAQ,01/05/2014,1400,1400,1400,1
Haryana,Karnal,Asandh,Wheat,Other,FAQ,03/05/2014,1400,1400,1400,1
Haryana,Karnal,Asandh,Wheat,Other,FAQ,06/05/2014,1400,1400,1400,1
Haryana,Karnal,Asandh,Wheat,Other,FAQ,12/05/2014,1400,1400,1400,1
Haryana,Karnal,Asandh,Wheat,Other,FAQ,01/05/2018,1735,1735,1735,1
Haryana,Karnal,Asandh,Wheat,Other,FAQ,02/05/2018,1735,1735,1735,1
Haryana,Karnal,Asandh,Wheat,Other,FAQ,03/05/2018,1735,1735,1735,1
Haryana,Karnal,Asandh,Wheat,Other,FAQ,04/04/2009,1080,1080,1080,1
Haryana,Karnal,Asandh,Wheat,Other,FAQ,15/04/2009,1080,1080,1080,1
Haryana,Karnal,Asandh,Wheat,Other,FAQ,16/04/2011,1120,1120,1120,1
Haryana,Karnal,Asandh,Wheat,Other,FAQ,18/04/2011,1120,1120,1120,1
Haryana,Karnal,Asandh,Wheat,Other,FAQ,21/04/2011,1120,1120,1120,1
Haryana,Karnal,Asandh,Wheat,Other,FAQ,25/04/2011,1120,1120,1120,1
Haryana,Karnal,Asandh,Wheat,Other,FAQ,27/04/2011,1120,1120,1120,1
Haryana,Karnal,Asandh,Wheat,Other,FAQ,02/05/2011,1120,1120,1120,1
Haryana,Karnal,Asandh,Wheat,Other,FAQ,06/05/2011,1120,1120,1120,1
Haryana,Karnal,Asandh,Wheat,Other,FAQ,28/04/2004,630,630,630,1
Haryana,Karnal,Asandh,Wheat,Other,FAQ,05/04/2010,1100,1100,1100,1
Haryana,Karnal,Asandh,Wheat,Other,FAQ,06/04/2010,1100,1100,1100,1
Haryana,Karnal,Asandh,Wheat,Other,FAQ,12/04/2008,1000,1000,1000,1
Haryana,Karnal,Asandh,Wheat,Other,FAQ,13/04/2008,1000,1000,1000,1
Haryana,Karnal,Asandh,Wheat,Other,FAQ,15/04/2008,1000,1000,1000,1
Haryana,Karnal,Asandh,Wheat,Other,FAQ,17/04/2008,1000,1000,1000,1
Haryana,Karnal,Asandh,Wheat,Other,FAQ,28/04/2008,1000,1000,1000,1
Haryana,Karnal,Asandh,Wheat,Other,FAQ,01/05/2008,1000,1000,1000,1
Haryana,Karnal,Asandh,Wheat,Other,FAQ,03/05/2008,1000,1000,1000,1
Haryana,Karnal,Asandh,Wheat,Other,FAQ,05/05/2008,1000,1000,1000,1
Haryana,Karnal,Asandh,Wheat,Other,FAQ,10/05/2008,1000,1000,1000,1
Haryana,Karnal,Asandh,Wheat,Other,FAQ,16/05/2008,1000,1000,1000,1
Haryana,Karnal,Asandh,Wheat,Other,FAQ,12/05/2025,2425,2425,2425,1
Haryana,Karnal,Asandh,Wheat,Other,FAQ,16/04/2013,1350,1350,1350,1
Haryana,Karnal,Asandh,Wheat,Other,FAQ,20/04/2013,1350,1350,1350,1
Haryana,Karnal,Asandh,Wheat,Other,FAQ,22/04/2013,1350,1350,1350,1
Haryana,Karnal,Asandh,Wheat,Other,FAQ,23/04/2013,1350,1350,1350,1
Haryana,Karnal,Asandh,Wheat,Other,FAQ,24/04/2013,1350,1350,1350,1
Haryana,Karnal,Asandh,Wheat,Other,FAQ,26/04/2013,1350,1350,1350,1
Haryana,Karnal,Asandh,Wheat,Other,FAQ,16/04/2014,1400,1400,1400,1
Haryana,Karnal,Asandh,Wheat,Other,FAQ,21/04/2014,1400,1400,1400,1
Haryana,Karnal,Asandh,Wheat,Other,FAQ,22/04/2014,1400,1400,1400,1
Haryana,Karnal,Asandh,Wheat,Other,FAQ,25/04/2014,1400,1400,1400,1
Haryana,Karnal,Asandh,Wheat,Other,FAQ,28/04/2014,1400,1400,1400,1
Haryana,Karnal,Asandh,Wheat,Other,FAQ,15/04/2011,1120,1120,1120,1
Haryana,Karnal,Asandh,Wheat,Other,FAQ,17/04/2011,1120,1120,1120,1
Haryana,Karnal,Asandh,Wheat,Other,FAQ,19/04/2011,1120,1120,1120,1
Haryana,Karnal,Asandh,Wheat,Other,FAQ,30/04/2011,1120,1120,1120,1
Haryana,Karnal,Asandh,Wheat,Other,FAQ,05/05/2011,1120,1120,1120,1
Haryana,Karnal,Asandh,Wheat,Other,FAQ,10/04/2010,1100,1100,1100,1
Haryana,Karnal,Asandh,Wheat,Other,FAQ,20/04/2004,630,630,630,1
Haryana,Karnal,Asandh,Wheat,Other,FAQ,22/04/2004,630,630,630,1
Haryana,Karnal,Asandh,Wheat,Other,FAQ,23/04/2004,630,630,630,1
Haryana,Karnal,Asandh,Wheat,Other,FAQ,24/04/2004,630,630,630,1
Haryana,Karnal,Asandh,Wheat,Other,FAQ,21/04/2015,1450,1450,1450,1
Haryana,Karnal,Asandh,Wheat,Other,FAQ,30/04/2015,1450,1450,1450,1
Haryana,Karnal,Asandh,Wheat,Other,FAQ,07/05/2015,1450,1450,1450,1
Haryana,Karnal,Asandh,Wheat,Other,FAQ,05/04/2009,1080,1080,1080,1
Haryana,Karnal,Asandh,Wheat,Other,FAQ,07/04/2009,1080,1080,1080,1
Haryana,Karnal,Asandh,Wheat,Other,FAQ,10/04/2009,1080,1080,1080,1
Haryana,Karnal,Asandh,Wheat,Other,FAQ,11/04/2009,1080,1080,1080,1
Haryana,Karnal,Asandh,Wheat,Other,FAQ,16/04/2009,1080,1080,1080,1
Haryana,Karnal,Asandh,Wheat,Other,FAQ,25/04/2009,1080,1080,1080,1
Haryana,Karnal,Asandh,Wheat,Other,FAQ,27/04/2009,1080,1080,1080,1
Haryana,Karnal,Asandh,Wheat,Other,FAQ,30/04/2009,1080,1080,1080,1
Haryana,Karnal,Asandh,Wheat,Other,FAQ,16/04/2008,1000,1000,1000,1
Haryana,Karnal,Asandh,Wheat,Other,FAQ,22/04/2008,1000,1000,1000,1
Haryana,Karnal,Asandh,Wheat,Other,FAQ,25/04/2008,1000,1000,1000,1
Haryana,Karnal,Asandh,Wheat,Other,FAQ,26/04/2008,1000,1000,1000,1
Haryana,Karnal,Asandh,Wheat,Other,FAQ,12/04/2018,1735,1735,1735,1
Haryana,Karnal,Asandh,Wheat,Other,FAQ,13/04/2018,1735,1735,1735,1
Haryana,Karnal,Asandh,Wheat,Other,FAQ,27/04/2018,1735,1735,1735,1
Haryana,Karnal,Asandh,Wheat,Other,FAQ,19/04/2025,2425,2426,2425,1
Haryana,Karnal,Asandh,Wheat,Other,FAQ,23/04/2025,2425,2426,2425,1
Haryana,Karnal,Asandh,Wheat,Other,FAQ,08/04/2025,2425,2425,2425,1
Haryana,Karnal,Asandh,Wheat,Other,FAQ,25/04/2025,2425,2425,2425,1
Haryana,Karnal,Asandh,Wheat,Other,FAQ,15/04/2015,1450,1450,1450,1
Haryana,Karnal,Asandh,Wheat,Other,FAQ,17/04/2015,1450,1450,1450,1
Haryana,Karnal,Asandh,Wheat,Other,FAQ,19/04/2015,1450,1450,1450,1
Haryana,Karnal,Asandh,Wheat,Other,FAQ,29/04/2015,1450,1450,1450,1
Haryana,Karnal,Asandh,Wheat,Other,FAQ,05/05/2015,1450,1450,1450,1
Haryana,Karnal,Asandh,Wheat,Other,FAQ,08/05/2015,1450,1450,1450,1
Haryana,Karnal,Asandh,Wheat,Other,FAQ,09/04/2009,1080,1080,1080,1
Haryana,Karnal,Asandh,Wheat,Other,FAQ,20/04/2009,1080,1080,1080,1
Haryana,Karnal,Asandh,Wheat,Other,FAQ,01/05/2009,2500,2500,2500,1
Haryana,Karnal,Asandh,Wheat,Other,FAQ,09/04/2018,1735,1735,1735,1
Haryana,Karnal,Asandh,Wheat,Other,FAQ,10/04/2018,1735,1735,1735,1
Haryana,Karnal,Asandh,Wheat,Other,FAQ,14/04/2018,1735,1735,1735,1
Haryana,Karnal,Asandh,Wheat,Other,FAQ,15/04/2018,1735,1735,1735,1
Haryana,Karnal,Asandh,Wheat,Other,FAQ,16/04/2018,1735,1735,1735,1
Haryana,Karnal,Asandh,Wheat,Other,FAQ,23/04/2008,1000,1000,1000,1
Haryana,Karnal,Asandh,Wheat,Other,FAQ,24/04/2008,1000,1000,1000,1
Haryana,Karnal,Asandh,Wheat,Other,FAQ,27/04/2008,1000,1000,1000,1
Haryana,Karnal,Asandh,Wheat,Other,FAQ,02/05/2008,1000,1000,1000,1
Haryana,Karnal,Asandh,Wheat,Other,FAQ,04/05/2008,1000,1000,1000,1
Haryana,Karnal,Asandh,Wheat,Other,FAQ,08/05/2008,1000,1000,1000,1
Haryana,Karnal,Asandh,Wheat,Other,FAQ,12/04/2013,1350,1350,1350,1
Haryana,Karnal,Asandh,Wheat,Other,FAQ,18/04/2013,1350,1350,1350,1
Haryana,Karnal,Asandh,Wheat,Other,FAQ,29/04/2011,1120,1120,1120,1
Haryana,Karnal,Asandh,Wheat,Other,FAQ,01/05/2011,1120,1120,1120,1
Haryana,Karnal,Asandh,Wheat,Other,FAQ,03/05/2011,1120,1120,1120,1
Haryana,Karnal,Asandh,Wheat,Other,FAQ,04/05/2011,1120,1120,1120,1
Haryana,Karnal,Asandh,Wheat,Other,FAQ,13/05/2011,1120,1120,1120,1
Haryana,Karnal,Asandh,Wheat,Other,FAQ,17/04/2014,1400,1400,1400,1
Haryana,Karnal,Asandh,Wheat,Other,FAQ,18/04/2014,1400,1400,1400,1
Haryana,Karnal,Asandh,Wheat,Other,FAQ,20/04/2014,1400,1400,1400,1
Haryana,Karnal,Asandh,Wheat,Other,FAQ,05/05/2014,1400,1400,1400,1
Haryana,Karnal,Asandh,Wheat,Other,FAQ,07/05/2014,1400,1400,1400,1
Haryana,Karnal,Asandh,Wheat,Other,FAQ,07/04/2010,1100,1100,1100,1
Haryana,Karnal,Asandh,Wheat,Other,FAQ,08/04/2010,1100,1100,1100,1
Haryana,Karnal,Asandh,Wheat,Other,FAQ,11/04/2010,1100,1100,1100,1
Haryana,Karnal,Asandh,Wheat,Other,FAQ,20/04/2025,2425,2425,2425,1
Haryana,Karnal,Asandh,Wheat,Other,FAQ,24/04/2025,2425,2426,2425,1
Haryana,Karnal,Asandh,Wheat,Other,FAQ,30/04/2025,2425,2425,2425,1
Haryana,Karnal,Asandh,Wheat,Other,FAQ,12/04/2011,1120,1120,1120,1
Haryana,Karnal,Asandh,Wheat,Other,FAQ,14/04/2011,1120,1120,1120,1
Haryana,Karnal,Asandh,Wheat,Other,FAQ,26/04/2011,1120,1120,1120,1
Haryana,Karnal,Asandh,Wheat,Other,FAQ,11/05/2011,1120,1120,1120,1
Haryana,Karnal,Asandh,Wheat,Other,FAQ,12/05/2011,1120,1120,1120,1
Haryana,Karnal,Asandh,Wheat,Other,FAQ,18/04/2015,1450,1450,1450,1
Haryana,Karnal,Asandh,Wheat,Other,FAQ,23/04/2015,1450,1450,1450,1
Haryana,Karnal,Asandh,Wheat,Other,FAQ,27/04/2015,1450,1450,1450,1
Haryana,Karnal,Asandh,Wheat,Other,FAQ,21/04/2004,630,630,630,1
Haryana,Karnal,Asandh,Wheat,Other,FAQ,26/04/2004,630,630,630,1
Haryana,Karnal,Asandh,Wheat,Other,FAQ,08/04/2009,1080,1080,1080,1
Haryana,Karnal,Asandh,Wheat,Other,FAQ,12/04/2009,1080,1080,1080,1
Haryana,Karnal,Asandh,Wheat,Other,FAQ,19/04/2009,1080,1080,1080,1
Haryana,Karnal,Asandh,Wheat,Other,FAQ,05/05/2009,1080,1080,1080,1
Haryana,Karnal,Asandh,Wheat,Other,FAQ,09/04/2010,1100,1100,1100,1
Haryana,Karnal,Asandh,Wheat,Other,FAQ,19/04/2014,1400,1400,1400,1
Haryana,Karnal,Asandh,Wheat,Other,FAQ,09/05/2014,1400,1400,1400,1
Haryana,Karnal,Asandh,Wheat,Other,FAQ,11/04/2018,1735,1735,1735,1
Haryana,Karnal,Asandh,Wheat,Other,FAQ,18/04/2018,1735,1735,1735,1
Haryana,Karnal,Asandh,Wheat,Other,FAQ,20/04/2018,1735,1735,1735,1
Haryana,Karnal,Asandh,Wheat,Other,FAQ,25/04/2018,1735,1735,1735,1
Haryana,Karnal,Asandh,Wheat,Other,FAQ,26/04/2018,1735,1735,1735,1
Haryana,Karnal,Asandh,Wheat,Other,FAQ,08/05/2018,1735,1735,1735,1
Haryana,Karnal,Asandh,Wheat,Other,FAQ,14/04/2013,1350,1350,1350,1
Haryana,Karnal,Asandh,Wheat,Other,FAQ,17/04/2013,1350,1350,1350,1
Haryana,Karnal,Asandh,Wheat,Other,FAQ,29/04/2013,1350,1350,1350,1
Haryana,Karnal,Asandh,Wheat,Other,FAQ,11/04/2008,1000,1000,1000,1
Haryana,Karnal,Asandh,Wheat,Other,FAQ,18/04/2008,1000,1000,1000,1
Haryana,Karnal,Asandh,Wheat,Other,FAQ,20/04/2008,1000,1000,1000,1
Haryana,Karnal,Asandh,Wheat,Other,FAQ,21/04/2008,1000,1000,1000,1
Haryana,Karnal,Asandh,Wheat,Other,FAQ,07/05/2008,1000,1000,1000,1
Haryana,Karnal,Asandh,Wheat,Other,FAQ,01/05/2025,2425,2425,2425,1
Haryana,Karnal,Asandh,Wheat,Other,FAQ,08/05/2025,2425,2426,2425,1
Haryana,Karnal,Asandh,Wheat,Other,FAQ,15/05/2025,2425,2425,2425,1
Haryana,Karnal,Asandh,Wheat,Other,FAQ,17/04/2025,2425,2425,2425,1
Haryana,Karnal,Asandh,Wheat,Other,FAQ,18/04/2025,2425,2425,2425,1
Haryana,Karnal,Asandh,Wheat,Other,FAQ,21/04/2025,2425,2426,2425,1
Haryana,Karnal,Asandh,Wheat,Other,FAQ,26/04/2025,2425,2426,2425,1
Haryana,Karnal,Asandh,Wheat,Other,FAQ,29/04/2025,2425,2426,2425,1
Haryana,Karnal,Asandh APMC,Wheat,Other,Local,10/04/2026,2585,2585,2585,1
Haryana,Karnal,Asandh APMC,Wheat,Other,Local,13/04/2026,2585,2585,2585,1
Haryana,Karnal,Asandh APMC,Wheat,Other,Local,14/04/2026,2585,2585,2585,1
Haryana,Karnal,Asandh APMC,Wheat,Other,Local,17/04/2026,2585,2585,2585,1
Haryana,Karnal,Asandh APMC,Wheat,Other,Local,15/04/2026,2585,2585,2585,1
Haryana,Karnal,Asandh APMC,Wheat,Other,Local,16/04/2026,2585,2585,2585,1
Haryana,Karnal,Asandh APMC,Wheat,Other,Local,20/04/2026,2585,2585,2585,1
Haryana,Karnal,Asandh APMC,Wheat,Other,Local,06/04/2026,2585,2585,2585,1
Haryana,Karnal,Asandh APMC,Wheat,Other,Local,19/04/2026,2585,2585,2585,1
Haryana,Karnal,Asandh APMC,Wheat,Other,Local,12/04/2026,2585,2585,2585,1
Haryana,Karnal,Asandh APMC,Wheat,Other,Local,18/04/2026,2585,2585,2585,1
Haryana,Karnal,Gharaunda,Wheat,Other,FAQ,19/04/2015,1450,1450,1450,1
Haryana,Karnal,Gharaunda,Wheat,Other,FAQ,28/04/2015,1450,1450,1450,1
Haryana,Karnal,Gharaunda,Wheat,Other,FAQ,29/04/2015,1450,1450,1450,1
Haryana,Karnal,Gharaunda,Wheat,Other,FAQ,01/05/2015,1450,1450,1450,1
Haryana,Karnal,Gharaunda,Wheat,Other,FAQ,05/05/2015,1450,1450,1450,1
Haryana,Karnal,Gharaunda,Wheat,Other,FAQ,07/05/2015,1450,1450,1450,1
Haryana,Karnal,Gharaunda,Wheat,Other,FAQ,02/04/2009,1080,1080,1080,1
Haryana,Karnal,Gharaunda,Wheat,Other,FAQ,03/04/2009,1080,1080,1080,1
Haryana,Karnal,Gharaunda,Wheat,Other,FAQ,04/04/2009,1080,1080,1080,1
Haryana,Karnal,Gharaunda,Wheat,Other,FAQ,06/04/2009,1080,1080,1080,1
Haryana,Karnal,Gharaunda,Wheat,Other,FAQ,12/04/2009,1080,1080,1080,1
Haryana,Karnal,Gharaunda,Wheat,Other,FAQ,15/04/2009,1080,1080,1080,1
Haryana,Karnal,Gharaunda,Wheat,Other,FAQ,22/04/2009,1080,1080,1080,1
Haryana,Karnal,Gharaunda,Wheat,Other,FAQ,27/04/2009,1080,1080,1080,1
Haryana,Karnal,Gharaunda,Wheat,Other,FAQ,30/03/2008,1000,1000,1000,1
Haryana,Karnal,Gharaunda,Wheat,Other,FAQ,10/04/2008,1000,1000,1000,1
Haryana,Karnal,Gharaunda,Wheat,Other,FAQ,21/04/2008,1000,1000,1000,1
Haryana,Karnal,Gharaunda,Wheat,Other,FAQ,22/04/2008,1000,1000,1000,1
Haryana,Karnal,Gharaunda,Wheat,Other,FAQ,24/04/2008,1000,1000,1000,1
Haryana,Karnal,Gharaunda,Wheat,Other,FAQ,01/05/2008,1000,1000,1000,1
Haryana,Karnal,Gharaunda,Wheat,Other,FAQ,04/05/2008,1000,1000,1000,1
Haryana,Karnal,Gharaunda,Wheat,Other,FAQ,06/05/2008,1000,1000,1000,1
Haryana,Karnal,Gharaunda,Wheat,Other,FAQ,31/10/2008,930,2900,2200,1
Haryana,Karnal,Gharaunda,Wheat,Other,FAQ,06/04/2007,750,860,800,1
Haryana,Karnal,Gharaunda,Wheat,Other,FAQ,13/04/2007,750,860,800,1
Haryana,Karnal,Gharaunda,Wheat,Other,FAQ,14/04/2007,750,860,800,1
Haryana,Karnal,Gharaunda,Wheat,Other,FAQ,15/04/2007,750,860,800,1
Haryana,Karnal,Gharaunda,Wheat,Other,FAQ,26/04/2007,750,860,800,1
Haryana,Karnal,Gharaunda,Wheat,Other,FAQ,07/05/2007,750,860,800,1
Haryana,Karnal,Gharaunda,Wheat,Other,FAQ,20/04/2019,1840,1840,1840,1
Haryana,Karnal,Gharaunda,Wheat,Other,FAQ,24/04/2019,1840,1840,1840,1
Haryana,Karnal,Gharaunda,Wheat,Other,FAQ,25/04/2019,1840,1840,1840,1
Haryana,Karnal,Gharaunda,Wheat,Other,FAQ,28/04/2019,1840,1840,1840,1
Haryana,Karnal,Gharaunda,Wheat,Other,FAQ,23/04/2020,1925,1925,1925,1
Haryana,Karnal,Gharaunda,Wheat,Other,FAQ,24/05/2020,1925,1925,1925,1
Haryana,Karnal,Gharaunda,Wheat,Other,FAQ,16/04/2018,1735,1735,1735,1
Haryana,Karnal,Gharaunda,Wheat,Other,FAQ,25/04/2018,1735,1735,1735,1
Haryana,Karnal,Gharaunda,Wheat,Other,FAQ,28/04/2018,1735,1736,1736,1
Haryana,Karnal,Gharaunda,Wheat,Wheat,FAQ,05/04/2025,2426,2426,2426,1
Haryana,Karnal,Gharaunda,Wheat,Wheat,FAQ,13/04/2025,2425,2430,2425,1
Haryana,Karnal,Gharaunda,Wheat,Wheat,FAQ,17/04/2025,2425,2430,2425,1
Haryana,Karnal,Gharaunda,Wheat,Wheat,FAQ,19/04/2025,2425,2430,2425,1
Haryana,Karnal,Gharaunda,Wheat,Wheat,FAQ,25/04/2025,2425,2430,2425,1
Haryana,Karnal,Gharaunda,Wheat,Wheat,FAQ,30/04/2025,2425,2430,2425,1
Haryana,Karnal,Gharaunda,Wheat,Wheat,FAQ,12/05/2025,2430,2440,2430,1
Haryana,Karnal,Gharaunda,Wheat,Wheat,FAQ,13/05/2025,2425,2440,2425,1
Haryana,Karnal,Gharaunda,Wheat,Other,FAQ,06/05/2015,1450,1450,1450,1
Haryana,Karnal,Gharaunda,Wheat,Other,FAQ,20/04/2015,1450,1450,1450,1
Haryana,Karnal,Gharaunda,Wheat,Other,FAQ,21/04/2015,1450,1450,1450,1
Haryana,Karnal,Gharaunda,Wheat,Other,FAQ,24/04/2015,1450,1450,1450,1
Haryana,Karnal,Gharaunda,Wheat,Other,FAQ,20/04/2018,1735,1735,1735,1
Haryana,Karnal,Gharaunda,Wheat,Other,FAQ,21/04/2018,1735,1735,1735,1
Haryana,Karnal,Gharaunda,Wheat,Other,FAQ,27/04/2018,1736,1736,1736,1
Haryana,Karnal,Gharaunda,Wheat,Other,FAQ,30/04/2018,1736,1736,1736,1
Haryana,Karnal,Gharaunda,Wheat,Other,FAQ,09/05/2019,1840,1840,1840,1
Haryana,Karnal,Gharaunda,Wheat,Other,FAQ,07/04/2009,1080,1080,1080,1
Haryana,Karnal,Gharaunda,Wheat,Other,FAQ,08/04/2009,1080,1080,1080,1
Haryana,Karnal,Gharaunda,Wheat,Other,FAQ,24/04/2009,1080,1080,1080,1
Haryana,Karnal,Gharaunda,Wheat,Other,FAQ,25/04/2009,1080,1080,1080,1
Haryana,Karnal,Gharaunda,Wheat,Other,FAQ,05/05/2009,1080,1080,1080,1
Haryana,Karnal,Gharaunda,Wheat,Other,FAQ,04/04/2007,750,871,800,1
Haryana,Karnal,Gharaunda,Wheat,Other,FAQ,08/04/2007,750,855,800,1
Haryana,Karnal,Gharaunda,Wheat,Other,FAQ,17/04/2007,750,860,800,1
Haryana,Karnal,Gharaunda,Wheat,Other,FAQ,25/04/2007,750,860,800,1
Haryana,Karnal,Gharaunda,Wheat,Other,FAQ,27/04/2007,750,860,800,1
Haryana,Karnal,Gharaunda,Wheat,Other,FAQ,28/04/2007,750,860,800,1
Haryana,Karnal,Gharaunda,Wheat,Other,FAQ,29/04/2007,750,850,800,1
Haryana,Karnal,Gharaunda,Wheat,Other,FAQ,01/05/2007,750,860,800,1
Haryana,Karnal,Gharaunda,Wheat,Other,FAQ,02/05/2007,750,860,800,1
Haryana,Karnal,Gharaunda,Wheat,Other,FAQ,19/05/2007,750,860,800,1
Haryana,Karnal,Gharaunda,Wheat,Other,FAQ,03/02/2008,360,360,360,1
Haryana,Karnal,Gharaunda,Wheat,Other,FAQ,12/03/2008,500,500,500,1
Haryana,Karnal,Gharaunda,Wheat,Other,FAQ,07/04/2008,1000,1000,1000,1
Haryana,Karnal,Gharaunda,Wheat,Other,FAQ,15/04/2008,1000,1000,1000,1
Haryana,Karnal,Gharaunda,Wheat,Other,FAQ,17/04/2008,1000,1000,1000,1
Haryana,Karnal,Gharaunda,Wheat,Other,FAQ,18/04/2008,1000,1000,1000,1
Haryana,Karnal,Gharaunda,Wheat,Other,FAQ,19/04/2008,1000,1000,1000,1
Haryana,Karnal,Gharaunda,Wheat,Other,FAQ,27/04/2008,1000,1000,1000,1
Haryana,Karnal,Gharaunda,Wheat,Other,FAQ,28/04/2008,1000,1000,1000,1
Haryana,Karnal,Gharaunda,Wheat,Other,FAQ,29/04/2008,1000,1000,1000,1
Haryana,Karnal,Gharaunda,Wheat,Other,FAQ,02/05/2008,1000,1000,1000,1
Haryana,Karnal,Gharaunda,Wheat,Other,FAQ,08/05/2008,1000,1000,1000,1
Haryana,Karnal,Gharaunda,Wheat,Other,FAQ,09/05/2008,1000,1000,1000,1
Haryana,Karnal,Gharaunda,Wheat,Other,FAQ,10/05/2008,1000,1000,1000,1
Haryana,Karnal,Gharaunda,Wheat,Other,FAQ,12/05/2008,1000,1000,1000,1
Haryana,Karnal,Gharaunda,Wheat,Other,FAQ,16/09/2008,400,400,400,1
Haryana,Karnal,Gharaunda,Wheat,Other,FAQ,03/05/2020,1925,1925,1925,1
Haryana,Karnal,Gharaunda,Wheat,Other,FAQ,16/05/2020,1925,1925,1925,1
Haryana,Karnal,Gharaunda,Wheat,Other,FAQ,22/05/2020,1925,1925,1925,1
Haryana,Karnal,Gharaunda,Wheat,Other,FAQ,23/05/2020,1925,1925,1925,1
Haryana,Karnal,Gharaunda,Wheat,Wheat,FAQ,21/04/2025,2425,2430,2425,1
Haryana,Karnal,Gharaunda,Wheat,Wheat,FAQ,12/04/2025,2425,2430,2425,1
Haryana,Karnal,Gharaunda,Wheat,Other,FAQ,05/04/2007,750,876,800,1
Haryana,Karnal,Gharaunda,Wheat,Other,FAQ,07/04/2007,750,860,800,1
Haryana,Karnal,Gharaunda,Wheat,Other,FAQ,09/04/2007,750,855,800,1
Haryana,Karnal,Gharaunda,Wheat,Other,FAQ,10/04/2007,750,855,800,1
Haryana,Karnal,Gharaunda,Wheat,Other,FAQ,03/05/2007,750,860,800,1
Haryana,Karnal,Gharaunda,Wheat,Other,FAQ,04/05/2007,750,860,800,1
Haryana,Karnal,Gharaunda,Wheat,Other,FAQ,08/05/2007,750,860,800,1
Haryana,Karnal,Gharaunda,Wheat,Other,FAQ,12/05/2007,750,860,800,1
Haryana,Karnal,Gharaunda,Wheat,Other,FAQ,14/05/2007,750,860,800,1
Haryana,Karnal,Gharaunda,Wheat,Other,FAQ,16/05/2007,750,860,800,1
Haryana,Karnal,Gharaunda,Wheat,Other,FAQ,22/04/2015,1450,1450,1450,1
Haryana,Karnal,Gharaunda,Wheat,Other,FAQ,04/05/2015,1450,1450,1450,1
Haryana,Karnal,Gharaunda,Wheat,Other,FAQ,28/03/2009,300,400,350,1
Haryana,Karnal,Gharaunda,Wheat,Other,FAQ,10/04/2009,1080,1080,1080,1
Haryana,Karnal,Gharaunda,Wheat,Other,FAQ,11/04/2009,1080,1080,1080,1
Haryana,Karnal,Gharaunda,Wheat,Other,FAQ,14/04/2009,1080,1080,1080,1
Haryana,Karnal,Gharaunda,Wheat,Other,FAQ,17/04/2009,1080,1080,1080,1
Haryana,Karnal,Gharaunda,Wheat,Other,FAQ,18/04/2009,1080,1080,1080,1
Haryana,Karnal,Gharaunda,Wheat,Other,FAQ,21/04/2009,1080,1080,1080,1
Haryana,Karnal,Gharaunda,Wheat,Other,FAQ,01/05/2009,1080,1080,1080,1
Haryana,Karnal,Gharaunda,Wheat,Other,FAQ,23/10/2009,850,1900,1200,1
Haryana,Karnal,Gharaunda,Wheat,Other,FAQ,16/04/2008,1000,1000,1000,1
Haryana,Karnal,Gharaunda,Wheat,Other,FAQ,25/04/2008,1000,1000,1000,1
Haryana,Karnal,Gharaunda,Wheat,Other,FAQ,03/05/2008,1000,1000,1000,1
Haryana,Karnal,Gharaunda,Wheat,Other,FAQ,07/05/2008,1000,1000,1000,1
Haryana,Karnal,Gharaunda,Wheat,Other,FAQ,14/05/2008,1000,1000,1000,1
Haryana,Karnal,Gharaunda,Wheat,Other,FAQ,19/04/2018,1735,1735,1735,1
Haryana,Karnal,Gharaunda,Wheat,Other,FAQ,24/04/2018,1735,1735,1735,1
Haryana,Karnal,Gharaunda,Wheat,Other,FAQ,02/05/2018,1735,1736,1736,1
Haryana,Karnal,Gharaunda,Wheat,Other,FAQ,13/04/2019,1840,1840,1840,1
Haryana,Karnal,Gharaunda,Wheat,Other,FAQ,16/04/2019,1840,1840,1840,1
Haryana,Karnal,Gharaunda,Wheat,Other,FAQ,21/04/2019,1840,1840,1840,1
Haryana,Karnal,Gharaunda,Wheat,Other,FAQ,29/04/2019,1840,1840,1840,1
Haryana,Karnal,Gharaunda,Wheat,Other,FAQ,04/05/2019,1840,1840,1840,1
Haryana,Karnal,Gharaunda,Wheat,Other,FAQ,07/05/2019,1840,1840,1840,1
Haryana,Karnal,Gharaunda,Wheat,Wheat,FAQ,04/04/2025,2428,2430,2430,1
Haryana,Karnal,Gharaunda,Wheat,Wheat,FAQ,08/04/2025,2425,2425,2425,1
Haryana,Karnal,Gharaunda,Wheat,Wheat,FAQ,09/04/2025,2425,2425,2425,1
Haryana,Karnal,Gharaunda,Wheat,Wheat,FAQ,20/04/2025,2425,2430,2425,1
Haryana,Karnal,Gharaunda,Wheat,Wheat,FAQ,22/04/2025,2425,2430,2425,1
Haryana,Karnal,Gharaunda,Wheat,Wheat,FAQ,06/05/2025,2430,2430,2430,1
Haryana,Karnal,Gharaunda,Wheat,Other,FAQ,23/04/2015,1450,1450,1450,1
Haryana,Karnal,Gharaunda,Wheat,Other,FAQ,26/04/2015,1450,1450,1450,1
Haryana,Karnal,Gharaunda,Wheat,Other,FAQ,02/05/2015,1450,1450,1450,1
Haryana,Karnal,Gharaunda,Wheat,Other,FAQ,05/04/2009,1080,1080,1080,1
Haryana,Karnal,Gharaunda,Wheat,Other,FAQ,09/04/2009,1080,1080,1080,1
Haryana,Karnal,Gharaunda,Wheat,Other,FAQ,16/04/2009,1080,1080,1080,1
Haryana,Karnal,Gharaunda,Wheat,Other,FAQ,23/04/2009,1080,1080,1080,1
Haryana,Karnal,Gharaunda,Wheat,Other,FAQ,26/04/2009,1080,1080,1080,1
Haryana,Karnal,Gharaunda,Wheat,Other,FAQ,30/04/2009,1080,1080,1080,1
Haryana,Karnal,Gharaunda,Wheat,Other,FAQ,13/04/2018,1735,1735,1735,1
Haryana,Karnal,Gharaunda,Wheat,Other,FAQ,14/04/2018,1735,1735,1735,1
Haryana,Karnal,Gharaunda,Wheat,Other,FAQ,23/04/2018,1735,1735,1735,1
Haryana,Karnal,Gharaunda,Wheat,Other,FAQ,22/04/2020,1925,1925,1925,1
Haryana,Karnal,Gharaunda,Wheat,Other,FAQ,24/04/2020,1925,1925,1925,1
Haryana,Karnal,Gharaunda,Wheat,Other,FAQ,28/04/2020,1925,1925,1925,1
Haryana,Karnal,Gharaunda,Wheat,Other,FAQ,30/04/2020,1925,1925,1925,1
Haryana,Karnal,Gharaunda,Wheat,Other,FAQ,08/05/2020,1925,1925,1925,1
Haryana,Karnal,Gharaunda,Wheat,Other,FAQ,08/04/2008,1000,1000,1000,1
Haryana,Karnal,Gharaunda,Wheat,Other,FAQ,11/04/2008,1000,1000,1000,1
Haryana,Karnal,Gharaunda,Wheat,Other,FAQ,12/04/2008,1000,1000,1000,1
Haryana,Karnal,Gharaunda,Wheat,Other,FAQ,26/04/2008,1000,1000,1000,1
Haryana,Karnal,Gharaunda,Wheat,Other,FAQ,05/05/2008,1000,1000,1000,1
Haryana,Karnal,Gharaunda,Wheat,Other,FAQ,13/05/2008,1000,1000,1000,1
Haryana,Karnal,Gharaunda,Wheat,Other,FAQ,16/05/2008,1000,1000,1000,1
Haryana,Karnal,Gharaunda,Wheat,Other,FAQ,17/05/2008,1000,1000,1000,1
Haryana,Karnal,Gharaunda,Wheat,Other,FAQ,25/10/2008,2500,2500,2500,1
Haryana,Karnal,Gharaunda,Wheat,Other,FAQ,23/04/2019,1840,1840,1840,1
Haryana,Karnal,Gharaunda,Wheat,Other,FAQ,27/04/2019,1840,1840,1840,1
Haryana,Karnal,Gharaunda,Wheat,Other,FAQ,03/05/2019,1840,1840,1840,1
Haryana,Karnal,Gharaunda,Wheat,Other,FAQ,05/05/2019,1840,1840,1840,1
Haryana,Karnal,Gharaunda,Wheat,Other,FAQ,09/06/2012,900,900,900,1
Haryana,Karnal,Gharaunda,Wheat,Other,FAQ,16/04/2007,750,860,800,1
Haryana,Karnal,Gharaunda,Wheat,Other,FAQ,18/04/2007,750,860,800,1
Haryana,Karnal,Gharaunda,Wheat,Other,FAQ,30/04/2007,750,860,800,1
Haryana,Karnal,Gharaunda,Wheat,Other,FAQ,06/05/2007,750,860,800,1
Haryana,Karnal,Gharaunda,Wheat,Other,FAQ,09/05/2007,750,860,800,1
Haryana,Karnal,Gharaunda,Wheat,Wheat,FAQ,10/04/2025,2425,2430,2425,1
Haryana,Karnal,Gharaunda,Wheat,Wheat,FAQ,18/04/2025,2425,2430,2425,1
Haryana,Karnal,Gharaunda,Wheat,Wheat,FAQ,23/04/2025,2425,2430,2425,1
Haryana,Karnal,Gharaunda,Wheat,Wheat,FAQ,29/04/2025,2430,2430,2430,1
Haryana,Karnal,Gharaunda,Wheat,Wheat,FAQ,05/05/2025,2425,2430,2425,1
Haryana,Karnal,Gharaunda,Wheat,Wheat,FAQ,07/05/2025,2426,2430,2430,1
Haryana,Karnal,Gharaunda,Wheat,Other,FAQ,11/04/2007,750,860,800,1
Haryana,Karnal,Gharaunda,Wheat,Other,FAQ,12/04/2007,750,860,800,1
Haryana,Karnal,Gharaunda,Wheat,Other,FAQ,19/04/2007,750,855,800,1
Haryana,Karnal,Gharaunda,Wheat,Other,FAQ,20/04/2007,750,855,800,1
Haryana,Karnal,Gharaunda,Wheat,Other,FAQ,21/04/2007,750,855,800,1
Haryana,Karnal,Gharaunda,Wheat,Other,FAQ,23/04/2007,750,860,800,1
Haryana,Karnal,Gharaunda,Wheat,Other,FAQ,05/05/2007,750,860,800,1
Haryana,Karnal,Gharaunda,Wheat,Other,FAQ,10/05/2007,750,860,800,1
Haryana,Karnal,Gharaunda,Wheat,Other,FAQ,11/05/2007,750,860,800,1
Haryana,Karnal,Gharaunda,Wheat,Other,FAQ,13/05/2007,750,860,800,1
Haryana,Karnal,Gharaunda,Wheat,Other,FAQ,15/05/2007,750,860,800,1
Haryana,Karnal,Gharaunda,Wheat,Other,FAQ,20/05/2007,750,860,800,1
Haryana,Karnal,Gharaunda,Wheat,Other,FAQ,06/08/2007,563,1101,641,1
Haryana,Karnal,Gharaunda,Wheat,Other,FAQ,08/08/2007,625,1071,850,1
Haryana,Karnal,Gharaunda,Wheat,Other,FAQ,17/04/2015,1450,1450,1450,1
Haryana,Karnal,Gharaunda,Wheat,Other,FAQ,18/04/2015,1450,1450,1450,1
Haryana,Karnal,Gharaunda,Wheat,Other,FAQ,08/05/2015,1450,1450,1450,1
Haryana,Karnal,Gharaunda,Wheat,Other,FAQ,11/05/2015,1450,1450,1450,1
Haryana,Karnal,Gharaunda,Wheat,Other,FAQ,13/04/2009,1080,1080,1080,1
Haryana,Karnal,Gharaunda,Wheat,Other,FAQ,20/04/2009,1080,1080,1080,1
Haryana,Karnal,Gharaunda,Wheat,Other,FAQ,29/04/2009,1080,1080,1080,1
Haryana,Karnal,Gharaunda,Wheat,Other,FAQ,10/04/2018,1735,1735,1735,1
Haryana,Karnal,Gharaunda,Wheat,Other,FAQ,15/04/2018,1735,1735,1735,1
Haryana,Karnal,Gharaunda,Wheat,Other,FAQ,17/04/2018,1735,1735,1735,1
Haryana,Karnal,Gharaunda,Wheat,Other,FAQ,18/04/2018,1735,1735,1735,1
Haryana,Karnal,Gharaunda,Wheat,Other,FAQ,22/04/2018,1735,1735,1735,1
Haryana,Karnal,Gharaunda,Wheat,Other,FAQ,26/04/2018,1735,1735,1735,1
Haryana,Karnal,Gharaunda,Wheat,Other,FAQ,04/05/2018,1735,1735,1735,1
Haryana,Karnal,Gharaunda,Wheat,Other,FAQ,14/05/2018,1735,1736,1736,1
Haryana,Karnal,Gharaunda,Wheat,Other,FAQ,14/04/2019,1840,1840,1840,1
Haryana,Karnal,Gharaunda,Wheat,Other,FAQ,15/04/2019,1840,1840,1840,1
Haryana,Karnal,Gharaunda,Wheat,Other,FAQ,22/04/2019,1840,1840,1840,1
Haryana,Karnal,Gharaunda,Wheat,Other,FAQ,01/05/2019,1840,1840,1840,1
Haryana,Karnal,Gharaunda,Wheat,Other,FAQ,02/05/2019,1840,1840,1840,1
Haryana,Karnal,Gharaunda,Wheat,Other,FAQ,06/05/2019,1840,1840,1840,1
Haryana,Karnal,Gharaunda,Wheat,Other,FAQ,25/04/2020,1925,1925,1925,1
Haryana,Karnal,Gharaunda,Wheat,Other,FAQ,04/05/2020,1925,1925,1925,1
Haryana,Karnal,Gharaunda,Wheat,Other,FAQ,09/05/2020,1925,1925,1925,1
Haryana,Karnal,Gharaunda,Wheat,Other,FAQ,15/05/2020,1925,1925,1925,1
Haryana,Karnal,Gharaunda,Wheat,Other,FAQ,17/05/2020,1925,1925,1925,1
Haryana,Karnal,Gharaunda,Wheat,Other,FAQ,09/04/2008,1000,1000,1000,1
Haryana,Karnal,Gharaunda,Wheat,Other,FAQ,13/04/2008,1000,1000,1000,1
Haryana,Karnal,Gharaunda,Wheat,Other,FAQ,14/04/2008,1000,1000,1000,1
Haryana,Karnal,Gharaunda,Wheat,Other,FAQ,20/04/2008,1000,1000,1000,1
Haryana,Karnal,Gharaunda,Wheat,Other,FAQ,23/04/2008,1000,1000,1000,1
Haryana,Karnal,Gharaunda,Wheat,Other,FAQ,15/05/2008,1000,1000,1000,1
Haryana,Karnal,Gharaunda,Wheat,Other,FAQ,28/09/2008,880,1950,1400,1
Haryana,Karnal,Gharaunda,Wheat,Wheat,FAQ,01/05/2025,2430,2430,2430,1
Haryana,Karnal,Gharaunda,Wheat,Wheat,FAQ,11/04/2025,2425,2430,2425,1
Haryana,Karnal,Gharaunda,Wheat,Wheat,FAQ,14/04/2025,2425,2430,2425,1
Haryana,Karnal,Gharaunda,Wheat,Wheat,FAQ,16/04/2025,2425,2430,2425,1
Haryana,Karnal,Gharaunda,Wheat,Wheat,FAQ,24/04/2025,2425,2430,2425,1
Haryana,Karnal,Gharaunda,Wheat,Wheat,FAQ,26/04/2025,2425,2430,2425,1
Haryana,Karnal,Gharaunda,Wheat,Wheat,FAQ,28/04/2025,2425,2430,2425,1
Haryana,Karnal,Gharaunda APMC,Wheat,Wheat,Local,14/04/2026,2585,2585,2585,1
Haryana,Karnal,Gharaunda APMC,Wheat,Wheat,Local,07/04/2026,2585,2585,2585,1
Haryana,Karnal,Gharaunda APMC,Wheat,Wheat,Local,11/04/2026,2585,2585,2585,1
Haryana,Karnal,Gharaunda APMC,Wheat,Wheat,Local,20/04/2026,2585,2585,2585,1
Haryana,Karnal,Gharaunda APMC,Wheat,Wheat,Local,10/04/2026,2585,2585,2585,1
Haryana,Karnal,Gharaunda APMC,Wheat,Wheat,Local,05/04/2026,2585,2585,2585,1
Haryana,Karnal,Gharaunda APMC,Wheat,Wheat,Local,06/04/2026,2585,2585,2585,1
Haryana,Karnal,Gharaunda APMC,Wheat,Wheat,Local,08/04/2026,2585,2585,2585,1
Haryana,Karnal,Gharaunda APMC,Wheat,Wheat,Local,13/04/2026,2585,2585,2585,1
Haryana,Karnal,Gharaunda APMC,Wheat,Wheat,Local,19/04/2026,2590,2590,2590,1
Haryana,Karnal,Gharaunda APMC,Wheat,Wheat,Local,16/04/2026,2585,2590,2585,1
Haryana,Karnal,Gharaunda APMC,Wheat,Wheat,Local,12/04/2026,2585,2585,2585,1
Haryana,Karnal,Gharaunda APMC,Wheat,Wheat,Local,15/04/2026,2585,2585,2585,1
Haryana,Karnal,Gharaunda APMC,Wheat,Wheat,Local,18/04/2026,2585,2585,2585,1
Haryana,Karnal,Gharaunda APMC,Wheat,Wheat,Local,17/04/2026,2585,2585,2585,1
Haryana,Karnal,Indri,Wheat,Other,FAQ,17/04/2015,1450,1450,1450,1
Haryana,Karnal,Indri,Wheat,Other,FAQ,24/04/2015,1450,1450,1450,1
Haryana,Karnal,Indri,Wheat,Other,FAQ,28/04/2015,1450,1450,1450,1
Haryana,Karnal,Indri,Wheat,Other,FAQ,02/05/2015,1450,1450,1450,1
Haryana,Karnal,Indri,Wheat,Other,FAQ,04/05/2015,1450,1450,1450,1
Haryana,Karnal,Indri,Wheat,Other,FAQ,14/05/2015,1450,1450,1450,1
Haryana,Karnal,Indri,Wheat,Other,FAQ,24/04/2012,1285,1285,1285,1
Haryana,Karnal,Indri,Wheat,Other,FAQ,26/04/2012,1285,1285,1285,1
Haryana,Karnal,Indri,Wheat,Other,FAQ,28/04/2012,1285,1285,1285,1
Haryana,Karnal,Indri,Wheat,Other,FAQ,01/05/2012,1285,1285,1285,1
Haryana,Karnal,Indri,Wheat,Other,FAQ,02/05/2012,1285,1285,1285,1
Haryana,Karnal,Indri,Wheat,Other,FAQ,02/04/2010,1100,1100,1100,1
Haryana,Karnal,Indri,Wheat,Other,FAQ,06/04/2010,1100,1100,1100,1
Haryana,Karnal,Indri,Wheat,Other,FAQ,22/04/2010,1100,1100,1100,1
Haryana,Karnal,Indri,Wheat,Other,FAQ,25/04/2010,1100,1100,1100,1
Haryana,Karnal,Indri,Wheat,Other,FAQ,12/04/2009,1080,1080,1080,1
Haryana,Karnal,Indri,Wheat,Other,FAQ,21/04/2009,1080,1080,1080,1
Haryana,Karnal,Indri,Wheat,Other,FAQ,28/04/2009,1080,1080,1080,1
Haryana,Karnal,Indri,Wheat,Other,FAQ,29/04/2009,1080,1080,1080,1
Haryana,Karnal,Indri,Wheat,Other,FAQ,01/05/2009,1080,1080,1080,1
Haryana,Karnal,Indri,Wheat,Other,FAQ,20/04/2008,1000,1000,1000,1
Haryana,Karnal,Indri,Wheat,Other,FAQ,23/04/2008,1000,1000,1000,1
Haryana,Karnal,Indri,Wheat,Other,FAQ,28/04/2008,1000,1000,1000,1
Haryana,Karnal,Indri,Wheat,Other,FAQ,01/05/2008,1004,1004,1004,1
Haryana,Karnal,Indri,Wheat,Other,FAQ,03/05/2008,1004,1004,1004,1
Haryana,Karnal,Indri,Wheat,Other,FAQ,04/05/2008,1004,1004,1004,1
Haryana,Karnal,Indri,Wheat,Other,FAQ,07/05/2008,1004,1004,1004,1
Haryana,Karnal,Indri,Wheat,Other,FAQ,08/05/2008,1004,1004,1004,1
Haryana,Karnal,Indri,Wheat,Other,FAQ,10/05/2008,1000,1010,1004,1
Haryana,Karnal,Indri,Wheat,Other,FAQ,15/05/2008,1000,1010,1004,1
Haryana,Karnal,Indri,Wheat,Other,FAQ,16/05/2008,1000,1010,1004,1
Haryana,Karnal,Indri,Wheat,Other,FAQ,26/05/2008,1000,1010,1004,1
Haryana,Karnal,Indri,Wheat,Other,FAQ,27/04/2007,850,855,850,1
Haryana,Karnal,Indri,Wheat,Other,FAQ,29/04/2007,850,855,850,1
Haryana,Karnal,Indri,Wheat,Other,FAQ,04/05/2007,850,850,850,1
Haryana,Karnal,Indri,Wheat,Other,FAQ,06/05/2007,850,850,850,1
Haryana,Karnal,Indri,Wheat,Other,FAQ,10/05/2007,850,850,850,1
Haryana,Karnal,Indri,Wheat,Other,FAQ,16/05/2007,850,850,850,1
Haryana,Karnal,Indri,Wheat,Other,FAQ,20/05/2007,850,850,850,1
Haryana,Karnal,Indri,Wheat,Other,FAQ,30/05/2007,850,850,850,1
Haryana,Karnal,Indri,Wheat,Wheat,FAQ,16/04/2025,2425,2425,2425,1
Haryana,Karnal,Indri,Wheat,Wheat,FAQ,12/05/2025,2425,2425,2425,1
Haryana,Karnal,Indri,Wheat,Other,FAQ,11/04/2015,1450,1450,1450,1
Haryana,Karnal,Indri,Wheat,Other,FAQ,14/04/2015,1450,1450,1450,1
Haryana,Karnal,Indri,Wheat,Other,FAQ,19/04/2015,1450,1450,1450,1
Haryana,Karnal,Indri,Wheat,Other,FAQ,21/04/2015,1450,1450,1450,1
Haryana,Karnal,Indri,Wheat,Other,FAQ,03/05/2015,1450,1450,1450,1
Haryana,Karnal,Indri,Wheat,Other,FAQ,13/05/2015,1450,1450,1450,1
Haryana,Karnal,Indri,Wheat,Other,FAQ,10/04/2012,1285,1285,1285,1
Haryana,Karnal,Indri,Wheat,Other,FAQ,16/04/2012,1285,1285,1285,1
Haryana,Karnal,Indri,Wheat,Other,FAQ,20/04/2012,1285,1285,1285,1
Haryana,Karnal,Indri,Wheat,Other,FAQ,29/04/2012,1285,1285,1285,1
Haryana,Karnal,Indri,Wheat,Other,FAQ,03/05/2012,1285,1285,1285,1
Haryana,Karnal,Indri,Wheat,Other,FAQ,08/04/2009,1080,1080,1080,1
Haryana,Karnal,Indri,Wheat,Other,FAQ,10/04/2009,1080,1080,1080,1
Haryana,Karnal,Indri,Wheat,Other,FAQ,16/04/2009,1080,1080,1080,1
Haryana,Karnal,Indri,Wheat,Other,FAQ,12/04/2007,850,855,850,1
Haryana,Karnal,Indri,Wheat,Other,FAQ,30/04/2007,850,855,850,1
Haryana,Karnal,Indri,Wheat,Other,FAQ,09/05/2007,850,850,850,1
Haryana,Karnal,Indri,Wheat,Other,FAQ,13/05/2007,850,850,850,1
Haryana,Karnal,Indri,Wheat,Other,FAQ,14/05/2007,850,850,850,1
Haryana,Karnal,Indri,Wheat,Other,FAQ,13/04/2010,1100,1100,1100,1
Haryana,Karnal,Indri,Wheat,Other,FAQ,18/04/2010,1100,1100,1100,1
Haryana,Karnal,Indri,Wheat,Other,FAQ,19/04/2010,1100,1100,1100,1
Haryana,Karnal,Indri,Wheat,Other,FAQ,21/04/2010,1100,1100,1100,1
Haryana,Karnal,Indri,Wheat,Other,FAQ,26/04/2010,1100,1100,1100,1
Haryana,Karnal,Indri,Wheat,Other,FAQ,27/04/2010,1100,1100,1100,1
Haryana,Karnal,Indri,Wheat,Other,FAQ,22/04/2008,1000,1000,1000,1
Haryana,Karnal,Indri,Wheat,Other,FAQ,25/04/2008,1000,1000,1000,1
Haryana,Karnal,Indri,Wheat,Other,FAQ,09/05/2008,1000,1010,1004,1
Haryana,Karnal,Indri,Wheat,Other,FAQ,13/05/2008,1000,1010,1004,1
Haryana,Karnal,Indri,Wheat,Other,FAQ,20/05/2008,1000,1010,1004,1
Haryana,Karnal,Indri,Wheat,Other,FAQ,24/05/2008,1000,1010,1004,1
Haryana,Karnal,Indri,Wheat,Other,FAQ,27/05/2008,1000,1010,1004,1
Haryana,Karnal,Indri,Wheat,Wheat,FAQ,17/04/2025,2425,2425,2425,1
Haryana,Karnal,Indri,Wheat,Wheat,FAQ,19/04/2025,2425,2425,2425,1
Haryana,Karnal,Indri,Wheat,Wheat,FAQ,26/04/2025,2425,2430,2425,1
Haryana,Karnal,Indri,Wheat,Wheat,FAQ,18/04/2025,2425,2425,2425,1
Haryana,Karnal,Indri,Wheat,Other,FAQ,20/04/2007,850,855,850,1
Haryana,Karnal,Indri,Wheat,Other,FAQ,21/04/2007,850,855,850,1
Haryana,Karnal,Indri,Wheat,Other,FAQ,08/05/2007,850,850,850,1
Haryana,Karnal,Indri,Wheat,Other,FAQ,11/05/2007,850,850,850,1
Haryana,Karnal,Indri,Wheat,Other,FAQ,12/05/2007,850,850,850,1
Haryana,Karnal,Indri,Wheat,Other,FAQ,17/05/2007,850,850,850,1
Haryana,Karnal,Indri,Wheat,Other,FAQ,18/05/2007,850,850,850,1
Haryana,Karnal,Indri,Wheat,Other,FAQ,05/04/2010,1100,1100,1100,1
Haryana,Karnal,Indri,Wheat,Other,FAQ,16/04/2010,1100,1100,1100,1
Haryana,Karnal,Indri,Wheat,Other,FAQ,17/04/2010,1100,1100,1100,1
Haryana,Karnal,Indri,Wheat,Other,FAQ,02/05/2010,1100,1100,1100,1
Haryana,Karnal,Indri,Wheat,Other,FAQ,04/05/2010,1100,1100,1100,1
Haryana,Karnal,Indri,Wheat,Other,FAQ,07/05/2010,1100,1100,1100,1
Haryana,Karnal,Indri,Wheat,Other,FAQ,09/05/2010,1100,1100,1100,1
Haryana,Karnal,Indri,Wheat,Other,FAQ,13/04/2015,1450,1450,1450,1
Haryana,Karnal,Indri,Wheat,Other,FAQ,26/04/2015,1450,1450,1450,1
Haryana,Karnal,Indri,Wheat,Other,FAQ,27/04/2015,1450,1450,1450,1
Haryana,Karnal,Indri,Wheat,Other,FAQ,29/04/2015,1450,1450,1450,1
Haryana,Karnal,Indri,Wheat,Other,FAQ,01/05/2015,1450,1450,1450,1
Haryana,Karnal,Indri,Wheat,Other,FAQ,06/05/2015,1450,1450,1450,1
Haryana,Karnal,Indri,Wheat,Other,FAQ,19/04/2012,1285,1285,1285,1
Haryana,Karnal,Indri,Wheat,Other,FAQ,02/04/2009,1080,1080,1080,1
Haryana,Karnal,Indri,Wheat,Other,FAQ,03/04/2009,1080,1080,1080,1
Haryana,Karnal,Indri,Wheat,Other,FAQ,13/04/2009,1080,1080,1080,1
Haryana,Karnal,Indri,Wheat,Other,FAQ,17/04/2009,1080,1080,1080,1
Haryana,Karnal,Indri,Wheat,Other,FAQ,18/04/2009,1080,1080,1080,1
Haryana,Karnal,Indri,Wheat,Other,FAQ,22/04/2009,1080,1080,1080,1
Haryana,Karnal,Indri,Wheat,Other,FAQ,23/04/2009,1080,1080,1080,1
Haryana,Karnal,Indri,Wheat,Other,FAQ,30/04/2009,1080,1080,1080,1
Haryana,Karnal,Indri,Wheat,Other,FAQ,18/04/2008,1000,1000,1000,1
Haryana,Karnal,Indri,Wheat,Other,FAQ,24/04/2008,1000,1000,1000,1
Haryana,Karnal,Indri,Wheat,Other,FAQ,26/04/2008,1000,1000,1000,1
Haryana,Karnal,Indri,Wheat,Other,FAQ,02/05/2008,1004,1004,1004,1
Haryana,Karnal,Indri,Wheat,Other,FAQ,06/05/2008,1004,1004,1004,1
Haryana,Karnal,Indri,Wheat,Other,FAQ,12/05/2008,1000,1010,1004,1
Haryana,Karnal,Indri,Wheat,Other,FAQ,14/05/2008,1000,1010,1004,1
Haryana,Karnal,Indri,Wheat,Other,FAQ,21/05/2008,1000,1010,1004,1
Haryana,Karnal,Indri,Wheat,Other,FAQ,21/04/2018,1735,1735,1735,1
Haryana,Karnal,Indri,Wheat,Other,FAQ,22/04/2018,1735,1735,1735,1
Haryana,Karnal,Indri,Wheat,Other,FAQ,24/04/2018,1735,1735,1735,1
Haryana,Karnal,Indri,Wheat,Wheat,FAQ,11/04/2025,2425,2425,2425,1
Haryana,Karnal,Indri,Wheat,Wheat,FAQ,14/04/2025,2425,2425,2425,1
Haryana,Karnal,Indri,Wheat,Wheat,FAQ,22/04/2025,2425,2430,2425,1
Haryana,Karnal,Indri,Wheat,Wheat,FAQ,25/04/2025,2425,2425,2425,1
Haryana,Karnal,Indri,Wheat,Wheat,FAQ,01/05/2025,2425,2430,2425,1
Haryana,Karnal,Indri,Wheat,Wheat,FAQ,02/05/2025,2425,2425,2425,1
Haryana,Karnal,Indri,Wheat,Wheat,FAQ,09/05/2025,2430,2430,2430,1
Haryana,Karnal,Indri,Wheat,Other,FAQ,12/04/2015,1450,1450,1450,1
Haryana,Karnal,Indri,Wheat,Other,FAQ,22/04/2015,1450,1450,1450,1
Haryana,Karnal,Indri,Wheat,Other,FAQ,30/04/2015,1450,1450,1450,1
Haryana,Karnal,Indri,Wheat,Other,FAQ,05/05/2015,1450,1450,1450,1
Haryana,Karnal,Indri,Wheat,Other,FAQ,11/05/2015,1450,1450,1450,1
Haryana,Karnal,Indri,Wheat,Other,FAQ,04/04/2009,1080,1080,1080,1
Haryana,Karnal,Indri,Wheat,Other,FAQ,05/04/2009,1080,1080,1080,1
Haryana,Karnal,Indri,Wheat,Other,FAQ,07/04/2009,1080,1080,1080,1
Haryana,Karnal,Indri,Wheat,Other,FAQ,20/04/2009,1080,1080,1080,1
Haryana,Karnal,Indri,Wheat,Other,FAQ,03/05/2009,1080,1080,1080,1
Haryana,Karnal,Indri,Wheat,Other,FAQ,25/04/2018,1735,1735,1735,1
Haryana,Karnal,Indri,Wheat,Other,FAQ,27/04/2018,1735,1735,1735,1
Haryana,Karnal,Indri,Wheat,Other,FAQ,19/04/2008,1000,1000,1000,1
Haryana,Karnal,Indri,Wheat,Other,FAQ,21/04/2008,1000,1000,1000,1
Haryana,Karnal,Indri,Wheat,Other,FAQ,27/04/2008,1000,1000,1000,1
Haryana,Karnal,Indri,Wheat,Other,FAQ,30/04/2008,1004,1004,1004,1
Haryana,Karnal,Indri,Wheat,Other,FAQ,19/05/2008,1000,1010,1004,1
Haryana,Karnal,Indri,Wheat,Other,FAQ,12/04/2012,1285,1285,1285,1
Haryana,Karnal,Indri,Wheat,Other,FAQ,13/04/2012,1285,1285,1285,1
Haryana,Karnal,Indri,Wheat,Other,FAQ,14/04/2012,1285,1285,1285,1
Haryana,Karnal,Indri,Wheat,Other,FAQ,22/04/2012,1285,1285,1285,1
Haryana,Karnal,Indri,Wheat,Other,FAQ,04/04/2010,1100,1100,1100,1
Haryana,Karnal,Indri,Wheat,Other,FAQ,07/04/2010,1100,1100,1100,1
Haryana,Karnal,Indri,Wheat,Other,FAQ,08/04/2010,1100,1100,1100,1
Haryana,Karnal,Indri,Wheat,Other,FAQ,12/04/2010,1100,1100,1100,1
Haryana,Karnal,Indri,Wheat,Other,FAQ,14/04/2010,1100,1100,1100,1
Haryana,Karnal,Indri,Wheat,Other,FAQ,15/04/2010,1100,1100,1100,1
Haryana,Karnal,Indri,Wheat,Other,FAQ,20/04/2010,1100,1100,1100,1
Haryana,Karnal,Indri,Wheat,Other,FAQ,28/04/2010,1100,1100,1100,1
Haryana,Karnal,Indri,Wheat,Other,FAQ,03/05/2010,1100,1100,1100,1
Haryana,Karnal,Indri,Wheat,Other,FAQ,05/05/2010,1100,1100,1100,1
Haryana,Karnal,Indri,Wheat,Other,FAQ,01/05/2007,850,855,850,1
Haryana,Karnal,Indri,Wheat,Other,FAQ,05/05/2007,850,850,850,1
Haryana,Karnal,Indri,Wheat,Other,FAQ,07/05/2007,850,850,850,1
Haryana,Karnal,Indri,Wheat,Other,FAQ,15/05/2007,850,850,850,1
Haryana,Karnal,Indri,Wheat,Other,FAQ,06/06/2007,850,850,850,1
Haryana,Karnal,Indri,Wheat,Wheat,FAQ,21/04/2025,2425,2425,2425,1
Haryana,Karnal,Indri,Wheat,Other,FAQ,19/04/2007,850,855,850,1
Haryana,Karnal,Indri,Wheat,Other,FAQ,28/04/2007,850,855,850,1
Haryana,Karnal,Indri,Wheat,Other,FAQ,02/05/2007,850,850,850,1
Haryana,Karnal,Indri,Wheat,Other,FAQ,18/04/2015,1450,1450,1450,1
Haryana,Karnal,Indri,Wheat,Other,FAQ,20/04/2015,1450,1450,1450,1
Haryana,Karnal,Indri,Wheat,Other,FAQ,23/04/2015,1450,1450,1450,1
Haryana,Karnal,Indri,Wheat,Other,FAQ,08/05/2015,1450,1450,1450,1
Haryana,Karnal,Indri,Wheat,Other,FAQ,12/05/2015,1450,1450,1450,1
Haryana,Karnal,Indri,Wheat,Other,FAQ,09/04/2012,1285,1285,1285,1
Haryana,Karnal,Indri,Wheat,Other,FAQ,11/04/2012,1285,1285,1285,1
Haryana,Karnal,Indri,Wheat,Other,FAQ,25/04/2012,1285,1285,1285,1
Haryana,Karnal,Indri,Wheat,Other,FAQ,27/04/2012,1285,1285,1285,1
Haryana,Karnal,Indri,Wheat,Other,FAQ,30/04/2012,1285,1285,1285,1
Haryana,Karnal,Indri,Wheat,Other,FAQ,08/05/2012,1285,1285,1285,1
Haryana,Karnal,Indri,Wheat,Other,FAQ,01/04/2009,1080,1080,1080,1
Haryana,Karnal,Indri,Wheat,Other,FAQ,06/04/2009,1080,1080,1080,1
Haryana,Karnal,Indri,Wheat,Other,FAQ,09/04/2009,1080,1080,1080,1
Haryana,Karnal,Indri,Wheat,Other,FAQ,11/04/2009,1080,1080,1080,1
Haryana,Karnal,Indri,Wheat,Other,FAQ,14/04/2009,1080,1080,1080,1
Haryana,Karnal,Indri,Wheat,Other,FAQ,15/04/2009,1080,1080,1080,1
Haryana,Karnal,Indri,Wheat,Other,FAQ,24/04/2009,1080,1080,1080,1
Haryana,Karnal,Indri,Wheat,Other,FAQ,25/04/2009,1080,1080,1080,1
Haryana,Karnal,Indri,Wheat,Other,FAQ,27/04/2009,1080,1080,1080,1
Haryana,Karnal,Indri,Wheat,Other,FAQ,03/04/2010,1100,1100,1100,1
Haryana,Karnal,Indri,Wheat,Other,FAQ,09/04/2010,1100,1100,1100,1
Haryana,Karnal,Indri,Wheat,Other,FAQ,10/04/2010,1100,1100,1100,1
Haryana,Karnal,Indri,Wheat,Other,FAQ,01/05/2010,1100,1100,1100,1
Haryana,Karnal,Indri,Wheat,Other,FAQ,08/05/2010,1100,1100,1100,1
Haryana,Karnal,Indri,Wheat,Other,FAQ,23/04/2018,1735,1735,1735,1
Haryana,Karnal,Indri,Wheat,Other,FAQ,29/04/2008,1004,1004,1004,1
Haryana,Karnal,Indri,Wheat,Other,FAQ,05/05/2008,1004,1004,1004,1
Haryana,Karnal,Indri,Wheat,Other,FAQ,11/05/2008,1000,1010,1004,1
Haryana,Karnal,Indri,Wheat,Other,FAQ,17/05/2008,1000,1010,1005,1
Haryana,Karnal,Indri,Wheat,Other,FAQ,23/05/2008,1000,1010,1004,1
Haryana,Karnal,Indri,Wheat,Wheat,FAQ,12/04/2025,2425,2425,2425,1
Haryana,Karnal,Indri,Wheat,Wheat,FAQ,15/04/2025,2425,2425,2425,1
Haryana,Karnal,Indri,Wheat,Wheat,FAQ,24/04/2025,2425,2430,2425,1
Haryana,Karnal,Indri APMC,Wheat,Wheat,FAQ,15/04/2026,2585,2585,2585,1
Haryana,Karnal,Indri APMC,Wheat,Wheat,FAQ,18/04/2026,2585,2585,2585,1
Haryana,Karnal,Indri APMC,Wheat,Wheat,FAQ,16/04/2026,2585,2585,2585,1
Haryana,Karnal,Indri APMC,Wheat,Wheat,FAQ,17/04/2026,2585,2585,2585,1
Haryana,Karnal,Indri APMC,Wheat,Wheat,FAQ,14/04/2026,2585,2585,2585,1
Haryana,Karnal,Indri APMC,Wheat,Wheat,FAQ,10/04/2026,2585,2585,2585,1
Haryana,Karnal,Jundla,Wheat,Other,FAQ,13/04/2015,1450,1450,1450,1
Haryana,Karnal,Jundla,Wheat,Other,FAQ,25/04/2015,1450,1450,1450,1
Haryana,Karnal,Jundla,Wheat,Other,FAQ,28/04/2015,1450,1450,1450,1
Haryana,Karnal,Jundla,Wheat,Other,FAQ,01/05/2015,1450,1450,1450,1
Haryana,Karnal,Jundla,Wheat,Other,FAQ,12/04/2016,1525,1525,1525,1
Haryana,Karnal,Jundla,Wheat,Other,FAQ,18/04/2016,1525,1525,1525,1
Haryana,Karnal,Jundla,Wheat,Other,FAQ,19/04/2016,1525,1525,1525,1
Haryana,Karnal,Jundla,Wheat,Other,FAQ,21/04/2016,1525,1525,1525,1
Haryana,Karnal,Jundla,Wheat,Other,FAQ,26/04/2016,1525,1525,1525,1
Haryana,Karnal,Jundla,Wheat,Other,FAQ,15/04/2017,1625,1625,1625,1
Haryana,Karnal,Jundla,Wheat,Other,FAQ,20/04/2017,1625,1625,1625,1
Haryana,Karnal,Jundla,Wheat,PBW-343,FAQ,04/04/2006,720,720,720,1
Haryana,Karnal,Jundla,Wheat,PBW-343,FAQ,05/04/2006,650,650,650,1
Haryana,Karnal,Jundla,Wheat,PBW-343,FAQ,12/04/2006,650,650,650,1
Haryana,Karnal,Jundla,Wheat,Other,FAQ,12/04/2012,1285,1285,1285,1
Haryana,Karnal,Jundla,Wheat,Other,FAQ,17/04/2012,1285,1285,1285,1
Haryana,Karnal,Jundla,Wheat,Other,FAQ,21/04/2012,1285,1285,1285,1
Haryana,Karnal,Jundla,Wheat,Other,FAQ,03/05/2012,1285,1285,1285,1
Haryana,Karnal,Jundla,Wheat,Other,FAQ,13/04/2011,1120,1120,1120,1
Haryana,Karnal,Jundla,Wheat,Other,FAQ,22/04/2011,1120,1120,1120,1
Haryana,Karnal,Jundla,Wheat,Other,FAQ,24/04/2011,1120,1120,1120,1
Haryana,Karnal,Jundla,Wheat,Other,FAQ,27/04/2011,1120,1120,1120,1
Haryana,Karnal,Jundla,Wheat,Other,FAQ,04/05/2011,1120,1120,1120,1
Haryana,Karnal,Jundla,Wheat,Other,FAQ,12/04/2010,1100,1100,1100,1
Haryana,Karnal,Jundla,Wheat,Other,FAQ,10/10/2010,991,1141,1030,1
Haryana,Karnal,Jundla,Wheat,Other,FAQ,11/12/2010,2660,2725,2665,1
Haryana,Karnal,Jundla,Wheat,Other,FAQ,20/04/2009,1080,1080,1080,1
Haryana,Karnal,Jundla,Wheat,Other,FAQ,30/04/2009,1080,1080,1080,1
Haryana,Karnal,Jundla,Wheat,Other,FAQ,01/05/2009,1080,1080,1080,1
Haryana,Karnal,Jundla,Wheat,Other,FAQ,30/04/2013,1350,1350,1350,1
Haryana,Karnal,Jundla,Wheat,Other,FAQ,06/11/2013,4000,5800,5230,1
Haryana,Karnal,Jundla,Wheat,Other,FAQ,17/04/2014,1400,1400,1400,1
Haryana,Karnal,Jundla,Wheat,Other,FAQ,18/04/2014,1400,1400,1400,1
Haryana,Karnal,Jundla,Wheat,Other,FAQ,22/04/2014,1400,1400,1400,1
Haryana,Karnal,Jundla,Wheat,Other,FAQ,01/05/2014,1400,1400,1400,1
Haryana,Karnal,Jundla,Wheat,Other,FAQ,05/05/2014,1400,1400,1400,1
Haryana,Karnal,Jundla,Wheat,Other,FAQ,09/05/2014,1400,1400,1400,1
Haryana,Karnal,Jundla,Wheat,Other,FAQ,16/04/2019,1840,1840,1840,1
Haryana,Karnal,Jundla,Wheat,Other,FAQ,20/04/2019,1840,1840,1840,1
Haryana,Karnal,Jundla,Wheat,Other,FAQ,24/04/2019,1840,1840,1840,1
Haryana,Karnal,Jundla,Wheat,Other,FAQ,14/04/2022,2015,2040,2015,1
Haryana,Karnal,Jundla,Wheat,Other,FAQ,09/04/2018,1735,1735,1735,1
Haryana,Karnal,Jundla,Wheat,Other,FAQ,20/04/2018,1735,1735,1735,1
Haryana,Karnal,Jundla,Wheat,Other,FAQ,16/04/2023,2125,2125,2125,1
Haryana,Karnal,Jundla,Wheat,Other,FAQ,20/04/2023,2125,2125,2125,1
Haryana,Karnal,Jundla,Wheat,Other,FAQ,01/05/2023,2125,2125,2125,1
Haryana,Karnal,Jundla,Wheat,Other,FAQ,02/05/2023,2125,2125,2125,1
Haryana,Karnal,Jundla,Wheat,Other,FAQ,11/04/2025,2425,2425,2425,1
Haryana,Karnal,Jundla,Wheat,Other,FAQ,16/04/2025,2425,2425,2425,1
Haryana,Karnal,Jundla,Wheat,Other,FAQ,20/04/2025,2425,2426,2425,1
Haryana,Karnal,Jundla,Wheat,Other,FAQ,18/04/2015,1450,1450,1450,1
Haryana,Karnal,Jundla,Wheat,Other,FAQ,19/04/2015,1450,1450,1450,1
Haryana,Karnal,Jundla,Wheat,Other,FAQ,27/04/2015,1450,1450,1450,1
Haryana,Karnal,Jundla,Wheat,Other,FAQ,29/04/2015,1450,1450,1450,1
Haryana,Karnal,Jundla,Wheat,Other,FAQ,04/05/2015,1450,1450,1450,1
Haryana,Karnal,Jundla,Wheat,Other,FAQ,15/04/2013,1350,1350,1350,1
Haryana,Karnal,Jundla,Wheat,Other,FAQ,18/04/2013,1350,1350,1350,1
Haryana,Karnal,Jundla,Wheat,Other,FAQ,20/04/2013,1350,1350,1350,1
Haryana,Karnal,Jundla,Wheat,Other,FAQ,21/04/2013,1350,1350,1350,1
Haryana,Karnal,Jundla,Wheat,Other,FAQ,06/05/2013,1350,1350,1350,1
Haryana,Karnal,Jundla,Wheat,Other,FAQ,15/04/2014,1400,1400,1400,1
Haryana,Karnal,Jundla,Wheat,Other,FAQ,25/04/2014,1400,1400,1400,1
Haryana,Karnal,Jundla,Wheat,Other,FAQ,26/04/2014,1400,1400,1400,1
Haryana,Karnal,Jundla,Wheat,Other,FAQ,28/04/2014,1400,1400,1400,1
Haryana,Karnal,Jundla,Wheat,Other,FAQ,29/04/2014,1400,1400,1400,1
Haryana,Karnal,Jundla,Wheat,Other,FAQ,11/04/2018,1735,1735,1735,1
Haryana,Karnal,Jundla,Wheat,Other,FAQ,16/04/2018,1735,1735,1735,1
Haryana,Karnal,Jundla,Wheat,Other,FAQ,19/04/2019,1840,1840,1840,1
Haryana,Karnal,Jundla,Wheat,Other,FAQ,29/04/2019,1840,1840,1840,1
Haryana,Karnal,Jundla,Wheat,Other,FAQ,11/04/2016,1525,1525,1525,1
Haryana,Karnal,Jundla,Wheat,Other,FAQ,15/04/2016,1525,1525,1525,1
Haryana,Karnal,Jundla,Wheat,Other,FAQ,25/04/2016,1525,1525,1525,1
Haryana,Karnal,Jundla,Wheat,Other,FAQ,28/04/2016,1525,1525,1525,1
Haryana,Karnal,Jundla,Wheat,Other,FAQ,10/04/2012,1285,1285,1285,1
Haryana,Karnal,Jundla,Wheat,Other,FAQ,23/04/2012,1285,1285,1285,1
Haryana,Karnal,Jundla,Wheat,Other,FAQ,25/04/2012,1285,1285,1285,1
Haryana,Karnal,Jundla,Wheat,Other,FAQ,26/04/2012,1285,1285,1285,1
Haryana,Karnal,Jundla,Wheat,Other,FAQ,04/05/2012,1285,1285,1285,1
Haryana,Karnal,Jundla,Wheat,Other,FAQ,11/04/2017,1625,1625,1625,1
Haryana,Karnal,Jundla,Wheat,Other,FAQ,10/04/2009,1080,1080,1080,1
Haryana,Karnal,Jundla,Wheat,Other,FAQ,12/04/2009,1080,1080,1080,1
Haryana,Karnal,Jundla,Wheat,Other,FAQ,21/04/2009,1080,1080,1080,1
Haryana,Karnal,Jundla,Wheat,Other,FAQ,29/04/2009,1080,1080,1080,1
Haryana,Karnal,Jundla,Wheat,Other,FAQ,11/04/2011,1120,1120,1120,1
Haryana,Karnal,Jundla,Wheat,Other,FAQ,15/04/2011,1120,1120,1120,1
Haryana,Karnal,Jundla,Wheat,Other,FAQ,21/04/2011,1120,1120,1120,1
Haryana,Karnal,Jundla,Wheat,Other,FAQ,23/04/2011,1120,1120,1120,1
Haryana,Karnal,Jundla,Wheat,Other,FAQ,29/04/2011,1120,1120,1120,1
Haryana,Karnal,Jundla,Wheat,Other,FAQ,01/05/2011,1120,1120,1120,1
Haryana,Karnal,Jundla,Wheat,Other,FAQ,03/05/2011,1120,1120,1120,1
Haryana,Karnal,Jundla,Wheat,Other,FAQ,05/05/2011,1120,1120,1120,1
Haryana,Karnal,Jundla,Wheat,PBW-343,FAQ,07/04/2006,650,650,650,1
Haryana,Karnal,Jundla,Wheat,PBW-343,FAQ,11/04/2006,650,650,650,1
Haryana,Karnal,Jundla,Wheat,PBW-343,FAQ,16/04/2006,650,650,650,1
Haryana,Karnal,Jundla,Wheat,Other,FAQ,07/04/2010,1100,1100,1100,1
Haryana,Karnal,Jundla,Wheat,Other,FAQ,11/04/2010,1100,1100,1100,1
Haryana,Karnal,Jundla,Wheat,Other,FAQ,19/04/2010,1100,1100,1100,1
Haryana,Karnal,Jundla,Wheat,Other,FAQ,22/04/2010,1100,1100,1100,1
Haryana,Karnal,Jundla,Wheat,Other,FAQ,23/04/2010,1100,1100,1100,1
Haryana,Karnal,Jundla,Wheat,Other,FAQ,26/04/2010,1100,1100,1100,1
Haryana,Karnal,Jundla,Wheat,Other,FAQ,08/04/2024,2275,2275,2275,1
Haryana,Karnal,Jundla,Wheat,Other,FAQ,09/04/2025,2425,2425,2425,1
Haryana,Karnal,Jundla,Wheat,Other,FAQ,30/04/2025,2425,2425,2425,1
Haryana,Karnal,Jundla,Wheat,Other,FAQ,28/04/2025,2425,2425,2425,1
Haryana,Karnal,Jundla,Wheat,Other,FAQ,18/04/2023,2125,2125,2125,1
Haryana,Karnal,Jundla,Wheat,Other,FAQ,28/04/2023,2125,2125,2125,1
Haryana,Karnal,Jundla,Wheat,Other,FAQ,01/05/2025,2425,2425,2425,1
Haryana,Karnal,Jundla,Wheat,Other,FAQ,16/04/2013,1350,1350,1350,1
Haryana,Karnal,Jundla,Wheat,Other,FAQ,26/04/2013,1350,1350,1350,1
Haryana,Karnal,Jundla,Wheat,Other,FAQ,29/04/2013,1350,1350,1350,1
Haryana,Karnal,Jundla,Wheat,Other,FAQ,04/05/2013,1350,1350,1350,1
Haryana,Karnal,Jundla,Wheat,Other,FAQ,12/04/2014,1400,1400,1400,1
Haryana,Karnal,Jundla,Wheat,Other,FAQ,21/04/2014,1400,1400,1400,1
Haryana,Karnal,Jundla,Wheat,Other,FAQ,23/04/2014,1400,1400,1400,1
Haryana,Karnal,Jundla,Wheat,Other,FAQ,14/04/2011,1120,1120,1120,1
Haryana,Karnal,Jundla,Wheat,Other,FAQ,17/04/2011,1120,1120,1120,1
Haryana,Karnal,Jundla,Wheat,Other,FAQ,19/04/2011,1120,1120,1120,1
Haryana,Karnal,Jundla,Wheat,Other,FAQ,20/04/2011,1120,1120,1120,1
Haryana,Karnal,Jundla,Wheat,Other,FAQ,30/04/2011,1120,1120,1120,1
Haryana,Karnal,Jundla,Wheat,Other,FAQ,10/05/2011,1120,1120,1120,1
Haryana,Karnal,Jundla,Wheat,Other,FAQ,05/04/2010,1100,1100,1100,1
Haryana,Karnal,Jundla,Wheat,Other,FAQ,20/04/2010,1100,1100,1100,1
Haryana,Karnal,Jundla,Wheat,Other,FAQ,27/04/2010,1100,1100,1100,1
Haryana,Karnal,Jundla,Wheat,Other,FAQ,09/04/2016,1525,1525,1525,1
Haryana,Karnal,Jundla,Wheat,Other,FAQ,14/04/2016,1525,1525,1525,1
Haryana,Karnal,Jundla,Wheat,Other,FAQ,17/04/2016,1525,1525,1525,1
Haryana,Karnal,Jundla,Wheat,Other,FAQ,14/04/2015,1450,1450,1450,1
Haryana,Karnal,Jundla,Wheat,Other,FAQ,30/04/2015,1450,1450,1450,1
Haryana,Karnal,Jundla,Wheat,PBW-343,FAQ,14/04/2006,650,656,650,1
Haryana,Karnal,Jundla,Wheat,PBW-343,FAQ,15/04/2006,650,650,650,1
Haryana,Karnal,Jundla,Wheat,Other,FAQ,16/04/2012,1285,1285,1285,1
Haryana,Karnal,Jundla,Wheat,Other,FAQ,30/04/2012,1285,1285,1285,1
Haryana,Karnal,Jundla,Wheat,Other,FAQ,17/05/2012,1285,1285,1285,1
Haryana,Karnal,Jundla,Wheat,Other,FAQ,07/04/2009,1080,1080,1080,1
Haryana,Karnal,Jundla,Wheat,Other,FAQ,16/04/2009,1080,1080,1080,1
Haryana,Karnal,Jundla,Wheat,Other,FAQ,23/04/2009,1080,1080,1080,1
Haryana,Karnal,Jundla,Wheat,Other,FAQ,24/04/2009,1080,1080,1080,1
Haryana,Karnal,Jundla,Wheat,Other,FAQ,27/04/2009,1080,1080,1080,1
Haryana,Karnal,Jundla,Wheat,Other,FAQ,04/05/2009,1080,1080,1080,1
Haryana,Karnal,Jundla,Wheat,Other,FAQ,09/04/2017,1625,1625,1625,1
Haryana,Karnal,Jundla,Wheat,Other,FAQ,27/04/2017,1625,1625,1625,1
Haryana,Karnal,Jundla,Wheat,Other,FAQ,02/05/2017,1625,1625,1625,1
Haryana,Karnal,Jundla,Wheat,Other,FAQ,14/04/2018,1735,1735,1735,1
Haryana,Karnal,Jundla,Wheat,Other,FAQ,17/04/2018,1735,1735,1735,1
Haryana,Karnal,Jundla,Wheat,Other,FAQ,18/04/2018,1735,1735,1735,1
Haryana,Karnal,Jundla,Wheat,Other,FAQ,21/04/2018,1735,1735,1735,1
Haryana,Karnal,Jundla,Wheat,Other,FAQ,25/04/2018,1735,1735,1735,1
Haryana,Karnal,Jundla,Wheat,Other,FAQ,04/05/2018,1735,1735,1735,1
Haryana,Karnal,Jundla,Wheat,Other,FAQ,13/04/2019,1840,1840,1840,1
Haryana,Karnal,Jundla,Wheat,Other,FAQ,15/04/2019,1840,1840,1840,1
Haryana,Karnal,Jundla,Wheat,Other,FAQ,17/04/2019,1840,1840,1840,1
Haryana,Karnal,Jundla,Wheat,Other,FAQ,18/04/2019,1840,1840,1840,1
Haryana,Karnal,Jundla,Wheat,Other,FAQ,01/05/2019,1840,1840,1840,1
Haryana,Karnal,Jundla,Wheat,Other,FAQ,10/04/2025,2425,2425,2425,1
Haryana,Karnal,Jundla,Wheat,Other,FAQ,12/04/2025,2425,2425,2425,1
Haryana,Karnal,Jundla,Wheat,Other,FAQ,13/04/2025,2425,2425,2425,1
Haryana,Karnal,Jundla,Wheat,Other,FAQ,14/04/2025,2425,2425,2425,1
Haryana,Karnal,Jundla,Wheat,Other,FAQ,15/04/2025,2425,2425,2425,1
Haryana,Karnal,Jundla,Wheat,Other,FAQ,18/04/2025,2425,2425,2425,1
Haryana,Karnal,Jundla,Wheat,Other,FAQ,02/05/2025,2425,2425,2425,1
Haryana,Karnal,Jundla,Wheat,Other,FAQ,25/04/2023,2125,2137,2125,1
Haryana,Karnal,Jundla,Wheat,Other,FAQ,15/04/2022,2015,2020,2015,1
Haryana,Karnal,Jundla,Wheat,Other,FAQ,20/04/2015,1450,1450,1450,1
Haryana,Karnal,Jundla,Wheat,Other,FAQ,21/04/2015,1450,1450,1450,1
Haryana,Karnal,Jundla,Wheat,Other,FAQ,22/04/2015,1450,1450,1450,1
Haryana,Karnal,Jundla,Wheat,Other,FAQ,24/04/2015,1450,1450,1450,1
Haryana,Karnal,Jundla,Wheat,Other,FAQ,26/04/2015,1450,1450,1450,1
Haryana,Karnal,Jundla,Wheat,Other,FAQ,13/04/2009,1080,1080,1080,1
Haryana,Karnal,Jundla,Wheat,Other,FAQ,18/04/2009,1080,1080,1080,1
Haryana,Karnal,Jundla,Wheat,Other,FAQ,22/04/2009,1080,1080,1080,1
Haryana,Karnal,Jundla,Wheat,Other,FAQ,02/05/2009,1080,1080,1080,1
Haryana,Karnal,Jundla,Wheat,Other,FAQ,10/04/2017,1625,1625,1625,1
Haryana,Karnal,Jundla,Wheat,Other,FAQ,13/04/2017,1625,1625,1625,1
Haryana,Karnal,Jundla,Wheat,Other,FAQ,17/04/2017,1625,1625,1625,1
Haryana,Karnal,Jundla,Wheat,Other,FAQ,24/04/2017,1625,1625,1625,1
Haryana,Karnal,Jundla,Wheat,Other,FAQ,25/04/2017,1625,1625,1625,1
Haryana,Karnal,Jundla,Wheat,Other,FAQ,13/04/2018,1735,1735,1735,1
Haryana,Karnal,Jundla,Wheat,Other,FAQ,19/04/2018,1735,1735,1735,1
Haryana,Karnal,Jundla,Wheat,Other,FAQ,23/04/2018,1735,1735,1735,1
Haryana,Karnal,Jundla,Wheat,Other,FAQ,27/04/2018,1735,1735,1735,1
Haryana,Karnal,Jundla,Wheat,Other,FAQ,30/04/2016,1525,1525,1525,1
Haryana,Karnal,Jundla,Wheat,Other,FAQ,09/04/2024,2275,2275,2275,1
Haryana,Karnal,Jundla,Wheat,Other,FAQ,22/04/2019,1840,1840,1840,1
Haryana,Karnal,Jundla,Wheat,Other,FAQ,22/04/2013,1350,1350,1350,1
Haryana,Karnal,Jundla,Wheat,Other,FAQ,23/04/2013,1350,1350,1350,1
Haryana,Karnal,Jundla,Wheat,Other,FAQ,27/04/2013,1350,1350,1350,1
Haryana,Karnal,Jundla,Wheat,Other,FAQ,14/11/2013,4450,5820,5640,1
Haryana,Karnal,Jundla,Wheat,Other,FAQ,12/04/2011,1120,1120,1120,1
Haryana,Karnal,Jundla,Wheat,Other,FAQ,18/04/2011,1120,1120,1120,1
Haryana,Karnal,Jundla,Wheat,Other,FAQ,26/04/2011,1120,1120,1120,1
Haryana,Karnal,Jundla,Wheat,Other,FAQ,28/04/2011,1120,1120,1120,1
Haryana,Karnal,Jundla,Wheat,Other,FAQ,16/05/2011,1120,1120,1120,1
Haryana,Karnal,Jundla,Wheat,Other,FAQ,03/05/2014,1400,1400,1400,1
Haryana,Karnal,Jundla,Wheat,Other,FAQ,09/04/2012,1285,1285,1285,1
Haryana,Karnal,Jundla,Wheat,Other,FAQ,14/04/2012,1285,1285,1285,1
Haryana,Karnal,Jundla,Wheat,Other,FAQ,27/04/2012,1285,1285,1285,1
Haryana,Karnal,Jundla,Wheat,Other,FAQ,28/04/2012,1285,1285,1285,1
Haryana,Karnal,Jundla,Wheat,Other,FAQ,10/04/2010,1100,1100,1100,1
Haryana,Karnal,Jundla,Wheat,Other,FAQ,28/04/2010,1100,1100,1100,1
Haryana,Karnal,Jundla,Wheat,PBW-343,FAQ,08/04/2006,650,650,650,1
Haryana,Karnal,Jundla,Wheat,PBW-343,FAQ,10/04/2006,650,650,650,1
Haryana,Karnal,Jundla,Wheat,PBW-343,FAQ,13/04/2006,650,650,650,1
Haryana,Karnal,Jundla,Wheat,PBW-343,FAQ,17/04/2006,650,650,650,1
Haryana,Karnal,Jundla,Wheat,Other,FAQ,19/04/2023,2125,2125,2125,1
Haryana,Karnal,Jundla,Wheat,Other,FAQ,22/04/2023,2125,2125,2125,1
Haryana,Karnal,Jundla,Wheat,Other,FAQ,23/04/2023,2125,2125,2125,1
Haryana,Karnal,Jundla,Wheat,Other,FAQ,26/04/2023,2125,2125,2125,1
Haryana,Karnal,Jundla,Wheat,Other,FAQ,27/04/2023,2125,2125,2125,1
Haryana,Karnal,Jundla,Wheat,Other,FAQ,30/04/2023,2125,2125,2125,1
Haryana,Karnal,Jundla,Wheat,Other,FAQ,17/04/2025,2425,2425,2425,1
Haryana,Karnal,Jundla,Wheat,Other,FAQ,25/04/2025,2425,2425,2425,1
Haryana,Karnal,Jundla,Wheat,Other,FAQ,08/04/2011,1120,1120,1120,1
Haryana,Karnal,Jundla,Wheat,Other,FAQ,16/04/2011,1120,1120,1120,1
Haryana,Karnal,Jundla,Wheat,Other,FAQ,25/04/2011,1120,1120,1120,1
Haryana,Karnal,Jundla,Wheat,Other,FAQ,02/05/2011,1120,1120,1120,1
Haryana,Karnal,Jundla,Wheat,Other,FAQ,13/05/2011,1120,1120,1120,1
Haryana,Karnal,Jundla,Wheat,Other,FAQ,17/04/2023,2125,2125,2125,1
Haryana,Karnal,Jundla,Wheat,Other,FAQ,29/04/2023,2125,2125,2125,1
Haryana,Karnal,Jundla,Wheat,Other,FAQ,17/04/2015,1450,1450,1450,1
Haryana,Karnal,Jundla,Wheat,Other,FAQ,03/05/2015,1450,1450,1450,1
Haryana,Karnal,Jundla,Wheat,Other,FAQ,08/05/2015,1450,1450,1450,1
Haryana,Karnal,Jundla,Wheat,Other,FAQ,11/04/2012,1285,1285,1285,1
Haryana,Karnal,Jundla,Wheat,Other,FAQ,24/04/2012,1285,1285,1285,1
Haryana,Karnal,Jundla,Wheat,Other,FAQ,01/05/2012,1285,1285,1285,1
Haryana,Karnal,Jundla,Wheat,Other,FAQ,13/04/2016,1525,1525,1525,1
Haryana,Karnal,Jundla,Wheat,Other,FAQ,16/04/2016,1525,1525,1525,1
Haryana,Karnal,Jundla,Wheat,Other,FAQ,02/05/2016,1525,1525,1525,1
Haryana,Karnal,Jundla,Wheat,Other,FAQ,05/05/2016,1525,1525,1525,1
Haryana,Karnal,Jundla,Wheat,Other,FAQ,08/04/2009,1080,1080,1080,1
Haryana,Karnal,Jundla,Wheat,Other,FAQ,11/04/2009,1080,1080,1080,1
Haryana,Karnal,Jundla,Wheat,Other,FAQ,14/04/2009,1080,1080,1080,1
Haryana,Karnal,Jundla,Wheat,Other,FAQ,15/04/2009,1080,1080,1080,1
Haryana,Karnal,Jundla,Wheat,Other,FAQ,17/04/2009,1080,1080,1080,1
Haryana,Karnal,Jundla,Wheat,Other,FAQ,25/04/2009,1080,1080,1080,1
Haryana,Karnal,Jundla,Wheat,Other,FAQ,06/04/2010,1100,1100,1100,1
Haryana,Karnal,Jundla,Wheat,Other,FAQ,08/04/2010,1100,1100,1100,1
Haryana,Karnal,Jundla,Wheat,Other,FAQ,13/04/2010,1100,1100,1100,1
Haryana,Karnal,Jundla,Wheat,Other,FAQ,14/04/2010,1100,1100,1100,1
Haryana,Karnal,Jundla,Wheat,Other,FAQ,15/04/2010,1100,1100,1100,1
Haryana,Karnal,Jundla,Wheat,Other,FAQ,21/04/2010,1100,1100,1100,1
Haryana,Karnal,Jundla,Wheat,Other,FAQ,16/04/2014,1400,1400,1400,1
Haryana,Karnal,Jundla,Wheat,Other,FAQ,19/04/2014,1400,1400,1400,1
Haryana,Karnal,Jundla,Wheat,Other,FAQ,20/04/2014,1400,1400,1400,1
Haryana,Karnal,Jundla,Wheat,Other,FAQ,24/04/2014,1400,1400,1400,1
Haryana,Karnal,Jundla,Wheat,Other,FAQ,30/04/2014,1400,1400,1400,1
Haryana,Karnal,Jundla,Wheat,Other,FAQ,10/04/2018,1735,1735,1735,1
Haryana,Karnal,Jundla,Wheat,Other,FAQ,15/04/2018,1735,1735,1735,1
Haryana,Karnal,Jundla,Wheat,Other,FAQ,08/04/2017,1625,1625,1625,1
Haryana,Karnal,Jundla,Wheat,Other,FAQ,14/04/2017,1625,1625,1625,1
Haryana,Karnal,Jundla,Wheat,Other,FAQ,16/04/2017,1625,1625,1625,1
Haryana,Karnal,Jundla,Wheat,Other,FAQ,18/04/2017,1625,1625,1625,1
Haryana,Karnal,Jundla,Wheat,Other,FAQ,21/04/2017,1625,1625,1625,1
Haryana,Karnal,Jundla,Wheat,Other,FAQ,01/05/2017,1625,1625,1625,1
Haryana,Karnal,Jundla,Wheat,Other,FAQ,21/04/2019,1840,1840,1840,1
Haryana,Karnal,Jundla,Wheat,Other,FAQ,23/04/2019,1840,1840,1840,1
Haryana,Karnal,Jundla,Wheat,Other,FAQ,25/04/2019,1840,1840,1840,1
Haryana,Karnal,Jundla,Wheat,Other,FAQ,26/04/2019,1840,1840,1840,1
Haryana,Karnal,Jundla,Wheat,Other,FAQ,27/04/2019,1840,1840,1840,1
Haryana,Karnal,Jundla,Wheat,Other,FAQ,12/04/2013,1350,1350,1350,1
Haryana,Karnal,Jundla,Wheat,Other,FAQ,13/04/2013,1350,1350,1350,1
Haryana,Karnal,Jundla,Wheat,Other,FAQ,14/04/2013,1350,1350,1350,1
Haryana,Karnal,Jundla,Wheat,Other,FAQ,17/04/2013,1350,1350,1350,1
Haryana,Karnal,Jundla,Wheat,Other,FAQ,19/04/2013,1350,1350,1350,1
Haryana,Karnal,Jundla,Wheat,Other,FAQ,24/04/2013,1350,1350,1350,1
Haryana,Karnal,Jundla,Wheat,Other,FAQ,03/05/2013,1350,1350,1350,1
Haryana,Karnal,Jundla,Wheat,PBW-343,FAQ,06/04/2006,650,650,650,1
Haryana,Karnal,Jundla,Wheat,PBW-343,FAQ,18/04/2006,650,650,650,1
Haryana,Karnal,Jundla,Wheat,Other,FAQ,21/04/2025,2425,2426,2425,1
Haryana,Karnal,Jundla,Wheat,Other,FAQ,23/04/2025,2426,2426,2426,1
Haryana,Karnal,Jundla APMC,Wheat,PBW-343,FAQ,09/04/2026,2585,2585,2585,1
Haryana,Karnal,Jundla APMC,Wheat,Other,FAQ,13/04/2026,2585,2585,2585,1
Haryana,Karnal,Jundla APMC,Wheat,Other,FAQ,16/04/2026,2585,2585,2585,1
Haryana,Karnal,Jundla APMC,Wheat,Other,FAQ,18/04/2026,2585,2585,2585,1
Haryana,Karnal,Jundla APMC,Wheat,Other,FAQ,07/04/2026,2585,2585,2585,1
Haryana,Karnal,Kunjpura,Wheat,Other,FAQ,15/04/2015,1450,1450,1450,1
Haryana,Karnal,Kunjpura,Wheat,Other,FAQ,25/04/2015,1450,1450,1450,1
Haryana,Karnal,Kunjpura,Wheat,Other,FAQ,28/04/2015,1450,1450,1450,1
Haryana,Karnal,Kunjpura,Wheat,Other,FAQ,29/04/2015,1450,1450,1450,1
Haryana,Karnal,Kunjpura,Wheat,Other,FAQ,13/04/2016,1525,1525,1525,1
Haryana,Karnal,Kunjpura,Wheat,Other,FAQ,14/04/2016,1525,1525,1525,1
Haryana,Karnal,Kunjpura,Wheat,Other,FAQ,15/04/2016,1525,1525,1525,1
Haryana,Karnal,Kunjpura,Wheat,Other,FAQ,16/04/2016,1525,1525,1525,1
Haryana,Karnal,Kunjpura,Wheat,Other,FAQ,18/04/2016,1525,1525,1525,1
Haryana,Karnal,Kunjpura,Wheat,Other,FAQ,20/04/2016,1525,1525,1525,1
Haryana,Karnal,Kunjpura,Wheat,Other,FAQ,28/04/2016,1525,1525,1525,1
Haryana,Karnal,Kunjpura,Wheat,Other,FAQ,30/04/2016,1525,1525,1525,1
Haryana,Karnal,Kunjpura,Wheat,Other,FAQ,03/05/2016,1525,1525,1525,1
Haryana,Karnal,Kunjpura,Wheat,Other,FAQ,07/05/2016,1525,1525,1525,1
Haryana,Karnal,Kunjpura,Wheat,Other,FAQ,10/04/2017,1625,1625,1625,1
Haryana,Karnal,Kunjpura,Wheat,Other,FAQ,14/04/2017,1625,1625,1625,1
Haryana,Karnal,Kunjpura,Wheat,Other,FAQ,19/04/2017,1625,1625,1625,1
Haryana,Karnal,Kunjpura,Wheat,Other,FAQ,20/04/2017,1625,1625,1625,1
Haryana,Karnal,Kunjpura,Wheat,Other,FAQ,28/04/2017,1625,1625,1625,1
Haryana,Karnal,Kunjpura,Wheat,Other,FAQ,29/04/2017,1625,1625,1625,1
Haryana,Karnal,Kunjpura,Wheat,Other,FAQ,01/05/2017,1625,1625,1625,1
Haryana,Karnal,Kunjpura,Wheat,Other,FAQ,03/05/2017,1625,1625,1625,1
Haryana,Karnal,Kunjpura,Wheat,Other,FAQ,12/05/2017,1625,1625,1625,1
Haryana,Karnal,Kunjpura,Wheat,Other,FAQ,06/04/2006,650,650,650,1
Haryana,Karnal,Kunjpura,Wheat,Other,FAQ,31/08/2006,605,772,636,1
Haryana,Karnal,Kunjpura,Wheat,Other,FAQ,23/04/2012,1285,1285,1285,1
Haryana,Karnal,Kunjpura,Wheat,Other,FAQ,12/04/2011,1120,1120,1120,1
Haryana,Karnal,Kunjpura,Wheat,Other,FAQ,14/04/2011,1120,1120,1120,1
Haryana,Karnal,Kunjpura,Wheat,Other,FAQ,15/04/2011,1120,1120,1120,1
Haryana,Karnal,Kunjpura,Wheat,Other,FAQ,16/04/2011,1120,1120,1120,1
Haryana,Karnal,Kunjpura,Wheat,Other,FAQ,17/04/2011,1120,1120,1120,1
Haryana,Karnal,Kunjpura,Wheat,Other,FAQ,04/05/2011,1120,1120,1120,1
Haryana,Karnal,Kunjpura,Wheat,Other,FAQ,07/05/2011,1120,1120,1120,1
Haryana,Karnal,Kunjpura,Wheat,Other,FAQ,17/05/2011,1120,1120,1120,1
Haryana,Karnal,Kunjpura,Wheat,Other,FAQ,24/05/2011,1120,1120,1120,1
Haryana,Karnal,Kunjpura,Wheat,Other,FAQ,09/04/2010,1100,1100,1100,1
Haryana,Karnal,Kunjpura,Wheat,Other,FAQ,18/04/2010,1100,1100,1100,1
Haryana,Karnal,Kunjpura,Wheat,Other,FAQ,26/04/2010,1100,1100,1100,1
Haryana,Karnal,Kunjpura,Wheat,Other,FAQ,27/04/2010,1100,1100,1100,1
Haryana,Karnal,Kunjpura,Wheat,Other,FAQ,05/04/2009,1080,1080,1080,1
Haryana,Karnal,Kunjpura,Wheat,Other,FAQ,11/04/2009,1080,1080,1080,1
Haryana,Karnal,Kunjpura,Wheat,Other,FAQ,17/04/2009,1080,1080,1080,1
Haryana,Karnal,Kunjpura,Wheat,Other,FAQ,22/04/2009,1080,1080,1080,1
Haryana,Karnal,Kunjpura,Wheat,Other,FAQ,29/04/2009,1080,1080,1080,1
Haryana,Karnal,Kunjpura,Wheat,Other,FAQ,18/04/2008,1000,1000,1000,1
Haryana,Karnal,Kunjpura,Wheat,Other,FAQ,20/04/2008,1000,1000,1000,1
Haryana,Karnal,Kunjpura,Wheat,Other,FAQ,22/04/2008,1000,1000,1000,1
Haryana,Karnal,Kunjpura,Wheat,Other,FAQ,29/04/2008,1000,1000,1000,1
Haryana,Karnal,Kunjpura,Wheat,Other,FAQ,01/05/2008,1000,1000,1000,1
Haryana,Karnal,Kunjpura,Wheat,Other,FAQ,02/05/2008,1000,1000,1000,1
Haryana,Karnal,Kunjpura,Wheat,Other,FAQ,09/05/2008,1000,1000,1000,1
Haryana,Karnal,Kunjpura,Wheat,Other,FAQ,20/05/2008,1000,1000,1000,1
Haryana,Karnal,Kunjpura,Wheat,Other,FAQ,23/05/2008,1000,1000,1000,1
Haryana,Karnal,Kunjpura,Wheat,Other,FAQ,11/04/2013,1350,1350,1350,1
Haryana,Karnal,Kunjpura,Wheat,Other,FAQ,17/04/2013,1350,1350,1350,1
Haryana,Karnal,Kunjpura,Wheat,Other,FAQ,04/05/2013,1350,1350,1350,1
Haryana,Karnal,Kunjpura,Wheat,Other,FAQ,07/05/2013,1350,1350,1350,1
Haryana,Karnal,Kunjpura,Wheat,Other,FAQ,08/05/2013,1350,1350,1350,1
Haryana,Karnal,Kunjpura,Wheat,Other,FAQ,16/04/2014,1400,1400,1400,1
Haryana,Karnal,Kunjpura,Wheat,Other,FAQ,22/04/2014,1400,1400,1400,1
Haryana,Karnal,Kunjpura,Wheat,Other,FAQ,03/05/2014,1400,1400,1400,1
Haryana,Karnal,Kunjpura,Wheat,Other,FAQ,10/05/2014,1400,1400,1400,1
Haryana,Karnal,Kunjpura,Wheat,Other,FAQ,16/05/2014,1400,1400,1400,1
Haryana,Karnal,Kunjpura,Wheat,Other,FAQ,20/05/2014,1400,1400,1400,1
Haryana,Karnal,Kunjpura,Wheat,Other,FAQ,05/04/2007,850,870,860,1
Haryana,Karnal,Kunjpura,Wheat,Other,FAQ,13/04/2007,850,855,850,1
Haryana,Karnal,Kunjpura,Wheat,Other,FAQ,18/04/2007,850,855,850,1
Haryana,Karnal,Kunjpura,Wheat,Other,FAQ,21/04/2007,850,855,850,1
Haryana,Karnal,Kunjpura,Wheat,Other,FAQ,22/04/2007,850,855,850,1
Haryana,Karnal,Kunjpura,Wheat,Other,FAQ,27/04/2007,850,855,850,1
Haryana,Karnal,Kunjpura,Wheat,Other,FAQ,12/05/2007,850,850,850,1
Haryana,Karnal,Kunjpura,Wheat,Other,FAQ,14/05/2007,850,850,850,1
Haryana,Karnal,Kunjpura,Wheat,Other,FAQ,18/05/2007,850,850,850,1
Haryana,Karnal,Kunjpura,Wheat,Other,FAQ,01/05/2019,1840,1840,1840,1
Haryana,Karnal,Kunjpura,Wheat,Other,FAQ,09/05/2019,1840,1840,1840,1
Haryana,Karnal,Kunjpura,Wheat,Other,FAQ,10/05/2019,1840,1840,1840,1
Haryana,Karnal,Kunjpura,Wheat,Other,FAQ,20/04/2018,1735,1735,1735,1
Haryana,Karnal,Kunjpura,Wheat,Other,FAQ,22/04/2018,1735,1735,1735,1
Haryana,Karnal,Kunjpura,Wheat,Other,FAQ,28/04/2018,1735,1735,1735,1
Haryana,Karnal,Kunjpura,Wheat,Other,FAQ,02/05/2018,1735,1735,1735,1
Haryana,Karnal,Kunjpura,Wheat,Other,FAQ,18/04/2023,2125,2125,2125,1
Haryana,Karnal,Kunjpura,Wheat,Other,FAQ,21/04/2023,2125,2125,2125,1
Haryana,Karnal,Kunjpura,Wheat,Other,FAQ,27/04/2023,2125,2125,2125,1
Haryana,Karnal,Kunjpura,Wheat,Other,FAQ,02/05/2023,2125,2125,2125,1
Haryana,Karnal,Kunjpura,Wheat,Other,FAQ,09/04/2025,2425,2425,2425,1
Haryana,Karnal,Kunjpura,Wheat,Other,FAQ,10/04/2025,2425,2425,2425,1
Haryana,Karnal,Kunjpura,Wheat,Other,FAQ,14/04/2025,2425,2425,2425,1
Haryana,Karnal,Kunjpura,Wheat,Other,FAQ,21/04/2025,2425,2426,2425,1
Haryana,Karnal,Kunjpura,Wheat,Other,FAQ,23/04/2025,2425,2426,2425,1
Haryana,Karnal,Kunjpura,Wheat,Other,FAQ,25/04/2025,2425,2425,2425,1
Haryana,Karnal,Kunjpura,Wheat,Other,FAQ,27/04/2025,2425,2425,2425,1
Haryana,Karnal,Kunjpura,Wheat,Other,FAQ,28/04/2025,2425,2426,2425,1
Haryana,Karnal,Kunjpura,Wheat,Other,FAQ,29/04/2025,2425,2426,2425,1
Haryana,Karnal,Kunjpura,Wheat,Other,FAQ,30/04/2025,2425,2426,2425,1
Haryana,Karnal,Kunjpura,Wheat,Other,FAQ,06/05/2025,2425,2426,2425,1
Haryana,Karnal,Kunjpura,Wheat,Other,FAQ,17/04/2015,1450,1450,1450,1
Haryana,Karnal,Kunjpura,Wheat,Other,FAQ,23/04/2015,1450,1450,1450,1
Haryana,Karnal,Kunjpura,Wheat,Other,FAQ,01/05/2015,1450,1450,1450,1
Haryana,Karnal,Kunjpura,Wheat,Other,FAQ,03/05/2015,1450,1450,1450,1
Haryana,Karnal,Kunjpura,Wheat,Other,FAQ,04/05/2015,1450,1450,1450,1
Haryana,Karnal,Kunjpura,Wheat,Other,FAQ,07/05/2015,1450,1450,1450,1
Haryana,Karnal,Kunjpura,Wheat,Other,FAQ,09/05/2015,1450,1450,1450,1
Haryana,Karnal,Kunjpura,Wheat,Other,FAQ,12/05/2015,1450,1450,1450,1
Haryana,Karnal,Kunjpura,Wheat,Other,FAQ,14/05/2015,1450,1450,1450,1
Haryana,Karnal,Kunjpura,Wheat,Other,FAQ,09/04/2013,1350,1350,1350,1
Haryana,Karnal,Kunjpura,Wheat,Other,FAQ,13/04/2013,1350,1350,1350,1
Haryana,Karnal,Kunjpura,Wheat,Other,FAQ,14/04/2013,1350,1350,1350,1
Haryana,Karnal,Kunjpura,Wheat,Other,FAQ,16/04/2013,1350,1350,1350,1
Haryana,Karnal,Kunjpura,Wheat,Other,FAQ,23/04/2013,1350,1350,1350,1
Haryana,Karnal,Kunjpura,Wheat,Other,FAQ,25/04/2013,1350,1350,1350,1
Haryana,Karnal,Kunjpura,Wheat,Other,FAQ,26/04/2013,1350,1350,1350,1
Haryana,Karnal,Kunjpura,Wheat,Other,FAQ,28/04/2013,1350,1350,1350,1
Haryana,Karnal,Kunjpura,Wheat,Other,FAQ,01/05/2013,1350,1350,1350,1
Haryana,Karnal,Kunjpura,Wheat,Other,FAQ,02/05/2013,1350,1350,1350,1
Haryana,Karnal,Kunjpura,Wheat,Other,FAQ,05/05/2013,1350,1350,1350,1
Haryana,Karnal,Kunjpura,Wheat,Other,FAQ,09/05/2013,1350,1350,1350,1
Haryana,Karnal,Kunjpura,Wheat,Other,FAQ,10/05/2013,1350,1350,1350,1
Haryana,Karnal,Kunjpura,Wheat,Other,FAQ,18/04/2014,1400,1400,1400,1
Haryana,Karnal,Kunjpura,Wheat,Other,FAQ,26/04/2014,1400,1400,1400,1
Haryana,Karnal,Kunjpura,Wheat,Other,FAQ,05/05/2014,1400,1400,1400,1
Haryana,Karnal,Kunjpura,Wheat,Other,FAQ,09/05/2014,1400,1400,1400,1
Haryana,Karnal,Kunjpura,Wheat,Other,FAQ,25/04/2018,1735,1735,1735,1
Haryana,Karnal,Kunjpura,Wheat,Other,FAQ,13/04/2019,1840,1840,1840,1
Haryana,Karnal,Kunjpura,Wheat,Other,FAQ,25/04/2019,1840,1840,1840,1
Haryana,Karnal,Kunjpura,Wheat,Other,FAQ,02/05/2019,1840,1840,1840,1
Haryana,Karnal,Kunjpura,Wheat,Other,FAQ,03/05/2019,1840,1840,1840,1
Haryana,Karnal,Kunjpura,Wheat,Other,FAQ,12/04/2016,1525,1525,1525,1
Haryana,Karnal,Kunjpura,Wheat,Other,FAQ,21/04/2016,1525,1525,1525,1
Haryana,Karnal,Kunjpura,Wheat,Other,FAQ,27/04/2016,1525,1525,1525,1
Haryana,Karnal,Kunjpura,Wheat,Other,FAQ,29/04/2016,1525,1525,1525,1
Haryana,Karnal,Kunjpura,Wheat,Other,FAQ,02/05/2016,1525,1525,1525,1
Haryana,Karnal,Kunjpura,Wheat,Other,FAQ,14/04/2012,1285,1285,1285,1
Haryana,Karnal,Kunjpura,Wheat,Other,FAQ,18/04/2012,1285,1285,1285,1
Haryana,Karnal,Kunjpura,Wheat,Other,FAQ,19/04/2012,1285,1285,1285,1
Haryana,Karnal,Kunjpura,Wheat,Other,FAQ,20/04/2012,1285,1285,1285,1
Haryana,Karnal,Kunjpura,Wheat,Other,FAQ,27/04/2012,1285,1285,1285,1
Haryana,Karnal,Kunjpura,Wheat,Other,FAQ,29/04/2012,1285,1285,1285,1
Haryana,Karnal,Kunjpura,Wheat,Other,FAQ,04/05/2012,1285,1285,1285,1
Haryana,Karnal,Kunjpura,Wheat,Other,FAQ,09/04/2017,1625,1625,1625,1
Haryana,Karnal,Kunjpura,Wheat,Other,FAQ,17/04/2017,1625,1625,1625,1
Haryana,Karnal,Kunjpura,Wheat,Other,FAQ,18/04/2017,1625,1625,1625,1
Haryana,Karnal,Kunjpura,Wheat,Other,FAQ,25/04/2017,1625,1625,1625,1
Haryana,Karnal,Kunjpura,Wheat,Other,FAQ,05/05/2017,1625,1625,1625,1
Haryana,Karnal,Kunjpura,Wheat,Other,FAQ,13/05/2017,1625,1625,1625,1
Haryana,Karnal,Kunjpura,Wheat,Other,FAQ,15/05/2017,1625,1625,1625,1
Haryana,Karnal,Kunjpura,Wheat,Other,FAQ,01/04/2009,1080,1080,1080,1
Haryana,Karnal,Kunjpura,Wheat,Other,FAQ,04/04/2009,1080,1080,1080,1
Haryana,Karnal,Kunjpura,Wheat,Other,FAQ,09/04/2009,1080,1080,1080,1
Haryana,Karnal,Kunjpura,Wheat,Other,FAQ,12/04/2009,1080,1080,1080,1
Haryana,Karnal,Kunjpura,Wheat,Other,FAQ,13/04/2009,1080,1080,1080,1
Haryana,Karnal,Kunjpura,Wheat,Other,FAQ,04/04/2007,865,865,865,1
Haryana,Karnal,Kunjpura,Wheat,Other,FAQ,09/04/2007,850,870,850,1
Haryana,Karnal,Kunjpura,Wheat,Other,FAQ,12/04/2007,850,850,850,1
Haryana,Karnal,Kunjpura,Wheat,Other,FAQ,15/04/2007,850,855,850,1
Haryana,Karnal,Kunjpura,Wheat,Other,FAQ,26/04/2007,850,855,850,1
Haryana,Karnal,Kunjpura,Wheat,Other,FAQ,28/04/2007,850,855,850,1
Haryana,Karnal,Kunjpura,Wheat,Other,FAQ,01/05/2007,850,855,850,1
Haryana,Karnal,Kunjpura,Wheat,Other,FAQ,04/05/2007,850,855,850,1
Haryana,Karnal,Kunjpura,Wheat,Other,FAQ,06/05/2007,850,855,850,1
Haryana,Karnal,Kunjpura,Wheat,Other,FAQ,15/05/2007,850,850,850,1
Haryana,Karnal,Kunjpura,Wheat,Other,FAQ,17/05/2007,850,850,850,1
Haryana,Karnal,Kunjpura,Wheat,Other,FAQ,20/05/2007,850,850,850,1
Haryana,Karnal,Kunjpura,Wheat,Other,FAQ,21/05/2007,850,850,850,1
Haryana,Karnal,Kunjpura,Wheat,Other,FAQ,22/05/2007,850,850,850,1
Haryana,Karnal,Kunjpura,Wheat,Other,FAQ,25/04/2011,1120,1120,1120,1
Haryana,Karnal,Kunjpura,Wheat,Other,FAQ,29/04/2011,1120,1120,1120,1
Haryana,Karnal,Kunjpura,Wheat,Other,FAQ,30/04/2011,1120,1120,1120,1
Haryana,Karnal,Kunjpura,Wheat,Other,FAQ,03/05/2011,1120,1120,1120,1
Haryana,Karnal,Kunjpura,Wheat,Other,FAQ,06/05/2011,1120,1120,1120,1
Haryana,Karnal,Kunjpura,Wheat,Other,FAQ,08/05/2011,1120,1120,1120,1
Haryana,Karnal,Kunjpura,Wheat,Other,FAQ,23/05/2011,1120,1120,1120,1
Haryana,Karnal,Kunjpura,Wheat,Other,FAQ,27/05/2011,1120,1120,1120,1
Haryana,Karnal,Kunjpura,Wheat,Other,FAQ,05/04/2006,650,650,650,1
Haryana,Karnal,Kunjpura,Wheat,Other,FAQ,07/04/2006,650,650,650,1
Haryana,Karnal,Kunjpura,Wheat,Other,FAQ,28/08/2006,622,642,640,1
Haryana,Karnal,Kunjpura,Wheat,Other,FAQ,12/09/2006,595,689,645,1
Haryana,Karnal,Kunjpura,Wheat,Other,FAQ,06/04/2010,1100,1100,1100,1
Haryana,Karnal,Kunjpura,Wheat,Other,FAQ,07/04/2010,1100,1100,1100,1
Haryana,Karnal,Kunjpura,Wheat,Other,FAQ,11/04/2010,1100,1100,1100,1
Haryana,Karnal,Kunjpura,Wheat,Other,FAQ,13/04/2010,1100,1100,1100,1
Haryana,Karnal,Kunjpura,Wheat,Other,FAQ,14/04/2010,1100,1100,1100,1
Haryana,Karnal,Kunjpura,Wheat,Other,FAQ,15/04/2010,1100,1100,1100,1
Haryana,Karnal,Kunjpura,Wheat,Other,FAQ,22/04/2010,1100,1100,1100,1
Haryana,Karnal,Kunjpura,Wheat,Other,FAQ,19/04/2008,1000,1000,1000,1
Haryana,Karnal,Kunjpura,Wheat,Other,FAQ,21/04/2008,1000,1000,1000,1
Haryana,Karnal,Kunjpura,Wheat,Other,FAQ,05/05/2008,1000,1000,1000,1
Haryana,Karnal,Kunjpura,Wheat,Other,FAQ,06/05/2008,1000,1000,1000,1
Haryana,Karnal,Kunjpura,Wheat,Other,FAQ,12/05/2008,1000,1000,1000,1
Haryana,Karnal,Kunjpura,Wheat,Other,FAQ,14/05/2008,1000,1000,1000,1
Haryana,Karnal,Kunjpura,Wheat,Other,FAQ,12/04/2025,2425,2425,2425,1
Haryana,Karnal,Kunjpura,Wheat,Other,FAQ,16/04/2025,2425,2425,2425,1
Haryana,Karnal,Kunjpura,Wheat,Other,FAQ,13/04/2025,2425,2425,2425,1
Haryana,Karnal,Kunjpura,Wheat,Other,FAQ,19/04/2025,2425,2425,2425,1
Haryana,Karnal,Kunjpura,Wheat,Other,FAQ,14/04/2023,2125,2125,2125,1
Haryana,Karnal,Kunjpura,Wheat,Other,FAQ,25/04/2023,2125,2125,2125,1
Haryana,Karnal,Kunjpura,Wheat,Other,FAQ,30/04/2023,2125,2125,2125,1
Haryana,Karnal,Kunjpura,Wheat,Other,FAQ,01/05/2023,2125,2125,2125,1
Haryana,Karnal,Kunjpura,Wheat,Other,FAQ,03/05/2023,2125,2125,2125,1
Haryana,Karnal,Kunjpura,Wheat,Other,FAQ,04/05/2023,2125,2125,2125,1
Haryana,Karnal,Kunjpura,Wheat,Other,FAQ,05/05/2023,2125,2125,2125,1
Haryana,Karnal,Kunjpura,Wheat,Other,FAQ,11/05/2023,2125,2125,2125,1
Haryana,Karnal,Kunjpura,Wheat,Other,FAQ,05/05/2025,2425,2425,2425,1
Haryana,Karnal,Kunjpura,Wheat,Other,FAQ,11/04/2007,850,870,850,1
Haryana,Karnal,Kunjpura,Wheat,Other,FAQ,02/05/2007,850,855,850,1
Haryana,Karnal,Kunjpura,Wheat,Other,FAQ,03/05/2007,850,855,850,1
Haryana,Karnal,Kunjpura,Wheat,Other,FAQ,07/05/2007,850,850,850,1
Haryana,Karnal,Kunjpura,Wheat,Other,FAQ,09/05/2007,850,855,850,1
Haryana,Karnal,Kunjpura,Wheat,Other,FAQ,10/05/2007,850,850,850,1
Haryana,Karnal,Kunjpura,Wheat,Other,FAQ,16/05/2007,850,850,850,1
Haryana,Karnal,Kunjpura,Wheat,Other,FAQ,02/08/2007,580,625,600,1
Haryana,Karnal,Kunjpura,Wheat,Other,FAQ,15/04/2013,1350,1350,1350,1
Haryana,Karnal,Kunjpura,Wheat,Other,FAQ,18/04/2013,1350,1350,1350,1
Haryana,Karnal,Kunjpura,Wheat,Other,FAQ,20/04/2013,1350,1350,1350,1
Haryana,Karnal,Kunjpura,Wheat,Other,FAQ,14/05/2013,1350,1350,1350,1
Haryana,Karnal,Kunjpura,Wheat,Other,FAQ,23/04/2014,1400,1400,1400,1
Haryana,Karnal,Kunjpura,Wheat,Other,FAQ,27/04/2014,1400,1400,1400,1
Haryana,Karnal,Kunjpura,Wheat,Other,FAQ,01/05/2014,1400,1400,1400,1
Haryana,Karnal,Kunjpura,Wheat,Other,FAQ,02/05/2014,1400,1400,1400,1
Haryana,Karnal,Kunjpura,Wheat,Other,FAQ,15/05/2014,1400,1400,1400,1
Haryana,Karnal,Kunjpura,Wheat,Other,FAQ,19/05/2014,1400,1400,1400,1
Haryana,Karnal,Kunjpura,Wheat,Other,FAQ,23/04/2011,1120,1120,1120,1
Haryana,Karnal,Kunjpura,Wheat,Other,FAQ,27/04/2011,1120,1120,1120,1
Haryana,Karnal,Kunjpura,Wheat,Other,FAQ,01/05/2011,1120,1120,1120,1
Haryana,Karnal,Kunjpura,Wheat,Other,FAQ,05/05/2011,1120,1120,1120,1
Haryana,Karnal,Kunjpura,Wheat,Other,FAQ,10/05/2011,1120,1120,1120,1
Haryana,Karnal,Kunjpura,Wheat,Other,FAQ,13/05/2011,1120,1120,1120,1
Haryana,Karnal,Kunjpura,Wheat,Other,FAQ,16/05/2011,1120,1120,1120,1
Haryana,Karnal,Kunjpura,Wheat,Other,FAQ,19/05/2011,1120,1120,1120,1
Haryana,Karnal,Kunjpura,Wheat,Other,FAQ,26/05/2011,1120,1120,1120,1
Haryana,Karnal,Kunjpura,Wheat,Other,FAQ,31/05/2011,1120,1120,1120,1
Haryana,Karnal,Kunjpura,Wheat,Other,FAQ,05/04/2010,1100,1100,1100,1
Haryana,Karnal,Kunjpura,Wheat,Other,FAQ,08/04/2010,1100,1100,1100,1
Haryana,Karnal,Kunjpura,Wheat,Other,FAQ,10/04/2010,1100,1100,1100,1
Haryana,Karnal,Kunjpura,Wheat,Other,FAQ,16/04/2010,1100,1100,1100,1
Haryana,Karnal,Kunjpura,Wheat,Other,FAQ,20/04/2010,1100,1100,1100,1
Haryana,Karnal,Kunjpura,Wheat,Other,FAQ,24/04/2010,1100,1100,1100,1
Haryana,Karnal,Kunjpura,Wheat,Other,FAQ,28/04/2010,1100,1100,1100,1
Haryana,Karnal,Kunjpura,Wheat,Other,FAQ,17/04/2016,1525,1525,1525,1
Haryana,Karnal,Kunjpura,Wheat,Other,FAQ,04/05/2016,1525,1525,1525,1
Haryana,Karnal,Kunjpura,Wheat,Other,FAQ,09/05/2016,1525,1525,1525,1
Haryana,Karnal,Kunjpura,Wheat,Other,FAQ,12/05/2016,1525,1525,1525,1
Haryana,Karnal,Kunjpura,Wheat,Other,FAQ,20/04/2015,1450,1450,1450,1
Haryana,Karnal,Kunjpura,Wheat,Other,FAQ,02/05/2015,1450,1450,1450,1
Haryana,Karnal,Kunjpura,Wheat,Other,FAQ,06/05/2015,1450,1450,1450,1
Haryana,Karnal,Kunjpura,Wheat,Other,FAQ,03/04/2006,650,650,650,1
Haryana,Karnal,Kunjpura,Wheat,Other,FAQ,26/08/2006,550,635,615,1
Haryana,Karnal,Kunjpura,Wheat,Other,FAQ,09/04/2012,1285,1285,1285,1
Haryana,Karnal,Kunjpura,Wheat,Other,FAQ,12/04/2012,1285,1285,1285,1
Haryana,Karnal,Kunjpura,Wheat,Other,FAQ,16/04/2012,1285,1285,1285,1
Haryana,Karnal,Kunjpura,Wheat,Other,FAQ,21/04/2012,1285,1285,1285,1
Haryana,Karnal,Kunjpura,Wheat,Other,FAQ,22/04/2012,1285,1285,1285,1
Haryana,Karnal,Kunjpura,Wheat,Other,FAQ,26/04/2012,1285,1285,1285,1
Haryana,Karnal,Kunjpura,Wheat,Other,FAQ,28/04/2012,1285,1285,1285,1
Haryana,Karnal,Kunjpura,Wheat,Other,FAQ,30/04/2012,1285,1285,1285,1
Haryana,Karnal,Kunjpura,Wheat,Other,FAQ,05/05/2012,1285,1285,1285,1
Haryana,Karnal,Kunjpura,Wheat,Other,FAQ,09/05/2012,1285,1285,1285,1
Haryana,Karnal,Kunjpura,Wheat,Other,FAQ,06/04/2009,1080,1080,1080,1
Haryana,Karnal,Kunjpura,Wheat,Other,FAQ,07/04/2009,1080,1080,1080,1
Haryana,Karnal,Kunjpura,Wheat,Other,FAQ,18/04/2009,1080,1080,1080,1
Haryana,Karnal,Kunjpura,Wheat,Other,FAQ,20/04/2009,1080,1080,1080,1
Haryana,Karnal,Kunjpura,Wheat,Other,FAQ,21/04/2009,1080,1080,1080,1
Haryana,Karnal,Kunjpura,Wheat,Other,FAQ,30/04/2009,1080,1080,1080,1
Haryana,Karnal,Kunjpura,Wheat,Other,FAQ,12/04/2008,1000,1000,1000,1
Haryana,Karnal,Kunjpura,Wheat,Other,FAQ,15/04/2008,1000,1000,1000,1
Haryana,Karnal,Kunjpura,Wheat,Other,FAQ,16/04/2008,1000,1000,1000,1
Haryana,Karnal,Kunjpura,Wheat,Other,FAQ,25/04/2008,1000,1000,1000,1
Haryana,Karnal,Kunjpura,Wheat,Other,FAQ,10/05/2008,1000,1000,1000,1
Haryana,Karnal,Kunjpura,Wheat,Other,FAQ,19/05/2008,1000,1000,1000,1
Haryana,Karnal,Kunjpura,Wheat,Other,FAQ,22/04/2017,1625,1625,1625,1
Haryana,Karnal,Kunjpura,Wheat,Other,FAQ,27/04/2017,1625,1625,1625,1
Haryana,Karnal,Kunjpura,Wheat,Other,FAQ,30/04/2017,1625,1625,1625,1
Haryana,Karnal,Kunjpura,Wheat,Other,FAQ,04/05/2017,1625,1625,1625,1
Haryana,Karnal,Kunjpura,Wheat,Other,FAQ,06/05/2017,1625,1625,1625,1
Haryana,Karnal,Kunjpura,Wheat,Other,FAQ,09/05/2017,1625,1625,1625,1
Haryana,Karnal,Kunjpura,Wheat,Other,FAQ,10/05/2017,1625,1625,1625,1
Haryana,Karnal,Kunjpura,Wheat,Other,FAQ,21/04/2018,1735,1735,1735,1
Haryana,Karnal,Kunjpura,Wheat,Other,FAQ,30/04/2018,1735,1735,1735,1
Haryana,Karnal,Kunjpura,Wheat,Other,FAQ,28/04/2019,1840,1840,1840,1
Haryana,Karnal,Kunjpura,Wheat,Other,FAQ,04/05/2019,1840,1840,1840,1
Haryana,Karnal,Kunjpura,Wheat,Other,FAQ,06/05/2019,1840,1840,1840,1
Haryana,Karnal,Kunjpura,Wheat,Other,FAQ,17/04/2025,2425,2426,2425,1
Haryana,Karnal,Kunjpura,Wheat,Other,FAQ,24/04/2025,2425,2426,2425,1
Haryana,Karnal,Kunjpura,Wheat,Other,FAQ,26/04/2025,2425,2425,2425,1
Haryana,Karnal,Kunjpura,Wheat,Other,FAQ,03/05/2025,2425,2426,2425,1
Haryana,Karnal,Kunjpura,Wheat,Other,FAQ,07/05/2025,2425,2425,2425,1
Haryana,Karnal,Kunjpura,Wheat,Other,FAQ,10/04/2023,2125,2125,2125,1
Haryana,Karnal,Kunjpura,Wheat,Other,FAQ,11/04/2023,2125,2125,2125,1
Haryana,Karnal,Kunjpura,Wheat,Other,FAQ,12/04/2023,2125,2125,2125,1
Haryana,Karnal,Kunjpura,Wheat,Other,FAQ,16/04/2023,2125,2125,2125,1
Haryana,Karnal,Kunjpura,Wheat,Other,FAQ,23/04/2023,2125,2125,2125,1
Haryana,Karnal,Kunjpura,Wheat,Other,FAQ,26/04/2023,2125,2125,2125,1
Haryana,Karnal,Kunjpura,Wheat,Other,FAQ,28/04/2023,2125,2125,2125,1
Haryana,Karnal,Kunjpura,Wheat,Other,FAQ,29/04/2023,2125,2125,2125,1
Haryana,Karnal,Kunjpura,Wheat,Other,FAQ,07/05/2023,2125,2125,2125,1
Haryana,Karnal,Kunjpura,Wheat,Other,FAQ,24/04/2015,1450,1450,1450,1
Haryana,Karnal,Kunjpura,Wheat,Other,FAQ,26/04/2015,1450,1450,1450,1
Haryana,Karnal,Kunjpura,Wheat,Other,FAQ,27/04/2015,1450,1450,1450,1
Haryana,Karnal,Kunjpura,Wheat,Other,FAQ,05/05/2015,1450,1450,1450,1
Haryana,Karnal,Kunjpura,Wheat,Other,FAQ,08/05/2015,1450,1450,1450,1
Haryana,Karnal,Kunjpura,Wheat,Other,FAQ,11/05/2015,1450,1450,1450,1
Haryana,Karnal,Kunjpura,Wheat,Other,FAQ,10/04/2009,1080,1080,1080,1
Haryana,Karnal,Kunjpura,Wheat,Other,FAQ,14/04/2009,1080,1080,1080,1
Haryana,Karnal,Kunjpura,Wheat,Other,FAQ,16/04/2009,1080,1080,1080,1
Haryana,Karnal,Kunjpura,Wheat,Other,FAQ,23/04/2009,1080,1080,1080,1
Haryana,Karnal,Kunjpura,Wheat,Other,FAQ,25/04/2009,1080,1080,1080,1
Haryana,Karnal,Kunjpura,Wheat,Other,FAQ,12/04/2017,1625,1625,1625,1
Haryana,Karnal,Kunjpura,Wheat,Other,FAQ,13/04/2017,1625,1625,1625,1
Haryana,Karnal,Kunjpura,Wheat,Other,FAQ,16/04/2017,1625,1625,1625,1
Haryana,Karnal,Kunjpura,Wheat,Other,FAQ,21/04/2017,1625,1625,1625,1
Haryana,Karnal,Kunjpura,Wheat,Other,FAQ,23/04/2017,1625,1625,1625,1
Haryana,Karnal,Kunjpura,Wheat,Other,FAQ,26/04/2017,1625,1625,1625,1
Haryana,Karnal,Kunjpura,Wheat,Other,FAQ,14/05/2017,1625,1625,1625,1
Haryana,Karnal,Kunjpura,Wheat,Other,FAQ,24/04/2018,1735,1735,1735,1
Haryana,Karnal,Kunjpura,Wheat,Other,FAQ,26/04/2018,1735,1735,1735,1
Haryana,Karnal,Kunjpura,Wheat,Other,FAQ,27/04/2018,1735,1735,1735,1
Haryana,Karnal,Kunjpura,Wheat,Other,FAQ,04/05/2018,1735,1735,1735,1
Haryana,Karnal,Kunjpura,Wheat,Other,FAQ,05/05/2018,1735,1735,1735,1
Haryana,Karnal,Kunjpura,Wheat,Other,FAQ,12/05/2018,1735,1735,1735,1
Haryana,Karnal,Kunjpura,Wheat,Other,FAQ,10/04/2008,1000,1000,1000,1
Haryana,Karnal,Kunjpura,Wheat,Other,FAQ,14/04/2008,1000,1000,1000,1
Haryana,Karnal,Kunjpura,Wheat,Other,FAQ,17/04/2008,1000,1000,1000,1
Haryana,Karnal,Kunjpura,Wheat,Other,FAQ,26/04/2008,1000,1000,1000,1
Haryana,Karnal,Kunjpura,Wheat,Other,FAQ,27/04/2008,1000,1000,1000,1
Haryana,Karnal,Kunjpura,Wheat,Other,FAQ,28/04/2008,1000,1000,1000,1
Haryana,Karnal,Kunjpura,Wheat,Other,FAQ,07/05/2008,1000,1000,1000,1
Haryana,Karnal,Kunjpura,Wheat,Other,FAQ,08/05/2008,1000,1000,1000,1
Haryana,Karnal,Kunjpura,Wheat,Other,FAQ,16/05/2008,1000,1000,1000,1
Haryana,Karnal,Kunjpura,Wheat,Other,FAQ,19/04/2016,1525,1525,1525,1
Haryana,Karnal,Kunjpura,Wheat,Other,FAQ,23/04/2016,1525,1525,1525,1
Haryana,Karnal,Kunjpura,Wheat,Other,FAQ,26/04/2016,1525,1525,1525,1
Haryana,Karnal,Kunjpura,Wheat,Other,FAQ,05/05/2016,1525,1525,1525,1
Haryana,Karnal,Kunjpura,Wheat,Other,FAQ,13/05/2016,1525,1525,1525,1
Haryana,Karnal,Kunjpura,Wheat,Other,FAQ,15/05/2016,1525,1525,1525,1
Haryana,Karnal,Kunjpura,Wheat,Other,FAQ,15/04/2019,1840,1840,1840,1
Haryana,Karnal,Kunjpura,Wheat,Other,FAQ,23/04/2019,1840,1840,1840,1
Haryana,Karnal,Kunjpura,Wheat,Other,FAQ,27/04/2019,1840,1840,1840,1
Haryana,Karnal,Kunjpura,Wheat,Other,FAQ,29/04/2019,1840,1840,1840,1
Haryana,Karnal,Kunjpura,Wheat,Other,FAQ,07/05/2019,1840,1840,1840,1
Haryana,Karnal,Kunjpura,Wheat,Other,FAQ,08/05/2019,1840,1840,1840,1
Haryana,Karnal,Kunjpura,Wheat,Other,FAQ,10/04/2013,1350,1350,1350,1
Haryana,Karnal,Kunjpura,Wheat,Other,FAQ,12/04/2013,1350,1350,1350,1
Haryana,Karnal,Kunjpura,Wheat,Other,FAQ,19/04/2013,1350,1350,1350,1
Haryana,Karnal,Kunjpura,Wheat,Other,FAQ,22/04/2013,1350,1350,1350,1
Haryana,Karnal,Kunjpura,Wheat,Other,FAQ,29/04/2013,1350,1350,1350,1
Haryana,Karnal,Kunjpura,Wheat,Other,FAQ,30/04/2013,1350,1350,1350,1
Haryana,Karnal,Kunjpura,Wheat,Other,FAQ,03/05/2013,1350,1350,1350,1
Haryana,Karnal,Kunjpura,Wheat,Other,FAQ,11/04/2011,1120,1120,1120,1
Haryana,Karnal,Kunjpura,Wheat,Other,FAQ,18/04/2011,1120,1120,1120,1
Haryana,Karnal,Kunjpura,Wheat,Other,FAQ,19/04/2011,1120,1120,1120,1
Haryana,Karnal,Kunjpura,Wheat,Other,FAQ,22/04/2011,1120,1120,1120,1
Haryana,Karnal,Kunjpura,Wheat,Other,FAQ,24/04/2011,1120,1120,1120,1
Haryana,Karnal,Kunjpura,Wheat,Other,FAQ,26/04/2011,1120,1120,1120,1
Haryana,Karnal,Kunjpura,Wheat,Other,FAQ,11/05/2011,1120,1120,1120,1
Haryana,Karnal,Kunjpura,Wheat,Other,FAQ,14/05/2011,1120,1120,1120,1
Haryana,Karnal,Kunjpura,Wheat,Other,FAQ,18/05/2011,1120,1120,1120,1
Haryana,Karnal,Kunjpura,Wheat,Other,FAQ,28/05/2011,1120,1120,1120,1
Haryana,Karnal,Kunjpura,Wheat,Other,FAQ,14/04/2014,1400,1400,1400,1
Haryana,Karnal,Kunjpura,Wheat,Other,FAQ,15/04/2014,1400,1400,1400,1
Haryana,Karnal,Kunjpura,Wheat,Other,FAQ,19/04/2014,1400,1400,1400,1
Haryana,Karnal,Kunjpura,Wheat,Other,FAQ,25/04/2014,1400,1400,1400,1
Haryana,Karnal,Kunjpura,Wheat,Other,FAQ,06/05/2014,1400,1400,1400,1
Haryana,Karnal,Kunjpura,Wheat,Other,FAQ,07/05/2014,1400,1400,1400,1
Haryana,Karnal,Kunjpura,Wheat,Other,FAQ,13/05/2014,1400,1400,1400,1
Haryana,Karnal,Kunjpura,Wheat,Other,FAQ,14/05/2014,1400,1400,1400,1
Haryana,Karnal,Kunjpura,Wheat,Other,FAQ,21/05/2014,1400,1400,1400,1
Haryana,Karnal,Kunjpura,Wheat,Other,FAQ,12/04/2010,1100,1100,1100,1
Haryana,Karnal,Kunjpura,Wheat,Other,FAQ,23/04/2010,1100,1100,1100,1
Haryana,Karnal,Kunjpura,Wheat,Other,FAQ,25/04/2010,1100,1100,1100,1
Haryana,Karnal,Kunjpura,Wheat,Other,FAQ,01/05/2010,1100,1100,1100,1
Haryana,Karnal,Kunjpura,Wheat,Other,FAQ,04/04/2006,650,650,650,1
Haryana,Karnal,Kunjpura,Wheat,Other,FAQ,09/04/2006,650,650,650,1
Haryana,Karnal,Kunjpura,Wheat,Other,FAQ,25/08/2006,579,654,625,1
Haryana,Karnal,Kunjpura,Wheat,Other,FAQ,06/04/2007,850,870,850,1
Haryana,Karnal,Kunjpura,Wheat,Other,FAQ,07/04/2007,850,862,850,1
Haryana,Karnal,Kunjpura,Wheat,Other,FAQ,10/04/2007,850,870,850,1
Haryana,Karnal,Kunjpura,Wheat,Other,FAQ,16/04/2007,850,855,850,1
Haryana,Karnal,Kunjpura,Wheat,Other,FAQ,17/04/2007,850,855,850,1
Haryana,Karnal,Kunjpura,Wheat,Other,FAQ,20/04/2007,850,855,855,1
Haryana,Karnal,Kunjpura,Wheat,Other,FAQ,23/04/2007,850,855,850,1
Haryana,Karnal,Kunjpura,Wheat,Other,FAQ,24/04/2007,850,855,850,1
Haryana,Karnal,Kunjpura,Wheat,Other,FAQ,05/05/2007,850,855,850,1
Haryana,Karnal,Kunjpura,Wheat,Other,FAQ,08/05/2007,850,855,850,1
Haryana,Karnal,Kunjpura,Wheat,Other,FAQ,13/05/2007,850,850,850,1
Haryana,Karnal,Kunjpura,Wheat,Other,FAQ,19/05/2007,850,850,850,1
Haryana,Karnal,Kunjpura,Wheat,Other,FAQ,23/05/2007,850,850,850,1
Haryana,Karnal,Kunjpura,Wheat,Other,FAQ,13/04/2023,2125,2125,2125,1
Haryana,Karnal,Kunjpura,Wheat,Other,FAQ,15/04/2023,2125,2125,2125,1
Haryana,Karnal,Kunjpura,Wheat,Other,FAQ,19/04/2023,2125,2125,2125,1
Haryana,Karnal,Kunjpura,Wheat,Other,FAQ,24/04/2023,2125,2125,2125,1
Haryana,Karnal,Kunjpura,Wheat,Other,FAQ,06/05/2023,2125,2125,2125,1
Haryana,Karnal,Kunjpura,Wheat,Other,FAQ,08/05/2023,2125,2125,2125,1
Haryana,Karnal,Kunjpura,Wheat,Other,FAQ,09/05/2023,2125,2125,2125,1
Haryana,Karnal,Kunjpura,Wheat,Other,FAQ,10/05/2023,2125,2125,2125,1
Haryana,Karnal,Kunjpura,Wheat,Other,FAQ,15/05/2023,2125,2125,2125,1
Haryana,Karnal,Kunjpura,Wheat,Other,FAQ,08/04/2007,850,862,850,1
Haryana,Karnal,Kunjpura,Wheat,Other,FAQ,14/04/2007,850,855,850,1
Haryana,Karnal,Kunjpura,Wheat,Other,FAQ,19/04/2007,850,855,850,1
Haryana,Karnal,Kunjpura,Wheat,Other,FAQ,25/04/2007,850,855,850,1
Haryana,Karnal,Kunjpura,Wheat,Other,FAQ,11/05/2007,850,850,850,1
Haryana,Karnal,Kunjpura,Wheat,Other,FAQ,13/04/2011,1120,1120,1120,1
Haryana,Karnal,Kunjpura,Wheat,Other,FAQ,20/04/2011,1120,1120,1120,1
Haryana,Karnal,Kunjpura,Wheat,Other,FAQ,21/04/2011,1120,1120,1120,1
Haryana,Karnal,Kunjpura,Wheat,Other,FAQ,28/04/2011,1120,1120,1120,1
Haryana,Karnal,Kunjpura,Wheat,Other,FAQ,02/05/2011,1120,1120,1120,1
Haryana,Karnal,Kunjpura,Wheat,Other,FAQ,09/05/2011,1120,1120,1120,1
Haryana,Karnal,Kunjpura,Wheat,Other,FAQ,12/05/2011,1120,1120,1120,1
Haryana,Karnal,Kunjpura,Wheat,Other,FAQ,20/05/2011,1120,1120,1120,1
Haryana,Karnal,Kunjpura,Wheat,Other,FAQ,17/04/2023,2125,2125,2125,1
Haryana,Karnal,Kunjpura,Wheat,Other,FAQ,22/04/2023,2125,2125,2125,1
Haryana,Karnal,Kunjpura,Wheat,Other,FAQ,12/05/2023,2125,2125,2125,1
Haryana,Karnal,Kunjpura,Wheat,Other,FAQ,13/05/2023,2125,2125,2125,1
Haryana,Karnal,Kunjpura,Wheat,Other,FAQ,18/04/2015,1450,1450,1450,1
Haryana,Karnal,Kunjpura,Wheat,Other,FAQ,19/04/2015,1450,1450,1450,1
Haryana,Karnal,Kunjpura,Wheat,Other,FAQ,21/04/2015,1450,1450,1450,1
Haryana,Karnal,Kunjpura,Wheat,Other,FAQ,22/04/2015,1450,1450,1450,1
Haryana,Karnal,Kunjpura,Wheat,Other,FAQ,30/04/2015,1450,1450,1450,1
Haryana,Karnal,Kunjpura,Wheat,Other,FAQ,15/05/2015,1450,1450,1450,1
Haryana,Karnal,Kunjpura,Wheat,Other,FAQ,11/04/2012,1285,1285,1285,1
Haryana,Karnal,Kunjpura,Wheat,Other,FAQ,17/04/2012,1285,1285,1285,1
Haryana,Karnal,Kunjpura,Wheat,Other,FAQ,24/04/2012,1285,1285,1285,1
Haryana,Karnal,Kunjpura,Wheat,Other,FAQ,25/04/2012,1285,1285,1285,1
Haryana,Karnal,Kunjpura,Wheat,Other,FAQ,10/04/2016,1525,1525,1525,1
Haryana,Karnal,Kunjpura,Wheat,Other,FAQ,11/04/2016,1525,1525,1525,1
Haryana,Karnal,Kunjpura,Wheat,Other,FAQ,22/04/2016,1525,1525,1525,1
Haryana,Karnal,Kunjpura,Wheat,Other,FAQ,24/04/2016,1525,1525,1525,1
Haryana,Karnal,Kunjpura,Wheat,Other,FAQ,01/05/2016,1525,1525,1525,1
Haryana,Karnal,Kunjpura,Wheat,Other,FAQ,08/04/2009,1080,1080,1080,1
Haryana,Karnal,Kunjpura,Wheat,Other,FAQ,15/04/2009,1080,1080,1080,1
Haryana,Karnal,Kunjpura,Wheat,Other,FAQ,27/04/2009,1080,1080,1080,1
Haryana,Karnal,Kunjpura,Wheat,Other,FAQ,28/04/2009,1080,1080,1080,1
Haryana,Karnal,Kunjpura,Wheat,Other,FAQ,17/04/2010,1100,1100,1100,1
Haryana,Karnal,Kunjpura,Wheat,Other,FAQ,19/04/2010,1100,1100,1100,1
Haryana,Karnal,Kunjpura,Wheat,Other,FAQ,21/04/2010,1100,1100,1100,1
Haryana,Karnal,Kunjpura,Wheat,Other,FAQ,29/04/2010,1100,1100,1100,1
Haryana,Karnal,Kunjpura,Wheat,Other,FAQ,12/04/2014,1400,1400,1400,1
Haryana,Karnal,Kunjpura,Wheat,Other,FAQ,13/04/2014,1400,1400,1400,1
Haryana,Karnal,Kunjpura,Wheat,Other,FAQ,17/04/2014,1400,1400,1400,1
Haryana,Karnal,Kunjpura,Wheat,Other,FAQ,20/04/2014,1400,1400,1400,1
Haryana,Karnal,Kunjpura,Wheat,Other,FAQ,21/04/2014,1400,1400,1400,1
Haryana,Karnal,Kunjpura,Wheat,Other,FAQ,24/04/2014,1400,1400,1400,1
Haryana,Karnal,Kunjpura,Wheat,Other,FAQ,28/04/2014,1400,1400,1400,1
Haryana,Karnal,Kunjpura,Wheat,Other,FAQ,29/04/2014,1400,1400,1400,1
Haryana,Karnal,Kunjpura,Wheat,Other,FAQ,30/04/2014,1400,1400,1400,1
Haryana,Karnal,Kunjpura,Wheat,Other,FAQ,04/05/2014,1400,1400,1400,1
Haryana,Karnal,Kunjpura,Wheat,Other,FAQ,08/05/2014,1400,1400,1400,1
Haryana,Karnal,Kunjpura,Wheat,Other,FAQ,12/05/2014,1400,1400,1400,1
Haryana,Karnal,Kunjpura,Wheat,Other,FAQ,08/04/2017,1625,1625,1625,1
Haryana,Karnal,Kunjpura,Wheat,Other,FAQ,11/04/2017,1625,1625,1625,1
Haryana,Karnal,Kunjpura,Wheat,Other,FAQ,15/04/2017,1625,1625,1625,1
Haryana,Karnal,Kunjpura,Wheat,Other,FAQ,24/04/2017,1625,1625,1625,1
Haryana,Karnal,Kunjpura,Wheat,Other,FAQ,02/05/2017,1625,1625,1625,1
Haryana,Karnal,Kunjpura,Wheat,Other,FAQ,07/05/2017,1625,1625,1625,1
Haryana,Karnal,Kunjpura,Wheat,Other,FAQ,08/05/2017,1625,1625,1625,1
Haryana,Karnal,Kunjpura,Wheat,Other,FAQ,11/05/2017,1625,1625,1625,1
Haryana,Karnal,Kunjpura,Wheat,Other,FAQ,24/04/2019,1840,1840,1840,1
Haryana,Karnal,Kunjpura,Wheat,Other,FAQ,26/04/2019,1840,1840,1840,1
Haryana,Karnal,Kunjpura,Wheat,Other,FAQ,30/04/2019,1840,1840,1840,1
Haryana,Karnal,Kunjpura,Wheat,Other,FAQ,21/04/2013,1350,1350,1350,1
Haryana,Karnal,Kunjpura,Wheat,Other,FAQ,24/04/2013,1350,1350,1350,1
Haryana,Karnal,Kunjpura,Wheat,Other,FAQ,06/05/2013,1350,1350,1350,1
Haryana,Karnal,Kunjpura,Wheat,Other,FAQ,08/04/2006,650,650,650,1
Haryana,Karnal,Kunjpura,Wheat,Other,FAQ,27/08/2006,601,646,620,1
Haryana,Karnal,Kunjpura,Wheat,Other,FAQ,11/04/2008,1000,1000,1000,1
Haryana,Karnal,Kunjpura,Wheat,Other,FAQ,13/04/2008,1000,1000,1000,1
Haryana,Karnal,Kunjpura,Wheat,Other,FAQ,23/04/2008,1000,1000,1000,1
Haryana,Karnal,Kunjpura,Wheat,Other,FAQ,24/04/2008,1000,1000,1000,1
Haryana,Karnal,Kunjpura,Wheat,Other,FAQ,30/04/2008,1000,1000,1000,1
Haryana,Karnal,Kunjpura,Wheat,Other,FAQ,03/05/2008,1000,1000,1000,1
Haryana,Karnal,Kunjpura,Wheat,Other,FAQ,04/05/2008,1000,1000,1000,1
Haryana,Karnal,Kunjpura,Wheat,Other,FAQ,28/05/2008,1000,1000,1000,1
Haryana,Karnal,Kunjpura,Wheat,Other,FAQ,12/05/2025,2425,2425,2425,1
Haryana,Karnal,Kunjpura,Wheat,Other,FAQ,11/04/2025,2425,2425,2425,1
Haryana,Karnal,Kunjpura,Wheat,Other,FAQ,18/04/2025,2425,2426,2425,1
Haryana,Karnal,Kunjpura,Wheat,Other,FAQ,20/04/2025,2425,2426,2425,1
Haryana,Karnal,Kunjpura,Wheat,Other,FAQ,22/04/2025,2425,2426,2425,1
Haryana,Karnal,Kunjpura APMC,Wheat,Other,FAQ,16/04/2026,2585,2585,2585,1
Haryana,Karnal,Kunjpura APMC,Wheat,Other,FAQ,09/04/2026,2585,2585,2585,1
Haryana,Karnal,Kunjpura APMC,Wheat,Other,FAQ,07/04/2026,2585,2585,2585,1
Haryana,Karnal,Kunjpura APMC,Wheat,Other,FAQ,08/04/2026,2585,2585,2585,1
Haryana,Karnal,Kunjpura APMC,Wheat,Other,FAQ,11/04/2026,2585,2585,2585,1
Haryana,Karnal,Kunjpura APMC,Wheat,Other,FAQ,19/04/2026,2585,2585,2585,1
Haryana,Karnal,Kunjpura APMC,Wheat,Other,FAQ,14/04/2026,2585,2585,2585,1
Haryana,Karnal,Kunjpura APMC,Wheat,Other,FAQ,13/04/2026,2585,2585,2585,1
Haryana,Karnal,Kunjpura APMC,Wheat,Other,FAQ,15/04/2026,2585,2585,2585,1
Haryana,Karnal,Kunjpura APMC,Wheat,Other,FAQ,18/04/2026,2585,2585,2585,1
Haryana,Karnal,Kunjpura APMC,Wheat,Other,FAQ,06/04/2026,2585,2585,2585,1
Haryana,Karnal,Kunjpura APMC,Wheat,Other,FAQ,10/04/2026,2585,2585,2585,1
Haryana,Karnal,Kunjpura APMC,Wheat,Other,FAQ,17/04/2026,2585,2585,2585,1
Haryana,Karnal,"New Grain Market(main), Karnal",Wheat,Other,FAQ,18/04/2015,1450,1450,1450,1
Haryana,Karnal,"New Grain Market(main), Karnal",Wheat,Other,FAQ,20/04/2015,1450,1450,1450,1
Haryana,Karnal,"New Grain Market(main), Karnal",Wheat,Other,FAQ,22/04/2015,1450,1450,1450,1
Haryana,Karnal,"New Grain Market(main), Karnal",Wheat,Other,FAQ,24/04/2015,1450,1450,1450,1
Haryana,Karnal,"New Grain Market(main), Karnal",Wheat,Other,FAQ,01/05/2015,1450,1450,1450,1
Haryana,Karnal,"New Grain Market(main), Karnal",Wheat,Other,FAQ,02/05/2015,1450,1450,1450,1
Haryana,Karnal,"New Grain Market(main), Karnal",Wheat,Other,FAQ,04/05/2015,1450,1450,1450,1
Haryana,Karnal,"New Grain Market(main), Karnal",Wheat,Other,FAQ,10/05/2015,1450,1450,1450,1
Haryana,Karnal,"New Grain Market(main), Karnal",Wheat,Other,FAQ,10/04/2025,2425,2430,2427,1
Haryana,Karnal,"New Grain Market(main), Karnal",Wheat,Other,FAQ,26/04/2025,2425,2435,2430,1
Haryana,Karnal,"New Grain Market(main), Karnal",Wheat,Other,FAQ,27/04/2025,2425,2435,2430,1
Haryana,Karnal,"New Grain Market(main), Karnal",Wheat,Other,FAQ,13/04/2015,1450,1450,1450,1
Haryana,Karnal,"New Grain Market(main), Karnal",Wheat,Other,FAQ,02/06/2018,1735,1735,1735,1
Haryana,Karnal,"New Grain Market(main), Karnal",Wheat,Other,FAQ,09/04/2025,2425,2430,2426,1
Haryana,Karnal,"New Grain Market(main), Karnal",Wheat,Other,FAQ,14/04/2015,1450,1450,1450,1
Haryana,Karnal,"New Grain Market(main), Karnal",Wheat,Other,FAQ,19/04/2015,1450,1450,1450,1
Haryana,Karnal,"New Grain Market(main), Karnal",Wheat,Other,FAQ,23/04/2015,1450,1450,1450,1
Haryana,Karnal,"New Grain Market(main), Karnal",Wheat,Other,FAQ,27/04/2015,1450,1450,1450,1
Haryana,Karnal,"New Grain Market(main), Karnal",Wheat,Other,FAQ,03/05/2015,1450,1450,1450,1
Haryana,Karnal,"New Grain Market(main), Karnal",Wheat,Other,FAQ,06/05/2015,1450,1450,1450,1
Haryana,Karnal,"New Grain Market(main), Karnal",Wheat,Other,FAQ,06/04/2025,2425,2425,2425,1
Haryana,Karnal,"New Grain Market(main), Karnal",Wheat,Other,FAQ,14/04/2025,2425,2430,2427,1
Haryana,Karnal,"New Grain Market(main), Karnal",Wheat,Other,FAQ,16/04/2025,2425,2430,2427,1
Haryana,Karnal,"New Grain Market(main), Karnal",Wheat,Other,FAQ,20/04/2025,2425,2430,2427,1
Haryana,Karnal,"New Grain Market(main), Karnal",Wheat,Other,FAQ,23/04/2025,2425,2430,2427,1
Haryana,Karnal,"New Grain Market(main), Karnal",Wheat,Other,FAQ,17/04/2015,1450,1450,1450,1
Haryana,Karnal,"New Grain Market(main), Karnal",Wheat,Other,FAQ,05/05/2015,1450,1450,1450,1
Haryana,Karnal,"New Grain Market(main), Karnal",Wheat,Other,FAQ,07/05/2015,1450,1450,1450,1
Haryana,Karnal,"New Grain Market(main), Karnal",Wheat,Other,FAQ,08/05/2015,1450,1450,1450,1
Haryana,Karnal,"New Grain Market(main), Karnal",Wheat,Other,FAQ,09/05/2015,1450,1450,1450,1
Haryana,Karnal,"New Grain Market(main), Karnal",Wheat,Other,FAQ,04/06/2018,1735,1735,1735,1
Haryana,Karnal,"New Grain Market(main), Karnal",Wheat,Other,FAQ,07/04/2025,2425,2432,2426,1
Haryana,Karnal,"New Grain Market(main), Karnal",Wheat,Other,FAQ,15/04/2025,2425,2430,2427,1
Haryana,Karnal,"New Grain Market(main), Karnal",Wheat,Other,FAQ,19/04/2025,2425,2430,2427,1
Haryana,Karnal,"New Grain Market(main), Karnal",Wheat,Other,FAQ,22/04/2025,2425,2430,2427,1
Haryana,Karnal,"New Grain Market(main), Karnal",Wheat,Other,FAQ,28/04/2025,2425,2435,2430,1
Haryana,Karnal,"New Grain Market(main), Karnal",Wheat,Other,FAQ,03/05/2025,2425,2425,2425,1
Haryana,Karnal,"New Grain Market(main), Karnal",Wheat,Other,FAQ,02/04/2025,2425,2425,2425,1
Haryana,Karnal,"New Grain Market(main), Karnal",Wheat,Other,FAQ,29/04/2025,2425,2430,2430,1
Haryana,Karnal,Nigdu,Wheat,Other,FAQ,04/05/2015,1450,1450,1450,1
Haryana,Karnal,Nigdu,Wheat,Other,FAQ,11/04/2016,1525,1525,1525,1
Haryana,Karnal,Nigdu,Wheat,Other,FAQ,13/04/2016,1525,1525,1525,1
Haryana,Karnal,Nigdu,Wheat,Other,FAQ,14/04/2016,1525,1525,1525,1
Haryana,Karnal,Nigdu,Wheat,Other,FAQ,20/04/2016,1525,1525,1525,1
Haryana,Karnal,Nigdu,Wheat,Other,FAQ,21/04/2016,1525,1525,1525,1
Haryana,Karnal,Nigdu,Wheat,Other,FAQ,27/04/2016,1525,1525,1525,1
Haryana,Karnal,Nigdu,Wheat,Other,FAQ,21/04/2017,1625,1625,1625,1
Haryana,Karnal,Nigdu,Wheat,343,FAQ,07/02/2006,650,650,650,1
Haryana,Karnal,Nigdu,Wheat,343,FAQ,19/02/2006,650,665,657,1
Haryana,Karnal,Nigdu,Wheat,343,FAQ,24/02/2006,650,680,665,1
Haryana,Karnal,Nigdu,Wheat,Other,FAQ,17/04/2012,1285,1285,1285,1
Haryana,Karnal,Nigdu,Wheat,Other,FAQ,18/04/2012,1285,1285,1285,1
Haryana,Karnal,Nigdu,Wheat,Other,FAQ,21/04/2012,1285,1285,1285,1
Haryana,Karnal,Nigdu,Wheat,Other,FAQ,24/04/2012,1285,1285,1285,1
Haryana,Karnal,Nigdu,Wheat,Other,FAQ,25/04/2012,1285,1285,1285,1
Haryana,Karnal,Nigdu,Wheat,Other,FAQ,11/05/2012,1285,1285,1285,1
Haryana,Karnal,Nigdu,Wheat,Other,FAQ,04/05/2011,1120,1120,1120,1
Haryana,Karnal,Nigdu,Wheat,Other,FAQ,13/05/2011,1120,1120,1120,1
Haryana,Karnal,Nigdu,Wheat,147 Average,FAQ,16/04/2010,1100,1100,1100,1
Haryana,Karnal,Nigdu,Wheat,Other,FAQ,07/04/2010,1100,1100,1100,1
Haryana,Karnal,Nigdu,Wheat,Other,FAQ,13/04/2010,1100,1100,1100,1
Haryana,Karnal,Nigdu,Wheat,Other,FAQ,01/05/2010,1100,1100,1100,1
Haryana,Karnal,Nigdu,Wheat,Other,FAQ,04/05/2010,1100,1100,1100,1
Haryana,Karnal,Nigdu,Wheat,Other,FAQ,07/04/2009,1080,1080,1080,1
Haryana,Karnal,Nigdu,Wheat,Other,FAQ,08/04/2009,1080,1080,1080,1
Haryana,Karnal,Nigdu,Wheat,Other,FAQ,15/04/2008,1000,1000,1000,1
Haryana,Karnal,Nigdu,Wheat,Other,FAQ,16/04/2008,1000,1000,1000,1
Haryana,Karnal,Nigdu,Wheat,Other,FAQ,22/04/2008,1000,1000,1000,1
Haryana,Karnal,Nigdu,Wheat,Other,FAQ,01/05/2008,1000,1000,1000,1
Haryana,Karnal,Nigdu,Wheat,Other,FAQ,23/04/2013,1350,1350,1350,1
Haryana,Karnal,Nigdu,Wheat,Other,FAQ,24/04/2013,1350,1350,1350,1
Haryana,Karnal,Nigdu,Wheat,Other,FAQ,29/04/2013,1350,1350,1350,1
Haryana,Karnal,Nigdu,Wheat,Other,FAQ,16/04/2014,1400,1400,1400,1
Haryana,Karnal,Nigdu,Wheat,Other,FAQ,19/04/2014,1400,1400,1400,1
Haryana,Karnal,Nigdu,Wheat,Other,FAQ,23/04/2014,1400,1400,1400,1
Haryana,Karnal,Nigdu,Wheat,Other,FAQ,25/04/2014,1400,1400,1400,1
Haryana,Karnal,Nigdu,Wheat,Other,FAQ,26/04/2014,1400,1400,1400,1
Haryana,Karnal,Nigdu,Wheat,Other,FAQ,12/04/2007,850,850,850,1
Haryana,Karnal,Nigdu,Wheat,Other,FAQ,18/04/2007,850,855,850,1
Haryana,Karnal,Nigdu,Wheat,Other,FAQ,20/04/2007,850,855,850,1
Haryana,Karnal,Nigdu,Wheat,Other,FAQ,21/04/2007,850,855,850,1
Haryana,Karnal,Nigdu,Wheat,Other,FAQ,22/04/2007,850,855,850,1
Haryana,Karnal,Nigdu,Wheat,Other,FAQ,03/05/2007,850,855,850,1
Haryana,Karnal,Nigdu,Wheat,Other,FAQ,31/05/2007,850,855,850,1
Haryana,Karnal,Nigdu,Wheat,Other,FAQ,25/04/2018,1735,1735,1735,1
Haryana,Karnal,Nigdu,Wheat,2329,FAQ,10/04/2023,2125,2125,2125,1
Haryana,Karnal,Nigdu,Wheat,2329,FAQ,13/04/2023,2125,2125,2125,1
Haryana,Karnal,Nigdu,Wheat,2329,FAQ,17/04/2023,2125,2125,2125,1
Haryana,Karnal,Nigdu,Wheat,2329,FAQ,18/04/2023,2125,2125,2125,1
Haryana,Karnal,Nigdu,Wheat,Other,FAQ,17/04/2015,1450,1450,1450,1
Haryana,Karnal,Nigdu,Wheat,Other,FAQ,09/05/2015,1450,1450,1450,1
Haryana,Karnal,Nigdu,Wheat,Other,FAQ,14/04/2013,1350,1350,1350,1
Haryana,Karnal,Nigdu,Wheat,Other,FAQ,20/04/2013,1350,1350,1350,1
Haryana,Karnal,Nigdu,Wheat,Other,FAQ,24/04/2014,1400,1400,1400,1
Haryana,Karnal,Nigdu,Wheat,Other,FAQ,29/04/2014,1400,1400,1400,1
Haryana,Karnal,Nigdu,Wheat,Other,FAQ,04/05/2014,1400,1400,1400,1
Haryana,Karnal,Nigdu,Wheat,Other,FAQ,08/05/2014,1400,1400,1400,1
Haryana,Karnal,Nigdu,Wheat,Other,FAQ,14/04/2018,1735,1735,1735,1
Haryana,Karnal,Nigdu,Wheat,Other,FAQ,18/04/2018,1735,1735,1735,1
Haryana,Karnal,Nigdu,Wheat,Other,FAQ,23/04/2018,1735,1735,1735,1
Haryana,Karnal,Nigdu,Wheat,Other,FAQ,03/05/2018,1735,1735,1735,1
Haryana,Karnal,Nigdu,Wheat,Other,FAQ,12/05/2018,1735,1735,1735,1
Haryana,Karnal,Nigdu,Wheat,Other,FAQ,20/04/2022,2015,2020,2015,1
Haryana,Karnal,Nigdu,Wheat,Other,FAQ,16/04/2016,1525,1525,1525,1
Haryana,Karnal,Nigdu,Wheat,Other,FAQ,04/05/2012,1285,1285,1285,1
Haryana,Karnal,Nigdu,Wheat,Other,FAQ,20/04/2017,1625,1625,1625,1
Haryana,Karnal,Nigdu,Wheat,Other,FAQ,22/04/2017,1625,1625,1625,1
Haryana,Karnal,Nigdu,Wheat,Other,FAQ,25/04/2017,1625,1625,1625,1
Haryana,Karnal,Nigdu,Wheat,Other,FAQ,13/04/2009,1080,1080,1080,1
Haryana,Karnal,Nigdu,Wheat,Other,FAQ,14/04/2009,1080,1080,1080,1
Haryana,Karnal,Nigdu,Wheat,Other,FAQ,21/04/2009,1080,1080,1080,1
Haryana,Karnal,Nigdu,Wheat,Other,FAQ,14/04/2007,850,850,850,1
Haryana,Karnal,Nigdu,Wheat,Other,FAQ,16/04/2007,850,850,850,1
Haryana,Karnal,Nigdu,Wheat,Other,FAQ,19/04/2007,850,855,850,1
Haryana,Karnal,Nigdu,Wheat,Other,FAQ,25/04/2007,850,855,850,1
Haryana,Karnal,Nigdu,Wheat,Other,FAQ,06/05/2007,850,855,850,1
Haryana,Karnal,Nigdu,Wheat,Other,FAQ,28/05/2007,850,855,850,1
Haryana,Karnal,Nigdu,Wheat,Other,FAQ,30/05/2007,850,855,850,1
Haryana,Karnal,Nigdu,Wheat,Other,FAQ,15/06/2007,850,855,850,1
Haryana,Karnal,Nigdu,Wheat,Other,FAQ,26/04/2011,1120,1120,1120,1
Haryana,Karnal,Nigdu,Wheat,Other,FAQ,29/04/2011,1120,1120,1120,1
Haryana,Karnal,Nigdu,Wheat,343,FAQ,13/02/2006,650,650,650,1
Haryana,Karnal,Nigdu,Wheat,343,FAQ,15/02/2006,650,652,650,1
Haryana,Karnal,Nigdu,Wheat,343,FAQ,16/02/2006,650,660,655,1
Haryana,Karnal,Nigdu,Wheat,343,FAQ,18/02/2006,650,670,660,1
Haryana,Karnal,Nigdu,Wheat,343,FAQ,23/02/2006,650,680,665,1
Haryana,Karnal,Nigdu,Wheat,147 Average,FAQ,06/04/2010,1100,1100,1100,1
Haryana,Karnal,Nigdu,Wheat,147 Average,FAQ,17/04/2010,1100,1100,1100,1
Haryana,Karnal,Nigdu,Wheat,147 Average,FAQ,24/04/2010,1100,1100,1100,1
Haryana,Karnal,Nigdu,Wheat,147 Average,FAQ,25/04/2010,1100,1100,1100,1
Haryana,Karnal,Nigdu,Wheat,Other,FAQ,08/04/2010,1100,1100,1100,1
Haryana,Karnal,Nigdu,Wheat,Other,FAQ,14/04/2010,1100,1100,1100,1
Haryana,Karnal,Nigdu,Wheat,Other,FAQ,15/04/2010,1100,1100,1100,1
Haryana,Karnal,Nigdu,Wheat,Other,FAQ,19/04/2010,1100,1100,1100,1
Haryana,Karnal,Nigdu,Wheat,Other,FAQ,20/04/2010,1100,1100,1100,1
Haryana,Karnal,Nigdu,Wheat,Other,FAQ,05/05/2010,1100,1100,1100,1
Haryana,Karnal,Nigdu,Wheat,Other,FAQ,10/05/2010,1100,1100,1100,1
Haryana,Karnal,Nigdu,Wheat,Other,FAQ,13/04/2008,1000,1000,1000,1
Haryana,Karnal,Nigdu,Wheat,Other,FAQ,17/04/2008,1000,1000,1000,1
Haryana,Karnal,Nigdu,Wheat,Other,FAQ,19/04/2008,1000,1000,1000,1
Haryana,Karnal,Nigdu,Wheat,Other,FAQ,24/04/2008,1000,1000,1000,1
Haryana,Karnal,Nigdu,Wheat,Other,FAQ,26/04/2008,1000,1000,1000,1
Haryana,Karnal,Nigdu,Wheat,Other,FAQ,28/04/2008,1000,1000,1000,1
Haryana,Karnal,Nigdu,Wheat,Other,FAQ,30/04/2008,1000,1000,1000,1
Haryana,Karnal,Nigdu,Wheat,Other,FAQ,14/05/2008,1000,1000,1000,1
Haryana,Karnal,Nigdu,Wheat,2329,FAQ,12/04/2023,2125,2125,2125,1
Haryana,Karnal,Nigdu,Wheat,2329,FAQ,15/04/2023,2125,2125,2125,1
Haryana,Karnal,Nigdu,Wheat,2329,FAQ,16/04/2023,2125,2125,2125,1
Haryana,Karnal,Nigdu,Wheat,2329,FAQ,28/04/2023,2125,2125,2125,1
Haryana,Karnal,Nigdu,Wheat,2329,FAQ,10/05/2025,2425,2425,2425,1
Haryana,Karnal,Nigdu,Wheat,2329,FAQ,15/05/2025,2425,2425,2425,1
Haryana,Karnal,Nigdu,Wheat,Other,FAQ,07/04/2007,850,850,850,1
Haryana,Karnal,Nigdu,Wheat,Other,FAQ,10/04/2007,850,850,850,1
Haryana,Karnal,Nigdu,Wheat,Other,FAQ,13/04/2007,850,850,850,1
Haryana,Karnal,Nigdu,Wheat,Other,FAQ,17/04/2007,850,855,850,1
Haryana,Karnal,Nigdu,Wheat,Other,FAQ,24/04/2007,850,855,850,1
Haryana,Karnal,Nigdu,Wheat,Other,FAQ,28/04/2007,850,855,850,1
Haryana,Karnal,Nigdu,Wheat,Other,FAQ,30/04/2007,850,855,850,1
Haryana,Karnal,Nigdu,Wheat,Other,FAQ,29/08/2007,1025,1198,1145,1
Haryana,Karnal,Nigdu,Wheat,Other,FAQ,15/04/2013,1350,1350,1350,1
Haryana,Karnal,Nigdu,Wheat,Other,FAQ,19/04/2013,1350,1350,1350,1
Haryana,Karnal,Nigdu,Wheat,Other,FAQ,21/04/2013,1350,1350,1350,1
Haryana,Karnal,Nigdu,Wheat,Other,FAQ,26/04/2013,1350,1350,1350,1
Haryana,Karnal,Nigdu,Wheat,Other,FAQ,03/05/2013,1350,1350,1350,1
Haryana,Karnal,Nigdu,Wheat,Other,FAQ,12/09/2013,3361,3361,3361,1
Haryana,Karnal,Nigdu,Wheat,Other,FAQ,21/04/2014,1400,1400,1400,1
Haryana,Karnal,Nigdu,Wheat,Other,FAQ,22/04/2014,1400,1400,1400,1
Haryana,Karnal,Nigdu,Wheat,Other,FAQ,28/04/2014,1400,1400,1400,1
Haryana,Karnal,Nigdu,Wheat,Other,FAQ,02/05/2011,1120,1120,1120,1
Haryana,Karnal,Nigdu,Wheat,Other,FAQ,06/05/2011,1120,1120,1120,1
Haryana,Karnal,Nigdu,Wheat,147 Average,FAQ,07/04/2010,1100,1100,1100,1
Haryana,Karnal,Nigdu,Wheat,147 Average,FAQ,19/04/2010,1100,1100,1100,1
Haryana,Karnal,Nigdu,Wheat,Other,FAQ,09/04/2010,1100,1100,1100,1
Haryana,Karnal,Nigdu,Wheat,Other,FAQ,10/04/2010,1100,1100,1100,1
Haryana,Karnal,Nigdu,Wheat,Other,FAQ,12/04/2010,1100,1100,1100,1
Haryana,Karnal,Nigdu,Wheat,Other,FAQ,30/04/2010,1100,1100,1100,1
Haryana,Karnal,Nigdu,Wheat,Other,FAQ,03/05/2010,1100,1100,1100,1
Haryana,Karnal,Nigdu,Wheat,Other,FAQ,29/04/2016,1525,1525,1525,1
Haryana,Karnal,Nigdu,Wheat,Other,FAQ,28/04/2015,1450,1450,1450,1
Haryana,Karnal,Nigdu,Wheat,Other,FAQ,02/05/2015,1450,1450,1450,1
Haryana,Karnal,Nigdu,Wheat,Other,FAQ,14/05/2015,1450,1450,1450,1
Haryana,Karnal,Nigdu,Wheat,343,FAQ,08/02/2006,650,650,650,1
Haryana,Karnal,Nigdu,Wheat,343,FAQ,10/02/2006,650,650,650,1
Haryana,Karnal,Nigdu,Wheat,343,FAQ,11/02/2006,650,650,650,1
Haryana,Karnal,Nigdu,Wheat,343,FAQ,20/02/2006,650,670,660,1
Haryana,Karnal,Nigdu,Wheat,343,FAQ,21/02/2006,650,670,660,1
Haryana,Karnal,Nigdu,Wheat,Other,FAQ,14/04/2012,1285,1285,1285,1
Haryana,Karnal,Nigdu,Wheat,Other,FAQ,16/04/2012,1285,1285,1285,1
Haryana,Karnal,Nigdu,Wheat,Other,FAQ,20/04/2012,1285,1285,1285,1
Haryana,Karnal,Nigdu,Wheat,Other,FAQ,23/04/2012,1285,1285,1285,1
Haryana,Karnal,Nigdu,Wheat,Other,FAQ,28/04/2012,1285,1285,1285,1
Haryana,Karnal,Nigdu,Wheat,Other,FAQ,24/09/2012,1205,1721,1221,1
Haryana,Karnal,Nigdu,Wheat,Other,FAQ,11/04/2009,1080,1080,1080,1
Haryana,Karnal,Nigdu,Wheat,Other,FAQ,17/04/2009,1080,1080,1080,1
Haryana,Karnal,Nigdu,Wheat,Other,FAQ,20/04/2009,1080,1080,1080,1
Haryana,Karnal,Nigdu,Wheat,Other,FAQ,12/04/2008,1000,1000,1000,1
Haryana,Karnal,Nigdu,Wheat,Other,FAQ,21/04/2008,1000,1000,1000,1
Haryana,Karnal,Nigdu,Wheat,Other,FAQ,07/05/2008,1000,1000,1000,1
Haryana,Karnal,Nigdu,Wheat,Other,FAQ,20/04/2018,1735,1735,1735,1
Haryana,Karnal,Nigdu,Wheat,Other,FAQ,07/05/2018,1735,1735,1735,1
Haryana,Karnal,Nigdu,Wheat,2329,FAQ,25/04/2025,2425,2425,2425,1
Haryana,Karnal,Nigdu,Wheat,2329,FAQ,01/05/2025,2425,2425,2425,1
Haryana,Karnal,Nigdu,Wheat,2329,FAQ,05/05/2025,2425,2425,2425,1
Haryana,Karnal,Nigdu,Wheat,2329,FAQ,11/04/2023,2125,2125,2125,1
Haryana,Karnal,Nigdu,Wheat,2329,FAQ,19/04/2023,2125,2125,2125,1
Haryana,Karnal,Nigdu,Wheat,2329,FAQ,21/04/2023,2125,2125,2125,1
Haryana,Karnal,Nigdu,Wheat,2329,FAQ,24/04/2023,2125,2125,2125,1
Haryana,Karnal,Nigdu,Wheat,2329,FAQ,27/04/2023,2125,2125,2125,1
Haryana,Karnal,Nigdu,Wheat,Other,FAQ,27/04/2015,1450,1450,1450,1
Haryana,Karnal,Nigdu,Wheat,Other,FAQ,05/05/2015,1450,1450,1450,1
Haryana,Karnal,Nigdu,Wheat,Other,FAQ,06/04/2009,1080,1080,1080,1
Haryana,Karnal,Nigdu,Wheat,Other,FAQ,12/04/2009,1080,1080,1080,1
Haryana,Karnal,Nigdu,Wheat,Other,FAQ,22/04/2009,1080,1080,1080,1
Haryana,Karnal,Nigdu,Wheat,Other,FAQ,19/04/2017,1625,1625,1625,1
Haryana,Karnal,Nigdu,Wheat,Other,FAQ,23/04/2017,1625,1625,1625,1
Haryana,Karnal,Nigdu,Wheat,Other,FAQ,17/04/2018,1735,1735,1735,1
Haryana,Karnal,Nigdu,Wheat,Other,FAQ,21/04/2018,1735,1735,1735,1
Haryana,Karnal,Nigdu,Wheat,Other,FAQ,24/04/2018,1735,1735,1735,1
Haryana,Karnal,Nigdu,Wheat,Other,FAQ,01/05/2018,1735,1735,1735,1
Haryana,Karnal,Nigdu,Wheat,Other,FAQ,04/05/2018,1735,1735,1735,1
Haryana,Karnal,Nigdu,Wheat,Other,FAQ,18/04/2008,1000,1000,1000,1
Haryana,Karnal,Nigdu,Wheat,Other,FAQ,20/04/2008,1000,1000,1000,1
Haryana,Karnal,Nigdu,Wheat,Other,FAQ,23/04/2008,1000,1000,1000,1
Haryana,Karnal,Nigdu,Wheat,Other,FAQ,25/04/2008,1000,1000,1000,1
Haryana,Karnal,Nigdu,Wheat,Other,FAQ,29/04/2008,1000,1000,1000,1
Haryana,Karnal,Nigdu,Wheat,Other,FAQ,02/05/2008,1000,1000,1000,1
Haryana,Karnal,Nigdu,Wheat,Other,FAQ,19/04/2016,1525,1525,1525,1
Haryana,Karnal,Nigdu,Wheat,Other,FAQ,17/04/2013,1350,1350,1350,1
Haryana,Karnal,Nigdu,Wheat,Other,FAQ,18/04/2013,1350,1350,1350,1
Haryana,Karnal,Nigdu,Wheat,Other,FAQ,22/04/2013,1350,1350,1350,1
Haryana,Karnal,Nigdu,Wheat,Other,FAQ,08/05/2013,1350,1350,1350,1
Haryana,Karnal,Nigdu,Wheat,Other,FAQ,27/04/2011,1120,1120,1120,1
Haryana,Karnal,Nigdu,Wheat,Other,FAQ,28/04/2011,1120,1120,1120,1
Haryana,Karnal,Nigdu,Wheat,Other,FAQ,30/04/2011,1120,1120,1120,1
Haryana,Karnal,Nigdu,Wheat,Other,FAQ,03/05/2011,1120,1120,1120,1
Haryana,Karnal,Nigdu,Wheat,Other,FAQ,10/05/2011,1120,1120,1120,1
Haryana,Karnal,Nigdu,Wheat,Other,FAQ,11/05/2011,1120,1120,1120,1
Haryana,Karnal,Nigdu,Wheat,Other,FAQ,12/05/2011,1120,1120,1120,1
Haryana,Karnal,Nigdu,Wheat,Other,FAQ,15/04/2014,1400,1400,1400,1
Haryana,Karnal,Nigdu,Wheat,Other,FAQ,02/05/2014,1400,1400,1400,1
Haryana,Karnal,Nigdu,Wheat,Other,FAQ,15/04/2012,1285,1285,1285,1
Haryana,Karnal,Nigdu,Wheat,Other,FAQ,19/04/2012,1285,1285,1285,1
Haryana,Karnal,Nigdu,Wheat,Other,FAQ,30/04/2012,1285,1285,1285,1
Haryana,Karnal,Nigdu,Wheat,Other,FAQ,07/05/2012,1285,1285,1285,1
Haryana,Karnal,Nigdu,Wheat,Other,FAQ,27/10/2012,1311,2345,2300,1
Haryana,Karnal,Nigdu,Wheat,147 Average,FAQ,18/04/2010,1100,1100,1100,1
Haryana,Karnal,Nigdu,Wheat,147 Average,FAQ,23/04/2010,1100,1100,1100,1
Haryana,Karnal,Nigdu,Wheat,Other,FAQ,22/04/2010,1100,1100,1100,1
Haryana,Karnal,Nigdu,Wheat,343,FAQ,09/02/2006,650,650,650,1
Haryana,Karnal,Nigdu,Wheat,343,FAQ,12/02/2006,650,650,650,1
Haryana,Karnal,Nigdu,Wheat,343,FAQ,17/02/2006,650,665,657,1
Haryana,Karnal,Nigdu,Wheat,Other,FAQ,20/08/2006,849,866,855,1
Haryana,Karnal,Nigdu,Wheat,Other,FAQ,05/04/2007,750,750,750,1
Haryana,Karnal,Nigdu,Wheat,Other,FAQ,23/04/2007,850,855,850,1
Haryana,Karnal,Nigdu,Wheat,Other,FAQ,27/04/2007,850,855,850,1
Haryana,Karnal,Nigdu,Wheat,Other,FAQ,29/04/2007,850,855,850,1
Haryana,Karnal,Nigdu,Wheat,Other,FAQ,01/05/2007,850,855,850,1
Haryana,Karnal,Nigdu,Wheat,Other,FAQ,06/06/2007,850,855,850,1
Haryana,Karnal,Nigdu,Wheat,Other,FAQ,14/09/2007,731,1646,1280,1
Haryana,Karnal,Nigdu,Wheat,Other,FAQ,17/11/2007,1900,2600,2540,1
Haryana,Karnal,Nigdu,Wheat,2329,FAQ,14/04/2023,2125,2125,2125,1
Haryana,Karnal,Nigdu,Wheat,2329,FAQ,20/04/2023,2125,2125,2125,1
Haryana,Karnal,Nigdu,Wheat,2329,FAQ,22/04/2023,2125,2125,2125,1
Haryana,Karnal,Nigdu,Wheat,2329,FAQ,25/04/2023,2125,2125,2125,1
Haryana,Karnal,Nigdu,Wheat,2329,FAQ,29/04/2023,2125,2125,2125,1
Haryana,Karnal,Nigdu,Wheat,2329,FAQ,30/04/2023,2125,2125,2125,1
Haryana,Karnal,Nigdu,Wheat,2329,FAQ,26/04/2025,2425,2426,2425,1
Haryana,Karnal,Nigdu,Wheat,2329,FAQ,14/05/2025,2425,2425,2425,1
Haryana,Karnal,Nigdu,Wheat,Other,FAQ,19/04/2022,2015,2016,2015,1
Haryana,Karnal,Nigdu,Wheat,Other,FAQ,06/04/2007,850,850,850,1
Haryana,Karnal,Nigdu,Wheat,Other,FAQ,08/04/2007,850,850,850,1
Haryana,Karnal,Nigdu,Wheat,Other,FAQ,09/04/2007,850,850,850,1
Haryana,Karnal,Nigdu,Wheat,Other,FAQ,11/04/2007,850,850,850,1
Haryana,Karnal,Nigdu,Wheat,Other,FAQ,15/04/2007,850,850,850,1
Haryana,Karnal,Nigdu,Wheat,Other,FAQ,02/05/2007,850,855,850,1
Haryana,Karnal,Nigdu,Wheat,Other,FAQ,05/05/2007,850,850,850,1
Haryana,Karnal,Nigdu,Wheat,Other,FAQ,08/05/2007,850,850,850,1
Haryana,Karnal,Nigdu,Wheat,Other,FAQ,12/05/2007,850,855,850,1
Haryana,Karnal,Nigdu,Wheat,Other,FAQ,29/05/2007,850,855,850,1
Haryana,Karnal,Nigdu,Wheat,Other,FAQ,01/06/2007,850,855,850,1
Haryana,Karnal,Nigdu,Wheat,Other,FAQ,11/06/2007,850,855,850,1
Haryana,Karnal,Nigdu,Wheat,Other,FAQ,13/11/2007,1900,2639,2560,1
Haryana,Karnal,Nigdu,Wheat,Other,FAQ,25/04/2011,1120,1120,1120,1
Haryana,Karnal,Nigdu,Wheat,Other,FAQ,05/05/2011,1120,1120,1120,1
Haryana,Karnal,Nigdu,Wheat,Other,FAQ,17/05/2011,1120,1120,1120,1
Haryana,Karnal,Nigdu,Wheat,Other,FAQ,13/10/2011,1110,1911,1510,1
Haryana,Karnal,Nigdu,Wheat,Other,FAQ,18/04/2022,2015,2015,2015,1
Haryana,Karnal,Nigdu,Wheat,2329,FAQ,26/04/2023,2125,2125,2125,1
Haryana,Karnal,Nigdu,Wheat,Other,FAQ,18/04/2015,1450,1450,1450,1
Haryana,Karnal,Nigdu,Wheat,Other,FAQ,19/04/2015,1450,1450,1450,1
Haryana,Karnal,Nigdu,Wheat,Other,FAQ,20/04/2015,1450,1450,1450,1
Haryana,Karnal,Nigdu,Wheat,Other,FAQ,21/04/2015,1450,1450,1450,1
Haryana,Karnal,Nigdu,Wheat,Other,FAQ,22/04/2015,1450,1450,1450,1
Haryana,Karnal,Nigdu,Wheat,Other,FAQ,25/04/2015,1450,1450,1450,1
Haryana,Karnal,Nigdu,Wheat,Other,FAQ,30/04/2015,1450,1450,1450,1
Haryana,Karnal,Nigdu,Wheat,Other,FAQ,13/04/2012,1285,1285,1285,1
Haryana,Karnal,Nigdu,Wheat,Other,FAQ,05/11/2012,2450,3151,3025,1
Haryana,Karnal,Nigdu,Wheat,Other,FAQ,22/04/2016,1525,1525,1525,1
Haryana,Karnal,Nigdu,Wheat,Other,FAQ,23/04/2016,1525,1525,1525,1
Haryana,Karnal,Nigdu,Wheat,Other,FAQ,28/04/2016,1525,1525,1525,1
Haryana,Karnal,Nigdu,Wheat,Other,FAQ,05/04/2009,1080,1080,1080,1
Haryana,Karnal,Nigdu,Wheat,Other,FAQ,10/04/2009,1080,1080,1080,1
Haryana,Karnal,Nigdu,Wheat,Other,FAQ,15/04/2009,1080,1080,1080,1
Haryana,Karnal,Nigdu,Wheat,Other,FAQ,16/04/2009,1080,1080,1080,1
Haryana,Karnal,Nigdu,Wheat,Other,FAQ,18/04/2009,1080,1080,1080,1
Haryana,Karnal,Nigdu,Wheat,Other,FAQ,11/04/2010,1100,1100,1100,1
Haryana,Karnal,Nigdu,Wheat,Other,FAQ,21/04/2010,1100,1100,1100,1
Haryana,Karnal,Nigdu,Wheat,Other,FAQ,26/04/2010,1100,1100,1100,1
Haryana,Karnal,Nigdu,Wheat,Other,FAQ,28/04/2010,1100,1100,1100,1
Haryana,Karnal,Nigdu,Wheat,Other,FAQ,29/04/2010,1100,1100,1100,1
Haryana,Karnal,Nigdu,Wheat,Other,FAQ,08/05/2010,1100,1100,1100,1
Haryana,Karnal,Nigdu,Wheat,Other,FAQ,03/10/2010,1070,1400,1350,1
Haryana,Karnal,Nigdu,Wheat,Other,FAQ,01/05/2014,1400,1400,1400,1
Haryana,Karnal,Nigdu,Wheat,Other,FAQ,30/05/2014,1400,1400,1400,1
Haryana,Karnal,Nigdu,Wheat,Other,FAQ,15/04/2018,1735,1735,1735,1
Haryana,Karnal,Nigdu,Wheat,Other,FAQ,16/04/2018,1735,1735,1735,1
Haryana,Karnal,Nigdu,Wheat,Other,FAQ,16/04/2013,1350,1350,1350,1
Haryana,Karnal,Nigdu,Wheat,343,FAQ,06/02/2006,650,650,650,1
Haryana,Karnal,Nigdu,Wheat,343,FAQ,14/02/2006,650,650,650,1
Haryana,Karnal,Nigdu,Wheat,343,FAQ,22/02/2006,650,660,655,1
Haryana,Karnal,Nigdu,Wheat,343,FAQ,25/02/2006,650,670,660,1
Haryana,Karnal,Nigdu,Wheat,Other,FAQ,10/04/2008,1000,1000,1000,1
Haryana,Karnal,Nigdu,Wheat,Other,FAQ,14/04/2008,1000,1000,1000,1
Haryana,Karnal,Nigdu,Wheat,Other,FAQ,27/04/2008,1000,1000,1000,1
Haryana,Karnal,Nigdu,Wheat,2329,FAQ,02/05/2025,2425,2425,2425,1
Haryana,Karnal,Nigdu,Wheat,2329,FAQ,03/05/2025,2425,2425,2425,1
Haryana,Karnal,Nigdu,Wheat,2329,FAQ,06/05/2025,2425,2425,2425,1
Haryana,Karnal,Nigdu,Wheat,2329,FAQ,12/05/2025,2425,2425,2425,1
Haryana,Karnal,Nigdu,Wheat,2329,FAQ,28/04/2025,2425,2425,2425,1
Haryana,Karnal,Nigdu,Wheat,2329,FAQ,30/04/2025,2425,2425,2425,1
Haryana,Karnal,Nigdu APMC,Wheat,2329,Local,11/04/2026,2585,2585,2585,1
Haryana,Karnal,Nigdu APMC,Wheat,2329,Local,14/04/2026,2585,2585,2585,1
Haryana,Karnal,Nigdu APMC,Wheat,2329,Local,19/04/2026,2585,2586,2585,1
Haryana,Karnal,Nigdu APMC,Wheat,2329,Local,17/04/2026,2585,2585,2585,1
Haryana,Karnal,Nigdu APMC,Wheat,2329,Local,20/04/2026,2585,2586,2585,1
Haryana,Karnal,Nigdu APMC,Wheat,2329,Local,10/04/2026,2585,2585,2585,1
Haryana,Karnal,Nigdu APMC,Wheat,2329,Local,18/04/2026,2585,2585,2585,1
Haryana,Karnal,Nigdu APMC,Wheat,2329,Local,09/04/2026,2585,2585,2585,1
Haryana,Karnal,Nigdu APMC,Wheat,2329,Local,13/04/2026,2585,2585,2585,1
Haryana,Karnal,Nigdu APMC,Wheat,2329,Local,16/04/2026,2585,2585,2585,1
Haryana,Karnal,Nigdu APMC,Wheat,2329,Local,15/04/2026,2585,2585,2585,1
Haryana,Karnal,Nilokheri,Wheat,Other,FAQ,14/04/2015,1450,1450,1450,1
Haryana,Karnal,Nilokheri,Wheat,Other,FAQ,15/04/2015,1450,1450,1450,1
Haryana,Karnal,Nilokheri,Wheat,Other,FAQ,17/04/2015,1450,1450,1450,1
Haryana,Karnal,Nilokheri,Wheat,Other,FAQ,24/04/2015,1450,1450,1450,1
Haryana,Karnal,Nilokheri,Wheat,Other,FAQ,02/05/2015,1450,1450,1450,1
Haryana,Karnal,Nilokheri,Wheat,Other,FAQ,07/05/2015,1450,1450,1450,1
Haryana,Karnal,Nilokheri,Wheat,Other,FAQ,09/04/2016,1525,1525,1525,1
Haryana,Karnal,Nilokheri,Wheat,Other,FAQ,13/04/2016,1525,1525,1525,1
Haryana,Karnal,Nilokheri,Wheat,Other,FAQ,15/04/2016,1525,1525,1525,1
Haryana,Karnal,Nilokheri,Wheat,Other,FAQ,22/04/2016,1525,1525,1525,1
Haryana,Karnal,Nilokheri,Wheat,Other,FAQ,26/04/2016,1525,1525,1525,1
Haryana,Karnal,Nilokheri,Wheat,Other,FAQ,15/04/2017,1625,1625,1625,1
Haryana,Karnal,Nilokheri,Wheat,Other,FAQ,17/04/2017,1625,1625,1625,1
Haryana,Karnal,Nilokheri,Wheat,Other,FAQ,19/04/2017,1625,1625,1625,1
Haryana,Karnal,Nilokheri,Wheat,Other,FAQ,27/04/2017,1625,1625,1625,1
Haryana,Karnal,Nilokheri,Wheat,Other,FAQ,01/05/2017,1625,1625,1625,1
Haryana,Karnal,Nilokheri,Wheat,Other,FAQ,20/04/2006,651,680,665,1
Haryana,Karnal,Nilokheri,Wheat,Other,FAQ,22/04/2006,650,705,700,1
Haryana,Karnal,Nilokheri,Wheat,Other,FAQ,26/04/2006,650,715,700,1
Haryana,Karnal,Nilokheri,Wheat,Other,FAQ,03/05/2006,650,650,650,1
Haryana,Karnal,Nilokheri,Wheat,Other,FAQ,15/04/2012,1285,1285,1285,1
Haryana,Karnal,Nilokheri,Wheat,Other,FAQ,16/04/2012,1285,1285,1285,1
Haryana,Karnal,Nilokheri,Wheat,Other,FAQ,17/04/2012,1285,1285,1285,1
Haryana,Karnal,Nilokheri,Wheat,Other,FAQ,23/04/2012,1285,1285,1285,1
Haryana,Karnal,Nilokheri,Wheat,Other,FAQ,24/04/2011,1120,1120,1120,1
Haryana,Karnal,Nilokheri,Wheat,Other,FAQ,02/05/2011,1120,1120,1120,1
Haryana,Karnal,Nilokheri,Wheat,Other,FAQ,07/05/2011,1120,1120,1120,1
Haryana,Karnal,Nilokheri,Wheat,Other,FAQ,16/05/2011,1120,1120,1120,1
Haryana,Karnal,Nilokheri,Wheat,Other,FAQ,01/06/2011,1120,1120,1120,1
Haryana,Karnal,Nilokheri,Wheat,Other,FAQ,02/06/2011,1120,1120,1120,1
Haryana,Karnal,Nilokheri,Wheat,Other,FAQ,18/06/2011,1120,1120,1120,1
Haryana,Karnal,Nilokheri,Wheat,Other,FAQ,25/06/2011,1120,1120,1120,1
Haryana,Karnal,Nilokheri,Wheat,Other,FAQ,26/06/2011,1120,1120,1120,1
Haryana,Karnal,Nilokheri,Wheat,Other,FAQ,05/04/2010,1100,1100,1100,1
Haryana,Karnal,Nilokheri,Wheat,Other,FAQ,13/04/2010,1100,1100,1100,1
Haryana,Karnal,Nilokheri,Wheat,Other,FAQ,18/04/2010,1100,1100,1100,1
Haryana,Karnal,Nilokheri,Wheat,Other,FAQ,19/04/2010,1100,1100,1100,1
Haryana,Karnal,Nilokheri,Wheat,Other,FAQ,24/04/2010,1100,1100,1100,1
Haryana,Karnal,Nilokheri,Wheat,Other,FAQ,29/04/2010,1100,1100,1100,1
Haryana,Karnal,Nilokheri,Wheat,Other,FAQ,01/05/2010,1100,1100,1100,1
Haryana,Karnal,Nilokheri,Wheat,Other,FAQ,02/04/2009,1080,1080,1080,1
Haryana,Karnal,Nilokheri,Wheat,Other,FAQ,11/04/2009,1080,1080,1080,1
Haryana,Karnal,Nilokheri,Wheat,Other,FAQ,15/04/2009,1080,1080,1080,1
Haryana,Karnal,Nilokheri,Wheat,Other,FAQ,17/04/2009,1080,1080,1080,1
Haryana,Karnal,Nilokheri,Wheat,Other,FAQ,20/04/2009,1080,1080,1080,1
Haryana,Karnal,Nilokheri,Wheat,Other,FAQ,23/04/2009,1080,1080,1080,1
Haryana,Karnal,Nilokheri,Wheat,Other,FAQ,25/04/2009,1080,1080,1080,1
Haryana,Karnal,Nilokheri,Wheat,Other,FAQ,30/04/2009,1080,1080,1080,1
Haryana,Karnal,Nilokheri,Wheat,Other,FAQ,01/05/2009,1080,1080,1080,1
Haryana,Karnal,Nilokheri,Wheat,Other,FAQ,27/08/2009,1200,1245,1222,1
Haryana,Karnal,Nilokheri,Wheat,Other,FAQ,16/04/2008,1000,1000,1000,1
Haryana,Karnal,Nilokheri,Wheat,Other,FAQ,17/04/2008,1000,1000,1000,1
Haryana,Karnal,Nilokheri,Wheat,Other,FAQ,21/04/2008,1000,1000,1000,1
Haryana,Karnal,Nilokheri,Wheat,Other,FAQ,23/04/2008,1000,1000,1000,1
Haryana,Karnal,Nilokheri,Wheat,Other,FAQ,24/04/2008,1000,1000,1000,1
Haryana,Karnal,Nilokheri,Wheat,Other,FAQ,28/04/2008,1000,1000,1000,1
Haryana,Karnal,Nilokheri,Wheat,Other,FAQ,08/05/2008,1000,1000,1000,1
Haryana,Karnal,Nilokheri,Wheat,Other,FAQ,14/04/2013,1350,1350,1350,1
Haryana,Karnal,Nilokheri,Wheat,Other,FAQ,18/04/2013,1350,1350,1350,1
Haryana,Karnal,Nilokheri,Wheat,Other,FAQ,22/04/2013,1350,1350,1350,1
Haryana,Karnal,Nilokheri,Wheat,Other,FAQ,24/04/2013,1350,1350,1350,1
Haryana,Karnal,Nilokheri,Wheat,Other,FAQ,27/04/2013,1350,1350,1350,1
Haryana,Karnal,Nilokheri,Wheat,Other,FAQ,02/05/2013,1350,1350,1350,1
Haryana,Karnal,Nilokheri,Wheat,Other,FAQ,03/05/2013,1350,1350,1350,1
Haryana,Karnal,Nilokheri,Wheat,Other,FAQ,14/04/2014,1400,1400,1400,1
Haryana,Karnal,Nilokheri,Wheat,Other,FAQ,15/04/2014,1400,1400,1400,1
Haryana,Karnal,Nilokheri,Wheat,Other,FAQ,18/04/2014,1400,1400,1400,1
Haryana,Karnal,Nilokheri,Wheat,Other,FAQ,08/05/2014,1400,1400,1400,1
Haryana,Karnal,Nilokheri,Wheat,Other,FAQ,17/04/2019,1840,1840,1840,1
Haryana,Karnal,Nilokheri,Wheat,Other,FAQ,20/04/2019,1840,1840,1840,1
Haryana,Karnal,Nilokheri,Wheat,Other,FAQ,22/04/2019,1840,1840,1840,1
Haryana,Karnal,Nilokheri,Wheat,Other,FAQ,07/05/2019,1840,1840,1840,1
Haryana,Karnal,Nilokheri,Wheat,Other,FAQ,16/04/2024,2275,2275,2275,1
Haryana,Karnal,Nilokheri,Wheat,Other,FAQ,24/04/2024,2275,2275,2275,1
Haryana,Karnal,Nilokheri,Wheat,Other,FAQ,05/04/2022,2015,2015,2015,1
Haryana,Karnal,Nilokheri,Wheat,Other,FAQ,17/04/2022,2025,2045,2030,1
Haryana,Karnal,Nilokheri,Wheat,Other,FAQ,25/04/2022,2015,2025,2015,1
Haryana,Karnal,Nilokheri,Wheat,Other,FAQ,02/05/2022,2015,2015,2015,1
Haryana,Karnal,Nilokheri,Wheat,Other,FAQ,22/04/2018,1735,1735,1735,1
Haryana,Karnal,Nilokheri,Wheat,Other,FAQ,23/04/2018,1735,1735,1735,1
Haryana,Karnal,Nilokheri,Wheat,Other,FAQ,25/04/2018,1735,1735,1735,1
Haryana,Karnal,Nilokheri,Wheat,Other,FAQ,25/04/2023,2125,2125,2125,1
Haryana,Karnal,Nilokheri,Wheat,Other,FAQ,26/04/2023,2125,2125,2125,1
Haryana,Karnal,Nilokheri,Wheat,Other,FAQ,15/05/2023,2125,2125,2125,1
Haryana,Karnal,Nilokheri,Wheat,Other,FAQ,10/04/2025,2425,2425,2425,1
Haryana,Karnal,Nilokheri,Wheat,Other,FAQ,18/04/2025,2425,2425,2425,1
Haryana,Karnal,Nilokheri,Wheat,Other,FAQ,19/04/2025,2425,2425,2425,1
Haryana,Karnal,Nilokheri,Wheat,Other,FAQ,23/04/2025,2425,2425,2425,1
Haryana,Karnal,Nilokheri,Wheat,Other,FAQ,30/04/2025,2425,2425,2425,1
Haryana,Karnal,Nilokheri,Wheat,Other,FAQ,19/04/2015,1450,1450,1450,1
Haryana,Karnal,Nilokheri,Wheat,Other,FAQ,27/04/2015,1450,1450,1450,1
Haryana,Karnal,Nilokheri,Wheat,Other,FAQ,28/04/2015,1450,1450,1450,1
Haryana,Karnal,Nilokheri,Wheat,Other,FAQ,29/04/2015,1450,1450,1450,1
Haryana,Karnal,Nilokheri,Wheat,Other,FAQ,04/05/2015,1450,1450,1450,1
Haryana,Karnal,Nilokheri,Wheat,Other,FAQ,29/04/2013,1350,1350,1350,1
Haryana,Karnal,Nilokheri,Wheat,Other,FAQ,16/04/2014,1400,1400,1400,1
Haryana,Karnal,Nilokheri,Wheat,Other,FAQ,21/04/2014,1400,1400,1400,1
Haryana,Karnal,Nilokheri,Wheat,Other,FAQ,22/04/2014,1400,1400,1400,1
Haryana,Karnal,Nilokheri,Wheat,Other,FAQ,23/04/2014,1400,1400,1400,1
Haryana,Karnal,Nilokheri,Wheat,Other,FAQ,25/04/2014,1400,1400,1400,1
Haryana,Karnal,Nilokheri,Wheat,Other,FAQ,27/04/2014,1400,1400,1400,1
Haryana,Karnal,Nilokheri,Wheat,Other,FAQ,28/04/2014,1400,1400,1400,1
Haryana,Karnal,Nilokheri,Wheat,Other,FAQ,12/05/2018,1735,1735,1735,1
Haryana,Karnal,Nilokheri,Wheat,Other,FAQ,15/04/2019,1840,1840,1840,1
Haryana,Karnal,Nilokheri,Wheat,Other,FAQ,21/04/2019,1840,1840,1840,1
Haryana,Karnal,Nilokheri,Wheat,Other,FAQ,23/04/2019,1840,1840,1840,1
Haryana,Karnal,Nilokheri,Wheat,Other,FAQ,25/04/2019,1840,1840,1840,1
Haryana,Karnal,Nilokheri,Wheat,Other,FAQ,29/04/2019,1840,1840,1840,1
Haryana,Karnal,Nilokheri,Wheat,Other,FAQ,06/05/2019,1840,1840,1840,1
Haryana,Karnal,Nilokheri,Wheat,Other,FAQ,09/04/2022,2015,2025,2015,1
Haryana,Karnal,Nilokheri,Wheat,Other,FAQ,14/04/2022,2015,2030,2015,1
Haryana,Karnal,Nilokheri,Wheat,Other,FAQ,16/04/2022,2015,2025,2015,1
Haryana,Karnal,Nilokheri,Wheat,Other,FAQ,18/04/2022,2015,2030,2015,1
Haryana,Karnal,Nilokheri,Wheat,Other,FAQ,20/04/2022,2015,2031,2015,1
Haryana,Karnal,Nilokheri,Wheat,Other,FAQ,21/04/2022,2015,2025,2015,1
Haryana,Karnal,Nilokheri,Wheat,Other,FAQ,22/04/2022,2015,2025,2015,1
Haryana,Karnal,Nilokheri,Wheat,Other,FAQ,24/04/2022,2015,2015,2015,1
Haryana,Karnal,Nilokheri,Wheat,Other,FAQ,16/04/2016,1525,1525,1525,1
Haryana,Karnal,Nilokheri,Wheat,Other,FAQ,20/04/2016,1525,1525,1525,1
Haryana,Karnal,Nilokheri,Wheat,Other,FAQ,24/04/2016,1525,1525,1525,1
Haryana,Karnal,Nilokheri,Wheat,Other,FAQ,28/04/2016,1525,1525,1525,1
Haryana,Karnal,Nilokheri,Wheat,Other,FAQ,14/04/2012,1285,1285,1285,1
Haryana,Karnal,Nilokheri,Wheat,Other,FAQ,18/04/2012,1285,1285,1285,1
Haryana,Karnal,Nilokheri,Wheat,Other,FAQ,22/04/2012,1285,1285,1285,1
Haryana,Karnal,Nilokheri,Wheat,Other,FAQ,24/04/2012,1285,1285,1285,1
Haryana,Karnal,Nilokheri,Wheat,Other,FAQ,26/04/2012,1285,1285,1285,1
Haryana,Karnal,Nilokheri,Wheat,Other,FAQ,27/04/2012,1285,1285,1285,1
Haryana,Karnal,Nilokheri,Wheat,Other,FAQ,01/05/2012,1285,1285,1285,1
Haryana,Karnal,Nilokheri,Wheat,Other,FAQ,07/05/2012,1285,1285,1285,1
Haryana,Karnal,Nilokheri,Wheat,Other,FAQ,21/04/2017,1625,1625,1625,1
Haryana,Karnal,Nilokheri,Wheat,Other,FAQ,25/04/2017,1625,1625,1625,1
Haryana,Karnal,Nilokheri,Wheat,Other,FAQ,05/04/2009,1080,1080,1080,1
Haryana,Karnal,Nilokheri,Wheat,Other,FAQ,12/04/2009,1080,1080,1080,1
Haryana,Karnal,Nilokheri,Wheat,Other,FAQ,21/04/2009,1080,1080,1080,1
Haryana,Karnal,Nilokheri,Wheat,Other,FAQ,24/04/2009,1080,1080,1080,1
Haryana,Karnal,Nilokheri,Wheat,Other,FAQ,20/04/2011,1120,1120,1120,1
Haryana,Karnal,Nilokheri,Wheat,Other,FAQ,21/04/2011,1120,1120,1120,1
Haryana,Karnal,Nilokheri,Wheat,Other,FAQ,27/04/2011,1120,1120,1120,1
Haryana,Karnal,Nilokheri,Wheat,Other,FAQ,05/05/2011,1120,1120,1120,1
Haryana,Karnal,Nilokheri,Wheat,Other,FAQ,09/05/2011,1120,1120,1120,1
Haryana,Karnal,Nilokheri,Wheat,Other,FAQ,10/05/2011,1120,1120,1120,1
Haryana,Karnal,Nilokheri,Wheat,Other,FAQ,05/06/2011,1120,1120,1120,1
Haryana,Karnal,Nilokheri,Wheat,Other,FAQ,06/06/2011,1120,1120,1120,1
Haryana,Karnal,Nilokheri,Wheat,Other,FAQ,12/06/2011,1120,1120,1120,1
Haryana,Karnal,Nilokheri,Wheat,Other,FAQ,15/06/2011,1120,1120,1120,1
Haryana,Karnal,Nilokheri,Wheat,Other,FAQ,21/06/2011,1120,1120,1120,1
Haryana,Karnal,Nilokheri,Wheat,Other,FAQ,28/06/2011,1120,1120,1120,1
Haryana,Karnal,Nilokheri,Wheat,Other,FAQ,21/04/2006,650,685,680,1
Haryana,Karnal,Nilokheri,Wheat,Other,FAQ,24/04/2006,650,713,700,1
Haryana,Karnal,Nilokheri,Wheat,Other,FAQ,25/04/2006,650,712,700,1
Haryana,Karnal,Nilokheri,Wheat,Other,FAQ,27/04/2006,710,715,715,1
Haryana,Karnal,Nilokheri,Wheat,Other,FAQ,06/04/2010,1100,1100,1100,1
Haryana,Karnal,Nilokheri,Wheat,Other,FAQ,07/04/2010,1100,1100,1100,1
Haryana,Karnal,Nilokheri,Wheat,Other,FAQ,09/04/2010,1100,1100,1100,1
Haryana,Karnal,Nilokheri,Wheat,Other,FAQ,17/04/2010,1100,1100,1100,1
Haryana,Karnal,Nilokheri,Wheat,Other,FAQ,20/04/2010,1100,1100,1100,1
Haryana,Karnal,Nilokheri,Wheat,Other,FAQ,30/04/2008,1000,1000,1000,1
Haryana,Karnal,Nilokheri,Wheat,Other,FAQ,04/05/2008,1000,1000,1000,1
Haryana,Karnal,Nilokheri,Wheat,Other,FAQ,06/05/2008,1000,1000,1000,1
Haryana,Karnal,Nilokheri,Wheat,Other,FAQ,23/04/2024,2275,2275,2275,1
Haryana,Karnal,Nilokheri,Wheat,Other,FAQ,29/04/2024,2275,2275,2275,1
Haryana,Karnal,Nilokheri,Wheat,Other,FAQ,30/04/2024,2275,2275,2275,1
Haryana,Karnal,Nilokheri,Wheat,Other,FAQ,12/04/2025,2425,2425,2425,1
Haryana,Karnal,Nilokheri,Wheat,Other,FAQ,24/04/2025,2425,2425,2425,1
Haryana,Karnal,Nilokheri,Wheat,Other,FAQ,26/04/2025,2425,2425,2425,1
Haryana,Karnal,Nilokheri,Wheat,Other,FAQ,22/04/2025,2425,2425,2425,1
Haryana,Karnal,Nilokheri,Wheat,Other,FAQ,16/04/2023,2125,2125,2125,1
Haryana,Karnal,Nilokheri,Wheat,Other,FAQ,24/04/2023,2125,2125,2125,1
Haryana,Karnal,Nilokheri,Wheat,Other,FAQ,01/05/2023,2125,2125,2125,1
Haryana,Karnal,Nilokheri,Wheat,Other,FAQ,04/05/2023,2125,2125,2125,1
Haryana,Karnal,Nilokheri,Wheat,Other,FAQ,05/05/2025,2425,2425,2425,1
Haryana,Karnal,Nilokheri,Wheat,Other,FAQ,19/04/2013,1350,1350,1350,1
Haryana,Karnal,Nilokheri,Wheat,Other,FAQ,21/04/2013,1350,1350,1350,1
Haryana,Karnal,Nilokheri,Wheat,Other,FAQ,28/04/2013,1350,1350,1350,1
Haryana,Karnal,Nilokheri,Wheat,Other,FAQ,01/05/2013,1350,1350,1350,1
Haryana,Karnal,Nilokheri,Wheat,Other,FAQ,06/05/2013,1350,1350,1350,1
Haryana,Karnal,Nilokheri,Wheat,Other,FAQ,19/04/2014,1400,1400,1400,1
Haryana,Karnal,Nilokheri,Wheat,Other,FAQ,29/04/2014,1400,1400,1400,1
Haryana,Karnal,Nilokheri,Wheat,Other,FAQ,01/05/2014,1400,1400,1400,1
Haryana,Karnal,Nilokheri,Wheat,Other,FAQ,05/05/2014,1400,1400,1400,1
Haryana,Karnal,Nilokheri,Wheat,Other,FAQ,12/04/2011,1120,1120,1120,1
Haryana,Karnal,Nilokheri,Wheat,Other,FAQ,18/04/2011,1120,1120,1120,1
Haryana,Karnal,Nilokheri,Wheat,Other,FAQ,19/04/2011,1120,1120,1120,1
Haryana,Karnal,Nilokheri,Wheat,Other,FAQ,23/04/2011,1120,1120,1120,1
Haryana,Karnal,Nilokheri,Wheat,Other,FAQ,29/04/2011,1120,1120,1120,1
Haryana,Karnal,Nilokheri,Wheat,Other,FAQ,30/04/2011,1120,1120,1120,1
Haryana,Karnal,Nilokheri,Wheat,Other,FAQ,08/05/2011,1120,1120,1120,1
Haryana,Karnal,Nilokheri,Wheat,Other,FAQ,10/06/2011,1120,1120,1120,1
Haryana,Karnal,Nilokheri,Wheat,Other,FAQ,11/06/2011,1120,1120,1120,1
Haryana,Karnal,Nilokheri,Wheat,Other,FAQ,14/06/2011,1120,1120,1120,1
Haryana,Karnal,Nilokheri,Wheat,Other,FAQ,17/06/2011,1120,1120,1120,1
Haryana,Karnal,Nilokheri,Wheat,Other,FAQ,22/06/2011,1120,1120,1120,1
Haryana,Karnal,Nilokheri,Wheat,Other,FAQ,10/04/2010,1100,1100,1100,1
Haryana,Karnal,Nilokheri,Wheat,Other,FAQ,25/04/2010,1100,1100,1100,1
Haryana,Karnal,Nilokheri,Wheat,Other,FAQ,11/04/2016,1525,1525,1525,1
Haryana,Karnal,Nilokheri,Wheat,Other,FAQ,18/04/2016,1525,1525,1525,1
Haryana,Karnal,Nilokheri,Wheat,Other,FAQ,19/04/2016,1525,1525,1525,1
Haryana,Karnal,Nilokheri,Wheat,Other,FAQ,18/04/2015,1450,1450,1450,1
Haryana,Karnal,Nilokheri,Wheat,Other,FAQ,21/04/2015,1450,1450,1450,1
Haryana,Karnal,Nilokheri,Wheat,Other,FAQ,26/04/2015,1450,1450,1450,1
Haryana,Karnal,Nilokheri,Wheat,Other,FAQ,01/05/2015,1450,1450,1450,1
Haryana,Karnal,Nilokheri,Wheat,Other,FAQ,05/04/2006,650,650,650,1
Haryana,Karnal,Nilokheri,Wheat,Other,FAQ,11/04/2006,650,653,650,1
Haryana,Karnal,Nilokheri,Wheat,Other,FAQ,12/04/2006,650,653,650,1
Haryana,Karnal,Nilokheri,Wheat,Other,FAQ,17/04/2006,650,665,665,1
Haryana,Karnal,Nilokheri,Wheat,Other,FAQ,19/04/2006,650,670,655,1
Haryana,Karnal,Nilokheri,Wheat,Other,FAQ,28/04/2006,710,715,715,1
Haryana,Karnal,Nilokheri,Wheat,Other,FAQ,20/04/2012,1285,1285,1285,1
Haryana,Karnal,Nilokheri,Wheat,Other,FAQ,25/04/2012,1285,1285,1285,1
Haryana,Karnal,Nilokheri,Wheat,Other,FAQ,03/05/2012,1285,1285,1285,1
Haryana,Karnal,Nilokheri,Wheat,Other,FAQ,08/04/2009,1080,1080,1080,1
Haryana,Karnal,Nilokheri,Wheat,Other,FAQ,27/04/2009,1080,1080,1080,1
Haryana,Karnal,Nilokheri,Wheat,Other,FAQ,28/04/2009,1080,1080,1080,1
Haryana,Karnal,Nilokheri,Wheat,Other,FAQ,14/04/2008,1000,1000,1000,1
Haryana,Karnal,Nilokheri,Wheat,Other,FAQ,15/04/2008,1000,1000,1000,1
Haryana,Karnal,Nilokheri,Wheat,Other,FAQ,20/04/2008,1000,1000,1000,1
Haryana,Karnal,Nilokheri,Wheat,Other,FAQ,25/04/2008,1000,1000,1000,1
Haryana,Karnal,Nilokheri,Wheat,Other,FAQ,26/04/2008,1000,1000,1000,1
Haryana,Karnal,Nilokheri,Wheat,Other,FAQ,03/05/2008,1000,1000,1000,1
Haryana,Karnal,Nilokheri,Wheat,Other,FAQ,07/05/2008,1000,1000,1000,1
Haryana,Karnal,Nilokheri,Wheat,Other,FAQ,03/05/2024,2275,2275,2275,1
Haryana,Karnal,Nilokheri,Wheat,Other,FAQ,17/04/2024,2275,2275,2275,1
Haryana,Karnal,Nilokheri,Wheat,Other,FAQ,18/04/2024,2275,2275,2275,1
Haryana,Karnal,Nilokheri,Wheat,Other,FAQ,19/04/2024,2275,2280,2275,1
Haryana,Karnal,Nilokheri,Wheat,Other,FAQ,20/04/2024,2275,2275,2275,1
Haryana,Karnal,Nilokheri,Wheat,Other,FAQ,22/04/2024,2275,2280,2275,1
Haryana,Karnal,Nilokheri,Wheat,Other,FAQ,25/04/2024,2275,2275,2275,1
Haryana,Karnal,Nilokheri,Wheat,Other,FAQ,13/04/2017,1625,1625,1625,1
Haryana,Karnal,Nilokheri,Wheat,Other,FAQ,14/04/2017,1625,1625,1625,1
Haryana,Karnal,Nilokheri,Wheat,Other,FAQ,18/04/2017,1625,1625,1625,1
Haryana,Karnal,Nilokheri,Wheat,Other,FAQ,03/05/2017,1625,1625,1625,1
Haryana,Karnal,Nilokheri,Wheat,Other,FAQ,28/04/2018,1735,1736,1735,1
Haryana,Karnal,Nilokheri,Wheat,Other,FAQ,01/05/2018,1735,1736,1735,1
Haryana,Karnal,Nilokheri,Wheat,Other,FAQ,19/04/2019,1840,1840,1840,1
Haryana,Karnal,Nilokheri,Wheat,Other,FAQ,25/04/2025,2425,2425,2425,1
Haryana,Karnal,Nilokheri,Wheat,Other,FAQ,08/05/2025,2425,2425,2425,1
Haryana,Karnal,Nilokheri,Wheat,Other,FAQ,15/04/2023,2125,2125,2125,1
Haryana,Karnal,Nilokheri,Wheat,Other,FAQ,18/04/2023,2125,2125,2125,1
Haryana,Karnal,Nilokheri,Wheat,Other,FAQ,22/04/2023,2125,2125,2125,1
Haryana,Karnal,Nilokheri,Wheat,Other,FAQ,09/05/2023,2125,2125,2125,1
Haryana,Karnal,Nilokheri,Wheat,Other,FAQ,10/04/2022,2015,2025,2015,1
Haryana,Karnal,Nilokheri,Wheat,Other,FAQ,12/04/2022,2015,2025,2015,1
Haryana,Karnal,Nilokheri,Wheat,Other,FAQ,13/04/2022,2015,2030,2015,1
Haryana,Karnal,Nilokheri,Wheat,Other,FAQ,15/04/2022,2015,2025,2015,1
Haryana,Karnal,Nilokheri,Wheat,Other,FAQ,19/04/2022,2015,2025,2015,1
Haryana,Karnal,Nilokheri,Wheat,Other,FAQ,22/04/2015,1450,1450,1450,1
Haryana,Karnal,Nilokheri,Wheat,Other,FAQ,30/04/2015,1450,1450,1450,1
Haryana,Karnal,Nilokheri,Wheat,Other,FAQ,12/05/2015,1450,1450,1450,1
Haryana,Karnal,Nilokheri,Wheat,Other,FAQ,15/05/2015,1450,1450,1450,1
Haryana,Karnal,Nilokheri,Wheat,Other,FAQ,06/04/2009,1080,1080,1080,1
Haryana,Karnal,Nilokheri,Wheat,Other,FAQ,07/04/2009,1080,1080,1080,1
Haryana,Karnal,Nilokheri,Wheat,Other,FAQ,09/04/2009,1080,1080,1080,1
Haryana,Karnal,Nilokheri,Wheat,Other,FAQ,13/04/2009,1080,1080,1080,1
Haryana,Karnal,Nilokheri,Wheat,Other,FAQ,29/04/2009,1080,1080,1080,1
Haryana,Karnal,Nilokheri,Wheat,Other,FAQ,07/09/2009,991,1335,1163,1
Haryana,Karnal,Nilokheri,Wheat,Other,FAQ,24/09/2009,950,1631,1291,1
Haryana,Karnal,Nilokheri,Wheat,Other,FAQ,07/10/2009,980,1721,1350,1
Haryana,Karnal,Nilokheri,Wheat,Other,FAQ,12/04/2017,1625,1625,1625,1
Haryana,Karnal,Nilokheri,Wheat,Other,FAQ,16/04/2017,1625,1625,1625,1
Haryana,Karnal,Nilokheri,Wheat,Other,FAQ,23/04/2017,1625,1625,1625,1
Haryana,Karnal,Nilokheri,Wheat,Other,FAQ,26/04/2017,1625,1625,1625,1
Haryana,Karnal,Nilokheri,Wheat,Other,FAQ,21/04/2018,1735,1735,1735,1
Haryana,Karnal,Nilokheri,Wheat,Other,FAQ,27/04/2018,1735,1736,1735,1
Haryana,Karnal,Nilokheri,Wheat,Other,FAQ,09/04/2008,1000,1000,1000,1
Haryana,Karnal,Nilokheri,Wheat,Other,FAQ,10/04/2008,1000,1000,1000,1
Haryana,Karnal,Nilokheri,Wheat,Other,FAQ,12/04/2008,1000,1000,1000,1
Haryana,Karnal,Nilokheri,Wheat,Other,FAQ,18/04/2008,1000,1000,1000,1
Haryana,Karnal,Nilokheri,Wheat,Other,FAQ,19/04/2008,1000,1000,1000,1
Haryana,Karnal,Nilokheri,Wheat,Other,FAQ,22/04/2008,1000,1000,1000,1
Haryana,Karnal,Nilokheri,Wheat,Other,FAQ,27/04/2008,1000,1000,1000,1
Haryana,Karnal,Nilokheri,Wheat,Other,FAQ,29/04/2008,1000,1000,1000,1
Haryana,Karnal,Nilokheri,Wheat,Other,FAQ,01/05/2008,1000,1000,1000,1
Haryana,Karnal,Nilokheri,Wheat,Other,FAQ,02/05/2008,1000,1000,1000,1
Haryana,Karnal,Nilokheri,Wheat,Other,FAQ,05/05/2008,1000,1000,1000,1
Haryana,Karnal,Nilokheri,Wheat,Other,FAQ,13/05/2008,1000,1000,1000,1
Haryana,Karnal,Nilokheri,Wheat,Other,FAQ,27/04/2016,1525,1525,1525,1
Haryana,Karnal,Nilokheri,Wheat,Other,FAQ,13/04/2024,2275,2275,2275,1
Haryana,Karnal,Nilokheri,Wheat,Other,FAQ,14/04/2024,2275,2275,2275,1
Haryana,Karnal,Nilokheri,Wheat,Other,FAQ,26/04/2024,2275,2275,2275,1
Haryana,Karnal,Nilokheri,Wheat,Other,FAQ,27/04/2024,2275,2275,2275,1
Haryana,Karnal,Nilokheri,Wheat,Other,FAQ,07/05/2024,2275,2275,2275,1
Haryana,Karnal,Nilokheri,Wheat,Other,FAQ,15/05/2024,2275,2275,2275,1
Haryana,Karnal,Nilokheri,Wheat,Other,FAQ,16/04/2019,1840,1840,1840,1
Haryana,Karnal,Nilokheri,Wheat,Other,FAQ,24/04/2019,1840,1840,1840,1
Haryana,Karnal,Nilokheri,Wheat,Other,FAQ,30/04/2019,1840,1840,1840,1
Haryana,Karnal,Nilokheri,Wheat,Other,FAQ,02/05/2019,1840,1840,1840,1
Haryana,Karnal,Nilokheri,Wheat,Other,FAQ,03/05/2019,1000,1200,1200,1
Haryana,Karnal,Nilokheri,Wheat,Other,FAQ,08/05/2019,1840,1840,1840,1
Haryana,Karnal,Nilokheri,Wheat,Other,FAQ,15/05/2019,1840,1840,1840,1
Haryana,Karnal,Nilokheri,Wheat,Other,FAQ,15/04/2013,1350,1350,1350,1
Haryana,Karnal,Nilokheri,Wheat,Other,FAQ,16/04/2013,1350,1350,1350,1
Haryana,Karnal,Nilokheri,Wheat,Other,FAQ,20/04/2013,1350,1350,1350,1
Haryana,Karnal,Nilokheri,Wheat,Other,FAQ,13/04/2011,1120,1120,1120,1
Haryana,Karnal,Nilokheri,Wheat,Other,FAQ,15/04/2011,1120,1120,1120,1
Haryana,Karnal,Nilokheri,Wheat,Other,FAQ,22/04/2011,1120,1120,1120,1
Haryana,Karnal,Nilokheri,Wheat,Other,FAQ,25/04/2011,1120,1120,1120,1
Haryana,Karnal,Nilokheri,Wheat,Other,FAQ,26/04/2011,1120,1120,1120,1
Haryana,Karnal,Nilokheri,Wheat,Other,FAQ,28/04/2011,1120,1120,1120,1
Haryana,Karnal,Nilokheri,Wheat,Other,FAQ,01/05/2011,1120,1120,1120,1
Haryana,Karnal,Nilokheri,Wheat,Other,FAQ,03/05/2011,1120,1120,1120,1
Haryana,Karnal,Nilokheri,Wheat,Other,FAQ,06/05/2011,1120,1120,1120,1
Haryana,Karnal,Nilokheri,Wheat,Other,FAQ,11/05/2011,1120,1120,1120,1
Haryana,Karnal,Nilokheri,Wheat,Other,FAQ,13/05/2011,1120,1120,1120,1
Haryana,Karnal,Nilokheri,Wheat,Other,FAQ,03/06/2011,1120,1120,1120,1
Haryana,Karnal,Nilokheri,Wheat,Other,FAQ,08/06/2011,1120,1120,1120,1
Haryana,Karnal,Nilokheri,Wheat,Other,FAQ,09/06/2011,1120,1120,1120,1
Haryana,Karnal,Nilokheri,Wheat,Other,FAQ,13/06/2011,1120,1120,1120,1
Haryana,Karnal,Nilokheri,Wheat,Other,FAQ,23/06/2011,1120,1120,1120,1
Haryana,Karnal,Nilokheri,Wheat,Other,FAQ,24/06/2011,1120,1120,1120,1
Haryana,Karnal,Nilokheri,Wheat,Other,FAQ,01/04/2014,1400,1400,1400,1
Haryana,Karnal,Nilokheri,Wheat,Other,FAQ,24/04/2014,1400,1400,1400,1
Haryana,Karnal,Nilokheri,Wheat,Other,FAQ,30/04/2014,1400,1400,1400,1
Haryana,Karnal,Nilokheri,Wheat,Other,FAQ,02/05/2014,1400,1400,1400,1
Haryana,Karnal,Nilokheri,Wheat,Other,FAQ,06/05/2014,1400,1400,1400,1
Haryana,Karnal,Nilokheri,Wheat,Other,FAQ,21/04/2012,1285,1285,1285,1
Haryana,Karnal,Nilokheri,Wheat,Other,FAQ,28/04/2012,1285,1285,1285,1
Haryana,Karnal,Nilokheri,Wheat,Other,FAQ,29/04/2012,1285,1285,1285,1
Haryana,Karnal,Nilokheri,Wheat,Other,FAQ,30/04/2012,1285,1285,1285,1
Haryana,Karnal,Nilokheri,Wheat,Other,FAQ,02/05/2012,1285,1285,1285,1
Haryana,Karnal,Nilokheri,Wheat,Other,FAQ,08/04/2010,1100,1100,1100,1
Haryana,Karnal,Nilokheri,Wheat,Other,FAQ,11/04/2010,1100,1100,1100,1
Haryana,Karnal,Nilokheri,Wheat,Other,FAQ,12/04/2010,1100,1100,1100,1
Haryana,Karnal,Nilokheri,Wheat,Other,FAQ,15/04/2010,1100,1100,1100,1
Haryana,Karnal,Nilokheri,Wheat,Other,FAQ,16/04/2010,1100,1100,1100,1
Haryana,Karnal,Nilokheri,Wheat,Other,FAQ,01/03/2006,810,810,810,1
Haryana,Karnal,Nilokheri,Wheat,Other,FAQ,08/04/2006,650,650,650,1
Haryana,Karnal,Nilokheri,Wheat,Other,FAQ,10/04/2006,650,650,650,1
Haryana,Karnal,Nilokheri,Wheat,Other,FAQ,14/04/2006,650,665,652,1
Haryana,Karnal,Nilokheri,Wheat,Other,FAQ,23/04/2006,650,712,700,1
Haryana,Karnal,Nilokheri,Wheat,Other,FAQ,17/04/2023,2125,2125,2125,1
Haryana,Karnal,Nilokheri,Wheat,Other,FAQ,14/04/2025,2425,2425,2425,1
Haryana,Karnal,Nilokheri,Wheat,Other,FAQ,16/04/2025,2425,2425,2425,1
Haryana,Karnal,Nilokheri,Wheat,Other,FAQ,28/04/2025,2425,2425,2425,1
Haryana,Karnal,Nilokheri,Wheat,Other,FAQ,23/04/2022,2015,2015,2015,1
Haryana,Karnal,Nilokheri,Wheat,Other,FAQ,26/04/2022,2015,2015,2015,1
Haryana,Karnal,Nilokheri,Wheat,Other,FAQ,07/05/2022,2015,2015,2015,1
Haryana,Karnal,Nilokheri,Wheat,Other,FAQ,11/04/2011,1120,1120,1120,1
Haryana,Karnal,Nilokheri,Wheat,Other,FAQ,14/04/2011,1120,1120,1120,1
Haryana,Karnal,Nilokheri,Wheat,Other,FAQ,16/04/2011,1120,1120,1120,1
Haryana,Karnal,Nilokheri,Wheat,Other,FAQ,17/04/2011,1120,1120,1120,1
Haryana,Karnal,Nilokheri,Wheat,Other,FAQ,04/05/2011,1120,1120,1120,1
Haryana,Karnal,Nilokheri,Wheat,Other,FAQ,12/05/2011,1120,1120,1120,1
Haryana,Karnal,Nilokheri,Wheat,Other,FAQ,14/05/2011,1120,1120,1120,1
Haryana,Karnal,Nilokheri,Wheat,Other,FAQ,04/06/2011,1120,1120,1120,1
Haryana,Karnal,Nilokheri,Wheat,Other,FAQ,07/06/2011,1120,1120,1120,1
Haryana,Karnal,Nilokheri,Wheat,Other,FAQ,16/06/2011,1120,1120,1120,1
Haryana,Karnal,Nilokheri,Wheat,Other,FAQ,19/06/2011,1120,1120,1120,1
Haryana,Karnal,Nilokheri,Wheat,Other,FAQ,20/06/2011,1120,1120,1120,1
Haryana,Karnal,Nilokheri,Wheat,Other,FAQ,27/06/2011,1120,1120,1120,1
Haryana,Karnal,Nilokheri,Wheat,Other,FAQ,06/04/2022,2015,2015,2015,1
Haryana,Karnal,Nilokheri,Wheat,Other,FAQ,07/04/2022,2015,2020,2015,1
Haryana,Karnal,Nilokheri,Wheat,Other,FAQ,11/04/2022,2015,2025,2015,1
Haryana,Karnal,Nilokheri,Wheat,Other,FAQ,19/04/2023,2125,2125,2125,1
Haryana,Karnal,Nilokheri,Wheat,Other,FAQ,28/04/2023,2125,2125,2125,1
Haryana,Karnal,Nilokheri,Wheat,Other,FAQ,12/04/2024,2275,2275,2275,1
Haryana,Karnal,Nilokheri,Wheat,Other,FAQ,13/04/2015,1450,1450,1450,1
Haryana,Karnal,Nilokheri,Wheat,Other,FAQ,20/04/2015,1450,1450,1450,1
Haryana,Karnal,Nilokheri,Wheat,Other,FAQ,03/05/2015,1450,1450,1450,1
Haryana,Karnal,Nilokheri,Wheat,Other,FAQ,19/04/2012,1285,1285,1285,1
Haryana,Karnal,Nilokheri,Wheat,Other,FAQ,04/05/2012,1285,1285,1285,1
Haryana,Karnal,Nilokheri,Wheat,Other,FAQ,05/05/2012,1285,1285,1285,1
Haryana,Karnal,Nilokheri,Wheat,Other,FAQ,12/04/2016,1525,1525,1525,1
Haryana,Karnal,Nilokheri,Wheat,Other,FAQ,21/04/2016,1525,1525,1525,1
Haryana,Karnal,Nilokheri,Wheat,Other,FAQ,23/04/2016,1525,1525,1525,1
Haryana,Karnal,Nilokheri,Wheat,Other,FAQ,29/04/2016,1525,1525,1525,1
Haryana,Karnal,Nilokheri,Wheat,Other,FAQ,30/04/2016,1525,1525,1525,1
Haryana,Karnal,Nilokheri,Wheat,Other,FAQ,03/04/2009,1080,1080,1080,1
Haryana,Karnal,Nilokheri,Wheat,Other,FAQ,04/04/2009,1080,1080,1080,1
Haryana,Karnal,Nilokheri,Wheat,Other,FAQ,10/04/2009,1080,1080,1080,1
Haryana,Karnal,Nilokheri,Wheat,Other,FAQ,14/04/2009,1080,1080,1080,1
Haryana,Karnal,Nilokheri,Wheat,Other,FAQ,16/04/2009,1080,1080,1080,1
Haryana,Karnal,Nilokheri,Wheat,Other,FAQ,18/04/2009,1080,1080,1080,1
Haryana,Karnal,Nilokheri,Wheat,Other,FAQ,22/04/2009,1080,1080,1080,1
Haryana,Karnal,Nilokheri,Wheat,Other,FAQ,18/02/2010,1300,1300,1300,1
Haryana,Karnal,Nilokheri,Wheat,Other,FAQ,21/04/2010,1100,1100,1100,1
Haryana,Karnal,Nilokheri,Wheat,Other,FAQ,22/04/2010,1100,1100,1100,1
Haryana,Karnal,Nilokheri,Wheat,Other,FAQ,23/04/2010,1100,1100,1100,1
Haryana,Karnal,Nilokheri,Wheat,Other,FAQ,27/04/2010,1100,1100,1100,1
Haryana,Karnal,Nilokheri,Wheat,Other,FAQ,28/04/2010,1100,1100,1100,1
Haryana,Karnal,Nilokheri,Wheat,Other,FAQ,30/04/2010,1100,1100,1100,1
Haryana,Karnal,Nilokheri,Wheat,Other,FAQ,03/05/2010,1100,1100,1100,1
Haryana,Karnal,Nilokheri,Wheat,Other,FAQ,17/04/2014,1400,1400,1400,1
Haryana,Karnal,Nilokheri,Wheat,Other,FAQ,20/04/2014,1400,1400,1400,1
Haryana,Karnal,Nilokheri,Wheat,Other,FAQ,26/04/2014,1400,1400,1400,1
Haryana,Karnal,Nilokheri,Wheat,Other,FAQ,03/05/2014,1400,1400,1400,1
Haryana,Karnal,Nilokheri,Wheat,Other,FAQ,19/04/2018,1735,1735,1735,1
Haryana,Karnal,Nilokheri,Wheat,Other,FAQ,20/04/2018,1735,1735,1735,1
Haryana,Karnal,Nilokheri,Wheat,Other,FAQ,24/04/2018,1735,1735,1735,1
Haryana,Karnal,Nilokheri,Wheat,Other,FAQ,20/04/2017,1625,1625,1625,1
Haryana,Karnal,Nilokheri,Wheat,Other,FAQ,22/04/2017,1625,1625,1625,1
Haryana,Karnal,Nilokheri,Wheat,Other,FAQ,24/04/2017,1625,1625,1625,1
Haryana,Karnal,Nilokheri,Wheat,Other,FAQ,28/04/2017,1625,1625,1625,1
Haryana,Karnal,Nilokheri,Wheat,Other,FAQ,29/04/2017,1625,1625,1625,1
Haryana,Karnal,Nilokheri,Wheat,Other,FAQ,02/05/2017,1625,1625,1625,1
Haryana,Karnal,Nilokheri,Wheat,Other,FAQ,26/04/2019,1840,1840,1840,1
Haryana,Karnal,Nilokheri,Wheat,Other,FAQ,28/04/2019,1840,1840,1840,1
Haryana,Karnal,Nilokheri,Wheat,Other,FAQ,12/04/2013,1350,1350,1350,1
Haryana,Karnal,Nilokheri,Wheat,Other,FAQ,13/04/2013,1350,1350,1350,1
Haryana,Karnal,Nilokheri,Wheat,Other,FAQ,17/04/2013,1350,1350,1350,1
Haryana,Karnal,Nilokheri,Wheat,Other,FAQ,23/04/2013,1350,1350,1350,1
Haryana,Karnal,Nilokheri,Wheat,Other,FAQ,25/04/2013,1350,1350,1350,1
Haryana,Karnal,Nilokheri,Wheat,Other,FAQ,26/04/2013,1350,1350,1350,1
Haryana,Karnal,Nilokheri,Wheat,Other,FAQ,30/04/2013,1350,1350,1350,1
Haryana,Karnal,Nilokheri,Wheat,Other,FAQ,04/04/2006,650,650,650,1
Haryana,Karnal,Nilokheri,Wheat,Other,FAQ,07/04/2006,650,650,650,1
Haryana,Karnal,Nilokheri,Wheat,Other,FAQ,15/04/2006,650,661,660,1
Haryana,Karnal,Nilokheri,Wheat,Other,FAQ,16/04/2006,650,665,660,1
Haryana,Karnal,Nilokheri,Wheat,Other,FAQ,18/04/2006,650,665,650,1
Haryana,Karnal,Nilokheri,Wheat,Other,FAQ,29/04/2006,650,712,650,1
Haryana,Karnal,Nilokheri,Wheat,Other,FAQ,02/05/2006,650,701,650,1
Haryana,Karnal,Nilokheri,Wheat,Other,FAQ,04/05/2006,650,650,650,1
Haryana,Karnal,Nilokheri,Wheat,Other,FAQ,12/11/2006,1591,1681,1636,1
Haryana,Karnal,Nilokheri,Wheat,Other,FAQ,11/04/2008,1000,1000,1000,1
Haryana,Karnal,Nilokheri,Wheat,Other,FAQ,13/04/2008,1000,1000,1000,1
Haryana,Karnal,Nilokheri,Wheat,Other,FAQ,09/05/2008,1000,1000,1000,1
Haryana,Karnal,Nilokheri,Wheat,Other,FAQ,10/05/2008,1000,1000,1000,1
Haryana,Karnal,Nilokheri,Wheat,Other,FAQ,16/05/2008,1000,1000,1000,1
Haryana,Karnal,Nilokheri,Wheat,Other,FAQ,13/04/2025,2425,2425,2425,1
Haryana,Karnal,Nilokheri,Wheat,Other,FAQ,15/04/2025,2425,2425,2425,1
Haryana,Karnal,Nilokheri,Wheat,Other,FAQ,17/04/2025,2425,2425,2425,1
Haryana,Karnal,Nilokheri,Wheat,Other,FAQ,21/04/2025,2425,2425,2425,1
Haryana,Karnal,Nissing,Wheat,Other,FAQ,10/04/2006,650,655,650,1
Haryana,Karnal,Nissing,Wheat,Other,FAQ,12/04/2006,650,660,650,1
Haryana,Karnal,Nissing,Wheat,Other,FAQ,27/04/2006,705,705,705,1
Haryana,Karnal,Nissing,Wheat,Other,FAQ,14/04/2012,1285,1285,1285,1
Haryana,Karnal,Nissing,Wheat,Other,FAQ,17/04/2012,1285,1285,1285,1
Haryana,Karnal,Nissing,Wheat,Other,FAQ,26/04/2012,1285,1285,1285,1
Haryana,Karnal,Nissing,Wheat,Other,FAQ,27/04/2012,1285,1285,1285,1
Haryana,Karnal,Nissing,Wheat,Other,FAQ,04/05/2012,1285,1285,1285,1
Haryana,Karnal,Nissing,Wheat,Kanak,FAQ,14/04/2011,1120,1120,1120,1
Haryana,Karnal,Nissing,Wheat,Kanak,FAQ,26/04/2011,1120,1120,1120,1
Haryana,Karnal,Nissing,Wheat,Kanak,FAQ,28/04/2011,1120,1120,1120,1
Haryana,Karnal,Nissing,Wheat,Kanak,FAQ,01/05/2011,1120,1120,1120,1
Haryana,Karnal,Nissing,Wheat,Other,FAQ,17/05/2011,1120,1120,1120,1
Haryana,Karnal,Nissing,Wheat,Other,FAQ,24/05/2011,1120,1120,1120,1
Haryana,Karnal,Nissing,Wheat,Other,FAQ,05/04/2010,1100,1100,1100,1
Haryana,Karnal,Nissing,Wheat,Other,FAQ,07/04/2010,1100,1100,1100,1
Haryana,Karnal,Nissing,Wheat,Other,FAQ,08/04/2010,1100,1100,1100,1
Haryana,Karnal,Nissing,Wheat,Other,FAQ,09/04/2010,1100,1100,1100,1
Haryana,Karnal,Nissing,Wheat,Other,FAQ,11/04/2010,1100,1100,1100,1
Haryana,Karnal,Nissing,Wheat,Other,FAQ,12/04/2010,1100,1100,1100,1
Haryana,Karnal,Nissing,Wheat,Other,FAQ,14/04/2010,1100,1100,1100,1
Haryana,Karnal,Nissing,Wheat,Other,FAQ,20/04/2010,1100,1100,1100,1
Haryana,Karnal,Nissing,Wheat,Other,FAQ,26/04/2010,1100,1100,1100,1
Haryana,Karnal,Nissing,Wheat,Kanak,FAQ,07/04/2009,1080,1080,1080,1
Haryana,Karnal,Nissing,Wheat,Kanak,FAQ,11/04/2009,1080,1080,1080,1
Haryana,Karnal,Nissing,Wheat,Kanak,FAQ,29/04/2009,1080,1080,1080,1
Haryana,Karnal,Nissing,Wheat,Other,FAQ,15/04/2008,1000,1000,1000,1
Haryana,Karnal,Nissing,Wheat,Other,FAQ,26/04/2008,1000,1005,1000,1
Haryana,Karnal,Nissing,Wheat,Other,FAQ,28/04/2008,1000,1005,1000,1
Haryana,Karnal,Nissing,Wheat,Other,FAQ,30/04/2008,1000,1000,1000,1
Haryana,Karnal,Nissing,Wheat,Other,FAQ,12/05/2008,1000,1000,1000,1
Haryana,Karnal,Nissing,Wheat,Other,FAQ,14/04/2013,1350,1350,1350,1
Haryana,Karnal,Nissing,Wheat,Other,FAQ,15/04/2013,1350,1350,1350,1
Haryana,Karnal,Nissing,Wheat,Other,FAQ,17/04/2013,1350,1350,1350,1
Haryana,Karnal,Nissing,Wheat,Other,FAQ,29/04/2013,1350,1350,1350,1
Haryana,Karnal,Nissing,Wheat,Other,FAQ,02/05/2013,1350,1350,1350,1
Haryana,Karnal,Nissing,Wheat,Other,FAQ,04/05/2013,1350,1350,1350,1
Haryana,Karnal,Nissing,Wheat,Other,FAQ,07/05/2013,1350,1350,1350,1
Haryana,Karnal,Nissing,Wheat,Other,FAQ,23/04/2014,1400,1400,1400,1
Haryana,Karnal,Nissing,Wheat,Other,FAQ,07/04/2007,750,870,750,1
Haryana,Karnal,Nissing,Wheat,Other,FAQ,18/04/2007,850,865,850,1
Haryana,Karnal,Nissing,Wheat,Other,FAQ,25/04/2007,850,855,850,1
Haryana,Karnal,Nissing,Wheat,Other,FAQ,07/05/2007,850,855,850,1
Haryana,Karnal,Nissing,Wheat,Other,FAQ,08/05/2007,850,855,850,1
Haryana,Karnal,Nissing,Wheat,Other,FAQ,17/05/2007,850,850,850,1
Haryana,Karnal,Nissing,Wheat,Other,FAQ,21/05/2007,850,850,850,1
Haryana,Karnal,Nissing,Wheat,Other,FAQ,26/05/2007,850,850,850,1
Haryana,Karnal,Nissing,Wheat,Other,FAQ,06/06/2007,850,850,850,1
Haryana,Karnal,Nissing,Wheat,147 Average,FAQ,14/04/2025,2425,2425,2425,1
Haryana,Karnal,Nissing,Wheat,147 Average,FAQ,19/04/2025,2425,2425,2425,1
Haryana,Karnal,Nissing,Wheat,147 Average,FAQ,21/04/2025,2425,2425,2425,1
Haryana,Karnal,Nissing,Wheat,147 Average,FAQ,25/04/2025,2425,2425,2425,1
Haryana,Karnal,Nissing,Wheat,147 Average,FAQ,27/04/2025,2425,2425,2425,1
Haryana,Karnal,Nissing,Wheat,Other,FAQ,21/04/2013,1350,1350,1350,1
Haryana,Karnal,Nissing,Wheat,Other,FAQ,23/04/2013,1350,1350,1350,1
Haryana,Karnal,Nissing,Wheat,Other,FAQ,06/05/2013,1350,1350,1350,1
Haryana,Karnal,Nissing,Wheat,Other,FAQ,14/04/2014,1400,1400,1400,1
Haryana,Karnal,Nissing,Wheat,Other,FAQ,19/04/2014,1400,1400,1400,1
Haryana,Karnal,Nissing,Wheat,Other,FAQ,20/04/2014,1400,1400,1400,1
Haryana,Karnal,Nissing,Wheat,Other,FAQ,24/04/2014,1400,1400,1400,1
Haryana,Karnal,Nissing,Wheat,Other,FAQ,25/04/2014,1400,1400,1400,1
Haryana,Karnal,Nissing,Wheat,Other,FAQ,08/05/2014,1400,1400,1400,1
Haryana,Karnal,Nissing,Wheat,Other,FAQ,23/04/2012,1285,1285,1285,1
Haryana,Karnal,Nissing,Wheat,Other,FAQ,24/04/2012,1285,1285,1285,1
Haryana,Karnal,Nissing,Wheat,Other,FAQ,25/04/2012,1285,1285,1285,1
Haryana,Karnal,Nissing,Wheat,Other,FAQ,14/05/2012,1285,1285,1285,1
Haryana,Karnal,Nissing,Wheat,Kanak,FAQ,04/04/2009,1080,1080,1080,1
Haryana,Karnal,Nissing,Wheat,Kanak,FAQ,12/04/2009,1080,1080,1080,1
Haryana,Karnal,Nissing,Wheat,Kanak,FAQ,23/04/2009,1080,1080,1080,1
Haryana,Karnal,Nissing,Wheat,Kanak,FAQ,25/04/2009,1080,1080,1080,1
Haryana,Karnal,Nissing,Wheat,Kanak,FAQ,28/04/2009,1080,1080,1080,1
Haryana,Karnal,Nissing,Wheat,Kanak,FAQ,01/05/2009,1080,1080,1080,1
Haryana,Karnal,Nissing,Wheat,Other,FAQ,13/04/2007,850,860,850,1
Haryana,Karnal,Nissing,Wheat,Other,FAQ,14/04/2007,850,865,850,1
Haryana,Karnal,Nissing,Wheat,Other,FAQ,24/04/2007,850,855,850,1
Haryana,Karnal,Nissing,Wheat,Other,FAQ,26/04/2007,850,855,850,1
Haryana,Karnal,Nissing,Wheat,Other,FAQ,28/04/2007,850,855,850,1
Haryana,Karnal,Nissing,Wheat,Other,FAQ,29/04/2007,850,855,850,1
Haryana,Karnal,Nissing,Wheat,Other,FAQ,01/05/2007,850,855,850,1
Haryana,Karnal,Nissing,Wheat,Other,FAQ,03/05/2007,850,855,850,1
Haryana,Karnal,Nissing,Wheat,Other,FAQ,05/05/2007,850,855,850,1
Haryana,Karnal,Nissing,Wheat,Other,FAQ,11/05/2007,850,855,850,1
Haryana,Karnal,Nissing,Wheat,Other,FAQ,27/05/2007,850,850,850,1
Haryana,Karnal,Nissing,Wheat,Other,FAQ,28/05/2007,850,850,850,1
Haryana,Karnal,Nissing,Wheat,Other,FAQ,29/05/2007,850,850,850,1
Haryana,Karnal,Nissing,Wheat,Other,FAQ,30/05/2007,850,850,850,1
Haryana,Karnal,Nissing,Wheat,Other,FAQ,10/06/2007,850,850,850,1
Haryana,Karnal,Nissing,Wheat,Kanak,FAQ,15/04/2011,1120,1120,1120,1
Haryana,Karnal,Nissing,Wheat,Kanak,FAQ,24/04/2011,1120,1120,1120,1
Haryana,Karnal,Nissing,Wheat,Kanak,FAQ,25/04/2011,1120,1120,1120,1
Haryana,Karnal,Nissing,Wheat,Kanak,FAQ,27/04/2011,1120,1120,1120,1
Haryana,Karnal,Nissing,Wheat,Kanak,FAQ,04/05/2011,1120,1120,1120,1
Haryana,Karnal,Nissing,Wheat,Kanak,FAQ,06/05/2011,1120,1120,1120,1
Haryana,Karnal,Nissing,Wheat,Kanak,FAQ,07/05/2011,1120,1120,1120,1
Haryana,Karnal,Nissing,Wheat,Other,FAQ,04/04/2006,650,650,650,1
Haryana,Karnal,Nissing,Wheat,Other,FAQ,06/04/2006,650,651,650,1
Haryana,Karnal,Nissing,Wheat,Other,FAQ,07/04/2006,650,655,650,1
Haryana,Karnal,Nissing,Wheat,Other,FAQ,18/04/2006,650,675,650,1
Haryana,Karnal,Nissing,Wheat,Other,FAQ,21/04/2006,650,702,650,1
Haryana,Karnal,Nissing,Wheat,Other,FAQ,06/04/2010,1100,1100,1100,1
Haryana,Karnal,Nissing,Wheat,Other,FAQ,10/04/2010,1100,1100,1100,1
Haryana,Karnal,Nissing,Wheat,Other,FAQ,16/04/2010,1100,1100,1100,1
Haryana,Karnal,Nissing,Wheat,Other,FAQ,22/04/2010,1100,1100,1100,1
Haryana,Karnal,Nissing,Wheat,Other,FAQ,23/04/2010,1100,1100,1100,1
Haryana,Karnal,Nissing,Wheat,Other,FAQ,28/04/2010,1100,1100,1100,1
Haryana,Karnal,Nissing,Wheat,Other,FAQ,01/05/2010,1100,1100,1100,1
Haryana,Karnal,Nissing,Wheat,Other,FAQ,22/04/2008,1000,1005,1000,1
Haryana,Karnal,Nissing,Wheat,Other,FAQ,23/04/2008,1000,1005,1000,1
Haryana,Karnal,Nissing,Wheat,Other,FAQ,24/04/2008,1000,1005,1000,1
Haryana,Karnal,Nissing,Wheat,Other,FAQ,27/04/2008,1000,1005,1000,1
Haryana,Karnal,Nissing,Wheat,Other,FAQ,23/05/2008,1000,1000,1000,1
Haryana,Karnal,Nissing,Wheat,Other,FAQ,26/05/2008,1000,1000,1000,1
Haryana,Karnal,Nissing,Wheat,Other,FAQ,28/05/2008,1000,1000,1000,1
Haryana,Karnal,Nissing,Wheat,147 Average,FAQ,12/04/2025,2425,2425,2425,1
Haryana,Karnal,Nissing,Wheat,147 Average,FAQ,22/04/2025,2425,2425,2425,1
Haryana,Karnal,Nissing,Wheat,147 Average,FAQ,24/04/2025,2425,2425,2425,1
Haryana,Karnal,Nissing,Wheat,Other,FAQ,01/04/2007,875,875,875,1
Haryana,Karnal,Nissing,Wheat,Other,FAQ,02/04/2007,861,878,875,1
Haryana,Karnal,Nissing,Wheat,Other,FAQ,05/04/2007,750,870,850,1
Haryana,Karnal,Nissing,Wheat,Other,FAQ,09/04/2007,750,855,750,1
Haryana,Karnal,Nissing,Wheat,Other,FAQ,10/04/2007,750,865,750,1
Haryana,Karnal,Nissing,Wheat,Other,FAQ,11/04/2007,750,862,750,1
Haryana,Karnal,Nissing,Wheat,Other,FAQ,15/04/2007,850,865,850,1
Haryana,Karnal,Nissing,Wheat,Other,FAQ,16/04/2007,850,865,850,1
Haryana,Karnal,Nissing,Wheat,Other,FAQ,04/05/2007,850,855,850,1
Haryana,Karnal,Nissing,Wheat,Other,FAQ,06/05/2007,850,855,850,1
Haryana,Karnal,Nissing,Wheat,Other,FAQ,10/05/2007,850,855,850,1
Haryana,Karnal,Nissing,Wheat,Other,FAQ,15/05/2007,850,855,850,1
Haryana,Karnal,Nissing,Wheat,Other,FAQ,16/05/2007,850,850,850,1
Haryana,Karnal,Nissing,Wheat,Other,FAQ,19/05/2007,850,850,850,1
Haryana,Karnal,Nissing,Wheat,Other,FAQ,22/05/2007,850,850,850,1
Haryana,Karnal,Nissing,Wheat,Other,FAQ,15/06/2007,850,850,850,1
Haryana,Karnal,Nissing,Wheat,Other,FAQ,28/04/2014,1400,1400,1400,1
Haryana,Karnal,Nissing,Wheat,Other,FAQ,18/04/2013,1350,1350,1350,1
Haryana,Karnal,Nissing,Wheat,Other,FAQ,19/04/2013,1350,1350,1350,1
Haryana,Karnal,Nissing,Wheat,Other,FAQ,22/04/2013,1350,1350,1350,1
Haryana,Karnal,Nissing,Wheat,Other,FAQ,26/04/2013,1350,1350,1350,1
Haryana,Karnal,Nissing,Wheat,Other,FAQ,08/05/2013,1350,1350,1350,1
Haryana,Karnal,Nissing,Wheat,Other,FAQ,17/04/2014,1400,1400,1400,1
Haryana,Karnal,Nissing,Wheat,Other,FAQ,21/04/2014,1400,1400,1400,1
Haryana,Karnal,Nissing,Wheat,Other,FAQ,22/04/2014,1400,1400,1400,1
Haryana,Karnal,Nissing,Wheat,Kanak,FAQ,11/04/2011,1120,1120,1120,1
Haryana,Karnal,Nissing,Wheat,Kanak,FAQ,12/04/2011,1120,1120,1120,1
Haryana,Karnal,Nissing,Wheat,Kanak,FAQ,03/05/2011,1120,1120,1120,1
Haryana,Karnal,Nissing,Wheat,Other,FAQ,14/05/2011,1120,1120,1120,1
Haryana,Karnal,Nissing,Wheat,Other,FAQ,13/04/2010,1100,1100,1100,1
Haryana,Karnal,Nissing,Wheat,Other,FAQ,15/04/2010,1100,1100,1100,1
Haryana,Karnal,Nissing,Wheat,Other,FAQ,18/04/2010,1100,1100,1100,1
Haryana,Karnal,Nissing,Wheat,Other,FAQ,21/04/2010,1100,1100,1100,1
Haryana,Karnal,Nissing,Wheat,Other,FAQ,25/04/2010,1100,1100,1100,1
Haryana,Karnal,Nissing,Wheat,Other,FAQ,30/04/2010,1100,1100,1100,1
Haryana,Karnal,Nissing,Wheat,Other,FAQ,08/04/2006,650,655,650,1
Haryana,Karnal,Nissing,Wheat,Other,FAQ,17/04/2006,650,671,650,1
Haryana,Karnal,Nissing,Wheat,Other,FAQ,20/04/2006,650,695,650,1
Haryana,Karnal,Nissing,Wheat,Other,FAQ,29/04/2006,701,701,701,1
Haryana,Karnal,Nissing,Wheat,Other,FAQ,11/04/2012,1285,1285,1285,1
Haryana,Karnal,Nissing,Wheat,Other,FAQ,15/04/2012,1285,1285,1285,1
Haryana,Karnal,Nissing,Wheat,Other,FAQ,16/04/2012,1285,1285,1285,1
Haryana,Karnal,Nissing,Wheat,Other,FAQ,18/04/2012,1285,1285,1285,1
Haryana,Karnal,Nissing,Wheat,Other,FAQ,21/04/2012,1285,1285,1285,1
Haryana,Karnal,Nissing,Wheat,Other,FAQ,22/04/2012,1285,1285,1285,1
Haryana,Karnal,Nissing,Wheat,Other,FAQ,28/04/2012,1285,1285,1285,1
Haryana,Karnal,Nissing,Wheat,Other,FAQ,02/05/2012,1285,1285,1285,1
Haryana,Karnal,Nissing,Wheat,Other,FAQ,11/05/2012,1285,1285,1285,1
Haryana,Karnal,Nissing,Wheat,Other,FAQ,22/05/2012,1285,1285,1285,1
Haryana,Karnal,Nissing,Wheat,Kanak,FAQ,13/04/2009,1080,1080,1080,1
Haryana,Karnal,Nissing,Wheat,Kanak,FAQ,17/04/2009,1080,1080,1080,1
Haryana,Karnal,Nissing,Wheat,Kanak,FAQ,18/04/2009,1080,1080,1080,1
Haryana,Karnal,Nissing,Wheat,Kanak,FAQ,30/04/2009,1080,1080,1080,1
Haryana,Karnal,Nissing,Wheat,Kanak,FAQ,04/05/2009,1080,1080,1080,1
Haryana,Karnal,Nissing,Wheat,Other,FAQ,10/04/2008,1000,1000,1000,1
Haryana,Karnal,Nissing,Wheat,Other,FAQ,13/04/2008,1000,1000,1000,1
Haryana,Karnal,Nissing,Wheat,Other,FAQ,19/04/2008,1000,1005,1000,1
Haryana,Karnal,Nissing,Wheat,Other,FAQ,29/04/2008,1000,1005,1000,1
Haryana,Karnal,Nissing,Wheat,Other,FAQ,01/05/2008,1000,1000,1000,1
Haryana,Karnal,Nissing,Wheat,Other,FAQ,02/05/2008,1000,1000,1000,1
Haryana,Karnal,Nissing,Wheat,Other,FAQ,05/05/2008,1000,1000,1000,1
Haryana,Karnal,Nissing,Wheat,Other,FAQ,08/05/2008,1000,1005,1000,1
Haryana,Karnal,Nissing,Wheat,Other,FAQ,16/05/2008,1000,1000,1000,1
Haryana,Karnal,Nissing,Wheat,147 Average,FAQ,11/04/2025,2425,2425,2425,1
Haryana,Karnal,Nissing,Wheat,147 Average,FAQ,17/04/2025,2425,2425,2425,1
Haryana,Karnal,Nissing,Wheat,147 Average,FAQ,29/04/2025,2425,2425,2425,1
Haryana,Karnal,Nissing,Wheat,Kanak,FAQ,03/04/2009,1080,1080,1080,1
Haryana,Karnal,Nissing,Wheat,Kanak,FAQ,08/04/2009,1080,1080,1080,1
Haryana,Karnal,Nissing,Wheat,Kanak,FAQ,09/04/2009,1080,1080,1080,1
Haryana,Karnal,Nissing,Wheat,Kanak,FAQ,10/04/2009,1080,1080,1080,1
Haryana,Karnal,Nissing,Wheat,Kanak,FAQ,14/04/2009,1080,1080,1080,1
Haryana,Karnal,Nissing,Wheat,Kanak,FAQ,15/04/2009,1080,1080,1080,1
Haryana,Karnal,Nissing,Wheat,Kanak,FAQ,22/04/2009,1080,1080,1080,1
Haryana,Karnal,Nissing,Wheat,Kanak,FAQ,24/04/2009,1080,1080,1080,1
Haryana,Karnal,Nissing,Wheat,Other,FAQ,12/04/2008,1000,1000,1000,1
Haryana,Karnal,Nissing,Wheat,Other,FAQ,14/04/2008,1000,1000,1000,1
Haryana,Karnal,Nissing,Wheat,Other,FAQ,16/04/2008,1000,1005,1000,1
Haryana,Karnal,Nissing,Wheat,Other,FAQ,17/04/2008,1000,1005,1000,1
Haryana,Karnal,Nissing,Wheat,Other,FAQ,18/04/2008,1000,1005,1000,1
Haryana,Karnal,Nissing,Wheat,Other,FAQ,15/05/2008,1000,1000,1000,1
Haryana,Karnal,Nissing,Wheat,Other,FAQ,20/04/2013,1350,1350,1350,1
Haryana,Karnal,Nissing,Wheat,Other,FAQ,27/04/2013,1350,1350,1350,1
Haryana,Karnal,Nissing,Wheat,Other,FAQ,30/04/2013,1350,1350,1350,1
Haryana,Karnal,Nissing,Wheat,Kanak,FAQ,17/04/2011,1120,1120,1120,1
Haryana,Karnal,Nissing,Wheat,Kanak,FAQ,19/04/2011,1120,1120,1120,1
Haryana,Karnal,Nissing,Wheat,Kanak,FAQ,30/04/2011,1120,1120,1120,1
Haryana,Karnal,Nissing,Wheat,Kanak,FAQ,02/05/2011,1120,1120,1120,1
Haryana,Karnal,Nissing,Wheat,Kanak,FAQ,11/05/2011,1120,1120,1120,1
Haryana,Karnal,Nissing,Wheat,Other,FAQ,10/08/2011,1350,1550,1350,1
Haryana,Karnal,Nissing,Wheat,Other,FAQ,15/04/2014,1400,1400,1400,1
Haryana,Karnal,Nissing,Wheat,Other,FAQ,18/04/2014,1400,1400,1400,1
Haryana,Karnal,Nissing,Wheat,Other,FAQ,29/04/2014,1400,1400,1400,1
Haryana,Karnal,Nissing,Wheat,Other,FAQ,30/04/2014,1400,1400,1400,1
Haryana,Karnal,Nissing,Wheat,Other,FAQ,06/05/2014,1400,1400,1400,1
Haryana,Karnal,Nissing,Wheat,Other,FAQ,12/04/2012,1285,1285,1285,1
Haryana,Karnal,Nissing,Wheat,Other,FAQ,19/04/2012,1285,1285,1285,1
Haryana,Karnal,Nissing,Wheat,Other,FAQ,20/04/2012,1285,1285,1285,1
Haryana,Karnal,Nissing,Wheat,Other,FAQ,29/04/2012,1285,1285,1285,1
Haryana,Karnal,Nissing,Wheat,Other,FAQ,01/05/2012,1285,1285,1285,1
Haryana,Karnal,Nissing,Wheat,Other,FAQ,05/05/2012,1285,1285,1285,1
Haryana,Karnal,Nissing,Wheat,Other,FAQ,17/04/2010,1100,1100,1100,1
Haryana,Karnal,Nissing,Wheat,Other,FAQ,19/04/2010,1100,1100,1100,1
Haryana,Karnal,Nissing,Wheat,Other,FAQ,27/04/2010,1100,1100,1100,1
Haryana,Karnal,Nissing,Wheat,Other,FAQ,03/05/2010,1100,1100,1100,1
Haryana,Karnal,Nissing,Wheat,Other,FAQ,05/04/2006,650,651,650,1
Haryana,Karnal,Nissing,Wheat,Other,FAQ,14/04/2006,650,660,650,1
Haryana,Karnal,Nissing,Wheat,Other,FAQ,15/04/2006,650,660,650,1
Haryana,Karnal,Nissing,Wheat,Other,FAQ,22/04/2006,650,725,700,1
Haryana,Karnal,Nissing,Wheat,Other,FAQ,03/04/2007,850,855,850,1
Haryana,Karnal,Nissing,Wheat,Other,FAQ,21/04/2007,850,865,850,1
Haryana,Karnal,Nissing,Wheat,Other,FAQ,22/04/2007,850,865,850,1
Haryana,Karnal,Nissing,Wheat,Other,FAQ,12/05/2007,850,855,850,1
Haryana,Karnal,Nissing,Wheat,Other,FAQ,14/05/2007,850,850,850,1
Haryana,Karnal,Nissing,Wheat,Other,FAQ,18/05/2007,850,850,850,1
Haryana,Karnal,Nissing,Wheat,147 Average,FAQ,10/04/2025,2425,2425,2425,1
Haryana,Karnal,Nissing,Wheat,147 Average,FAQ,18/04/2025,2425,2425,2425,1
Haryana,Karnal,Nissing,Wheat,Other,FAQ,06/04/2007,750,870,850,1
Haryana,Karnal,Nissing,Wheat,Other,FAQ,08/04/2007,750,862,750,1
Haryana,Karnal,Nissing,Wheat,Other,FAQ,17/04/2007,750,865,750,1
Haryana,Karnal,Nissing,Wheat,Other,FAQ,19/04/2007,850,865,850,1
Haryana,Karnal,Nissing,Wheat,Other,FAQ,20/04/2007,850,865,850,1
Haryana,Karnal,Nissing,Wheat,Other,FAQ,23/04/2007,850,858,850,1
Haryana,Karnal,Nissing,Wheat,Other,FAQ,27/04/2007,850,860,850,1
Haryana,Karnal,Nissing,Wheat,Other,FAQ,30/04/2007,850,855,850,1
Haryana,Karnal,Nissing,Wheat,Other,FAQ,02/05/2007,850,855,850,1
Haryana,Karnal,Nissing,Wheat,Other,FAQ,20/05/2007,850,850,850,1
Haryana,Karnal,Nissing,Wheat,Other,FAQ,23/05/2007,850,850,850,1
Haryana,Karnal,Nissing,Wheat,Other,FAQ,24/05/2007,850,850,850,1
Haryana,Karnal,Nissing,Wheat,Other,FAQ,25/05/2007,850,850,850,1
Haryana,Karnal,Nissing,Wheat,Other,FAQ,31/05/2007,850,850,850,1
Haryana,Karnal,Nissing,Wheat,Other,FAQ,11/06/2007,850,850,850,1
Haryana,Karnal,Nissing,Wheat,Kanak,FAQ,13/04/2011,1120,1120,1120,1
Haryana,Karnal,Nissing,Wheat,Kanak,FAQ,16/04/2011,1120,1120,1120,1
Haryana,Karnal,Nissing,Wheat,Kanak,FAQ,18/04/2011,1120,1120,1120,1
Haryana,Karnal,Nissing,Wheat,Kanak,FAQ,20/04/2011,1120,1120,1120,1
Haryana,Karnal,Nissing,Wheat,Kanak,FAQ,21/04/2011,1120,1120,1120,1
Haryana,Karnal,Nissing,Wheat,Kanak,FAQ,22/04/2011,1120,1120,1120,1
Haryana,Karnal,Nissing,Wheat,Kanak,FAQ,23/04/2011,1120,1120,1120,1
Haryana,Karnal,Nissing,Wheat,Kanak,FAQ,29/04/2011,1120,1120,1120,1
Haryana,Karnal,Nissing,Wheat,Kanak,FAQ,12/05/2011,1120,1120,1120,1
Haryana,Karnal,Nissing,Wheat,Other,FAQ,16/05/2011,1120,1120,1120,1
Haryana,Karnal,Nissing,Wheat,Other,FAQ,13/04/2012,1285,1285,1285,1
Haryana,Karnal,Nissing,Wheat,Other,FAQ,15/05/2012,1285,1285,1285,1
Haryana,Karnal,Nissing,Wheat,Kanak,FAQ,05/04/2009,1080,1080,1080,1
Haryana,Karnal,Nissing,Wheat,Kanak,FAQ,06/04/2009,1080,1080,1080,1
Haryana,Karnal,Nissing,Wheat,Kanak,FAQ,16/04/2009,1080,1080,1080,1
Haryana,Karnal,Nissing,Wheat,Kanak,FAQ,21/04/2009,1080,1080,1080,1
Haryana,Karnal,Nissing,Wheat,Kanak,FAQ,27/04/2009,1080,1080,1080,1
Haryana,Karnal,Nissing,Wheat,Other,FAQ,24/04/2010,1100,1100,1100,1
Haryana,Karnal,Nissing,Wheat,Other,FAQ,29/04/2010,1100,1100,1100,1
Haryana,Karnal,Nissing,Wheat,Other,FAQ,16/04/2014,1400,1400,1400,1
Haryana,Karnal,Nissing,Wheat,Other,FAQ,26/04/2014,1400,1400,1400,1
Haryana,Karnal,Nissing,Wheat,Other,FAQ,02/05/2014,1400,1400,1400,1
Haryana,Karnal,Nissing,Wheat,Other,FAQ,05/05/2014,1400,1400,1400,1
Haryana,Karnal,Nissing,Wheat,Other,FAQ,12/04/2013,1350,1350,1350,1
Haryana,Karnal,Nissing,Wheat,Other,FAQ,13/04/2013,1350,1350,1350,1
Haryana,Karnal,Nissing,Wheat,Other,FAQ,16/04/2013,1350,1350,1350,1
Haryana,Karnal,Nissing,Wheat,Other,FAQ,24/04/2013,1350,1350,1350,1
Haryana,Karnal,Nissing,Wheat,Other,FAQ,25/04/2013,1350,1350,1350,1
Haryana,Karnal,Nissing,Wheat,Other,FAQ,09/04/2006,650,655,650,1
Haryana,Karnal,Nissing,Wheat,Other,FAQ,13/04/2006,650,660,650,1
Haryana,Karnal,Nissing,Wheat,Other,FAQ,19/04/2006,650,687,650,1
Haryana,Karnal,Nissing,Wheat,Other,FAQ,24/04/2006,650,720,700,1
Haryana,Karnal,Nissing,Wheat,Other,FAQ,26/04/2006,650,730,700,1
Haryana,Karnal,Nissing,Wheat,Other,FAQ,28/04/2006,705,730,705,1
Haryana,Karnal,Nissing,Wheat,Other,FAQ,08/04/2008,1000,1000,1000,1
Haryana,Karnal,Nissing,Wheat,Other,FAQ,11/04/2008,1000,1000,1000,1
Haryana,Karnal,Nissing,Wheat,Other,FAQ,20/04/2008,1000,1000,1000,1
Haryana,Karnal,Nissing,Wheat,Other,FAQ,21/04/2008,1000,1005,1000,1
Haryana,Karnal,Nissing,Wheat,Other,FAQ,09/05/2008,1000,1000,1000,1
Haryana,Karnal,Nissing,Wheat,147 Average,FAQ,20/04/2025,2425,2425,2425,1
Haryana,Karnal,Nissing,Wheat,147 Average,FAQ,26/04/2025,2425,2425,2425,1
Haryana,Karnal,Tarori,Wheat,Other,FAQ,23/04/2015,1450,1450,1450,1
Haryana,Karnal,Tarori,Wheat,Other,FAQ,14/04/2016,1525,1525,1525,1
Haryana,Karnal,Tarori,Wheat,Other,FAQ,28/04/2016,1525,1525,1525,1
Haryana,Karnal,Tarori,Wheat,Other,FAQ,05/05/2016,1525,1525,1525,1
Haryana,Karnal,Tarori,Wheat,Other,FAQ,12/05/2016,1525,1525,1525,1
Haryana,Karnal,Tarori,Wheat,Other,FAQ,06/04/2017,1625,1625,1625,1
Haryana,Karnal,Tarori,Wheat,Other,FAQ,09/04/2017,1625,1625,1625,1
Haryana,Karnal,Tarori,Wheat,Other,FAQ,27/04/2017,1625,1625,1625,1
Haryana,Karnal,Tarori,Wheat,Other,FAQ,04/05/2017,1625,1625,1625,1
Haryana,Karnal,Tarori,Wheat,Other,FAQ,08/05/2017,1625,1625,1625,1
Haryana,Karnal,Tarori,Wheat,Other,FAQ,16/05/2003,631,631,631,1
Haryana,Karnal,Tarori,Wheat,Other,FAQ,12/04/2012,1285,1285,1285,1
Haryana,Karnal,Tarori,Wheat,Other,FAQ,13/04/2012,1285,1285,1285,1
Haryana,Karnal,Tarori,Wheat,Other,FAQ,16/04/2012,1285,1285,1285,1
Haryana,Karnal,Tarori,Wheat,Other,FAQ,18/04/2012,1285,1285,1285,1
Haryana,Karnal,Tarori,Wheat,Other,FAQ,21/04/2012,1285,1285,1285,1
Haryana,Karnal,Tarori,Wheat,Other,FAQ,04/05/2012,1285,1285,1285,1
Haryana,Karnal,Tarori,Wheat,Other,FAQ,12/04/2011,1120,1125,1125,1
Haryana,Karnal,Tarori,Wheat,Other,FAQ,15/04/2011,1120,1225,1125,1
Haryana,Karnal,Tarori,Wheat,Other,FAQ,18/04/2011,1120,1225,1125,1
Haryana,Karnal,Tarori,Wheat,Other,FAQ,19/04/2011,1120,1125,1125,1
Haryana,Karnal,Tarori,Wheat,Other,FAQ,20/04/2011,1120,1125,1125,1
Haryana,Karnal,Tarori,Wheat,Other,FAQ,22/04/2011,1120,1125,1125,1
Haryana,Karnal,Tarori,Wheat,Other,FAQ,26/04/2011,1120,1125,1125,1
Haryana,Karnal,Tarori,Wheat,Other,FAQ,09/04/2010,1100,1100,1100,1
Haryana,Karnal,Tarori,Wheat,Other,FAQ,12/04/2010,1100,1105,1100,1
Haryana,Karnal,Tarori,Wheat,Other,FAQ,16/04/2010,1100,1105,1100,1
Haryana,Karnal,Tarori,Wheat,Other,FAQ,23/04/2010,1100,1100,1100,1
Haryana,Karnal,Tarori,Wheat,Other,FAQ,05/04/2009,1080,1080,1080,1
Haryana,Karnal,Tarori,Wheat,Other,FAQ,09/04/2009,1080,1080,1080,1
Haryana,Karnal,Tarori,Wheat,Other,FAQ,12/04/2009,1080,1080,1080,1
Haryana,Karnal,Tarori,Wheat,Other,FAQ,13/04/2009,1080,1080,1080,1
Haryana,Karnal,Tarori,Wheat,Other,FAQ,30/04/2009,1080,1080,1080,1
Haryana,Karnal,Tarori,Wheat,Other,FAQ,13/04/2008,1000,1000,1000,1
Haryana,Karnal,Tarori,Wheat,Other,FAQ,15/04/2008,1000,1005,1000,1
Haryana,Karnal,Tarori,Wheat,Other,FAQ,17/04/2008,1000,1005,1000,1
Haryana,Karnal,Tarori,Wheat,Other,FAQ,20/04/2008,1000,1005,1000,1
Haryana,Karnal,Tarori,Wheat,Other,FAQ,30/04/2008,1000,1005,1000,1
Haryana,Karnal,Tarori,Wheat,Other,FAQ,01/05/2008,1000,1005,1000,1
Haryana,Karnal,Tarori,Wheat,Other,FAQ,02/05/2008,1000,1005,1000,1
Haryana,Karnal,Tarori,Wheat,Other,FAQ,08/05/2008,1000,1005,1000,1
Haryana,Karnal,Tarori,Wheat,Dara,FAQ,13/04/2002,620,620,620,1
Haryana,Karnal,Tarori,Wheat,Dara,FAQ,16/04/2002,620,620,620,1
Haryana,Karnal,Tarori,Wheat,Dara,FAQ,18/04/2002,620,620,620,1
Haryana,Karnal,Tarori,Wheat,Dara,FAQ,22/04/2002,620,620,620,1
Haryana,Karnal,Tarori,Wheat,Dara,FAQ,29/04/2002,620,620,620,1
Haryana,Karnal,Tarori,Wheat,Dara,FAQ,07/05/2002,620,620,620,1
Haryana,Karnal,Tarori,Wheat,Dara,FAQ,08/05/2002,620,620,620,1
Haryana,Karnal,Tarori,Wheat,Other,FAQ,17/04/2004,630,631,630,1
Haryana,Karnal,Tarori,Wheat,Other,FAQ,29/04/2004,630,635,630,1
Haryana,Karnal,Tarori,Wheat,PBW-343,FAQ,07/01/2013,2300,2500,2400,1
Haryana,Karnal,Tarori,Wheat,WH-542,FAQ,18/04/2013,1350,1350,1350,1
Haryana,Karnal,Tarori,Wheat,WH-542,FAQ,26/04/2013,1350,1350,1350,1
Haryana,Karnal,Tarori,Wheat,WH-542,FAQ,27/04/2013,1350,1350,1350,1
Haryana,Karnal,Tarori,Wheat,WH-542,FAQ,02/05/2013,1350,1350,1350,1
Haryana,Karnal,Tarori,Wheat,PBW-343,FAQ,15/04/2014,1400,1400,1400,1
Haryana,Karnal,Tarori,Wheat,PBW-343,FAQ,18/04/2014,1400,1400,1400,1
Haryana,Karnal,Tarori,Wheat,PBW-343,FAQ,19/04/2014,1400,1400,1400,1
Haryana,Karnal,Tarori,Wheat,PBW-343,FAQ,25/04/2014,1400,1400,1400,1
Haryana,Karnal,Tarori,Wheat,PBW-343,FAQ,07/05/2014,1400,1400,1400,1
Haryana,Karnal,Tarori,Wheat,PBW-343,FAQ,08/05/2014,1400,1400,1400,1
Haryana,Karnal,Tarori,Wheat,WH-542,FAQ,13/04/2014,1400,1400,1400,1
Haryana,Karnal,Tarori,Wheat,Other,FAQ,06/04/2005,640,640,640,1
Haryana,Karnal,Tarori,Wheat,Other,FAQ,09/04/2005,640,640,640,1
Haryana,Karnal,Tarori,Wheat,Other,FAQ,12/04/2005,640,640,640,1
Haryana,Karnal,Tarori,Wheat,Other,FAQ,19/04/2005,640,640,640,1
Haryana,Karnal,Tarori,Wheat,Other,FAQ,20/04/2005,640,640,640,1
Haryana,Karnal,Tarori,Wheat,Other,FAQ,21/04/2005,640,640,640,1
Haryana,Karnal,Tarori,Wheat,Other,FAQ,19/04/2007,850,855,850,1
Haryana,Karnal,Tarori,Wheat,Other,FAQ,21/04/2007,850,855,850,1
Haryana,Karnal,Tarori,Wheat,Other,FAQ,23/04/2007,850,855,850,1
Haryana,Karnal,Tarori,Wheat,Other,FAQ,24/04/2007,850,855,850,1
Haryana,Karnal,Tarori,Wheat,Other,FAQ,13/04/2019,1840,1840,1840,1
Haryana,Karnal,Tarori,Wheat,Other,FAQ,25/04/2019,1840,1840,1840,1
Haryana,Karnal,Tarori,Wheat,Other,FAQ,08/04/2018,1735,1735,1735,1
Haryana,Karnal,Tarori,Wheat,Other,FAQ,15/04/2018,1735,1735,1735,1
Haryana,Karnal,Tarori,Wheat,Other,FAQ,17/04/2018,1735,1735,1735,1
Haryana,Karnal,Tarori,Wheat,Other,FAQ,18/04/2018,1735,1735,1735,1
Haryana,Karnal,Tarori,Wheat,Other,FAQ,25/04/2018,1735,1735,1735,1
Haryana,Karnal,Tarori,Wheat,Other,FAQ,27/04/2018,1735,1735,1735,1
Haryana,Karnal,Tarori,Wheat,Other,FAQ,13/04/2015,1450,1450,1450,1
Haryana,Karnal,Tarori,Wheat,Other,FAQ,14/04/2015,1450,1450,1450,1
Haryana,Karnal,Tarori,Wheat,Other,FAQ,16/04/2015,1450,1450,1450,1
Haryana,Karnal,Tarori,Wheat,Other,FAQ,26/04/2015,1450,1450,1450,1
Haryana,Karnal,Tarori,Wheat,Other,FAQ,27/04/2015,1450,1450,1450,1
Haryana,Karnal,Tarori,Wheat,Other,FAQ,28/04/2015,1450,1450,1450,1
Haryana,Karnal,Tarori,Wheat,Other,FAQ,09/05/2015,1450,1450,1450,1
Haryana,Karnal,Tarori,Wheat,Other,FAQ,12/05/2015,1450,1450,1450,1
Haryana,Karnal,Tarori,Wheat,Other,FAQ,14/05/2015,1450,1450,1450,1
Haryana,Karnal,Tarori,Wheat,Other,FAQ,16/04/2013,1350,1350,1350,1
Haryana,Karnal,Tarori,Wheat,Other,FAQ,18/04/2013,1355,1355,1355,1
Haryana,Karnal,Tarori,Wheat,Other,FAQ,25/04/2013,1355,1355,1355,1
Haryana,Karnal,Tarori,Wheat,PBW-343,FAQ,13/04/2013,1350,1350,1350,1
Haryana,Karnal,Tarori,Wheat,WH-542,FAQ,07/01/2013,1250,1350,1250,1
Haryana,Karnal,Tarori,Wheat,WH-542,FAQ,23/04/2013,1350,1350,1350,1
Haryana,Karnal,Tarori,Wheat,PBW-343,FAQ,21/04/2014,1400,1400,1400,1
Haryana,Karnal,Tarori,Wheat,PBW-343,FAQ,02/05/2014,1400,1400,1400,1
Haryana,Karnal,Tarori,Wheat,Other,FAQ,09/04/2018,1735,1735,1735,1
Haryana,Karnal,Tarori,Wheat,Other,FAQ,16/04/2018,1735,1735,1735,1
Haryana,Karnal,Tarori,Wheat,Other,FAQ,19/04/2018,1735,1735,1735,1
Haryana,Karnal,Tarori,Wheat,Other,FAQ,21/04/2018,1735,1735,1735,1
Haryana,Karnal,Tarori,Wheat,Other,FAQ,22/04/2018,1735,1735,1735,1
Haryana,Karnal,Tarori,Wheat,Other,FAQ,24/04/2018,1735,1735,1735,1
Haryana,Karnal,Tarori,Wheat,Other,FAQ,28/04/2018,1735,1735,1735,1
Haryana,Karnal,Tarori,Wheat,Other,FAQ,12/05/2018,1735,1735,1735,1
Haryana,Karnal,Tarori,Wheat,Other,FAQ,20/04/2019,1840,1840,1840,1
Haryana,Karnal,Tarori,Wheat,Other,FAQ,22/04/2019,1840,1840,1840,1
Haryana,Karnal,Tarori,Wheat,Other,FAQ,24/04/2019,1840,1840,1840,1
Haryana,Karnal,Tarori,Wheat,Other,FAQ,27/04/2019,1840,1840,1840,1
Haryana,Karnal,Tarori,Wheat,Other,FAQ,29/04/2019,1840,1840,1840,1
Haryana,Karnal,Tarori,Wheat,Other,FAQ,30/04/2019,1840,1840,1840,1
Haryana,Karnal,Tarori,Wheat,Other,FAQ,04/04/2016,1525,1525,1525,1
Haryana,Karnal,Tarori,Wheat,Other,FAQ,11/04/2016,1525,1525,1525,1
Haryana,Karnal,Tarori,Wheat,Other,FAQ,19/04/2016,1525,1525,1525,1
Haryana,Karnal,Tarori,Wheat,Other,FAQ,22/04/2016,1525,1525,1525,1
Haryana,Karnal,Tarori,Wheat,Other,FAQ,11/05/2016,1525,1525,1525,1
Haryana,Karnal,Tarori,Wheat,Other,FAQ,10/04/2012,1285,1285,1285,1
Haryana,Karnal,Tarori,Wheat,Other,FAQ,19/04/2012,1285,1285,1285,1
Haryana,Karnal,Tarori,Wheat,Other,FAQ,20/04/2012,1285,1285,1285,1
Haryana,Karnal,Tarori,Wheat,Other,FAQ,27/04/2012,1285,1285,1285,1
Haryana,Karnal,Tarori,Wheat,Other,FAQ,29/04/2012,1285,1285,1285,1
Haryana,Karnal,Tarori,Wheat,Other,FAQ,10/04/2017,1625,1625,1625,1
Haryana,Karnal,Tarori,Wheat,Other,FAQ,12/04/2017,1625,1625,1625,1
Haryana,Karnal,Tarori,Wheat,Other,FAQ,14/04/2017,1625,1625,1625,1
Haryana,Karnal,Tarori,Wheat,Other,FAQ,15/04/2017,1625,1625,1625,1
Haryana,Karnal,Tarori,Wheat,Other,FAQ,21/04/2017,1625,1625,1625,1
Haryana,Karnal,Tarori,Wheat,Other,FAQ,24/04/2017,1625,1625,1625,1
Haryana,Karnal,Tarori,Wheat,Other,FAQ,01/05/2017,1625,1625,1625,1
Haryana,Karnal,Tarori,Wheat,Other,FAQ,04/04/2009,1080,1080,1080,1
Haryana,Karnal,Tarori,Wheat,Other,FAQ,16/04/2009,1080,1080,1080,1
Haryana,Karnal,Tarori,Wheat,Other,FAQ,20/04/2009,1080,1080,1080,1
Haryana,Karnal,Tarori,Wheat,Other,FAQ,22/04/2009,1080,1080,1080,1
Haryana,Karnal,Tarori,Wheat,Other,FAQ,27/04/2009,1080,1080,1080,1
Haryana,Karnal,Tarori,Wheat,Other,FAQ,29/04/2009,1080,1080,1080,1
Haryana,Karnal,Tarori,Wheat,Dara,FAQ,17/04/2002,620,620,620,1
Haryana,Karnal,Tarori,Wheat,Dara,FAQ,19/04/2002,620,620,620,1
Haryana,Karnal,Tarori,Wheat,Dara,FAQ,21/04/2002,620,620,620,1
Haryana,Karnal,Tarori,Wheat,Dara,FAQ,23/04/2002,620,620,620,1
Haryana,Karnal,Tarori,Wheat,Dara,FAQ,25/04/2002,620,620,620,1
Haryana,Karnal,Tarori,Wheat,Other,FAQ,13/05/2003,630,631,630,1
Haryana,Karnal,Tarori,Wheat,Other,FAQ,15/05/2003,620,631,620,1
Haryana,Karnal,Tarori,Wheat,Other,FAQ,19/05/2003,631,631,631,1
Haryana,Karnal,Tarori,Wheat,Other,FAQ,07/04/2005,640,640,640,1
Haryana,Karnal,Tarori,Wheat,Other,FAQ,13/04/2005,640,640,640,1
Haryana,Karnal,Tarori,Wheat,Other,FAQ,18/04/2005,640,640,640,1
Haryana,Karnal,Tarori,Wheat,Other,FAQ,24/04/2005,640,640,640,1
Haryana,Karnal,Tarori,Wheat,Other,FAQ,26/04/2005,640,640,640,1
Haryana,Karnal,Tarori,Wheat,Other,FAQ,28/04/2005,640,640,640,1
Haryana,Karnal,Tarori,Wheat,Other,FAQ,03/05/2005,640,640,640,1
Haryana,Karnal,Tarori,Wheat,Other,FAQ,06/04/2007,850,860,850,1
Haryana,Karnal,Tarori,Wheat,Other,FAQ,08/04/2007,850,860,850,1
Haryana,Karnal,Tarori,Wheat,Other,FAQ,09/04/2007,850,860,850,1
Haryana,Karnal,Tarori,Wheat,Other,FAQ,10/04/2007,850,860,850,1
Haryana,Karnal,Tarori,Wheat,Other,FAQ,22/04/2007,850,855,850,1
Haryana,Karnal,Tarori,Wheat,Other,FAQ,16/04/2011,1120,1125,1125,1
Haryana,Karnal,Tarori,Wheat,Other,FAQ,30/04/2011,1120,1125,1125,1
Haryana,Karnal,Tarori,Wheat,Other,FAQ,02/05/2011,1120,1125,1125,1
Haryana,Karnal,Tarori,Wheat,Other,FAQ,03/05/2011,1120,1125,1125,1
Haryana,Karnal,Tarori,Wheat,Other,FAQ,12/05/2011,1120,1125,1125,1
Haryana,Karnal,Tarori,Wheat,Other,FAQ,14/04/2004,630,631,630,1
Haryana,Karnal,Tarori,Wheat,Other,FAQ,19/04/2004,630,631,630,1
Haryana,Karnal,Tarori,Wheat,Other,FAQ,22/04/2004,630,630,630,1
Haryana,Karnal,Tarori,Wheat,Other,FAQ,23/04/2004,630,631,630,1
Haryana,Karnal,Tarori,Wheat,Other,FAQ,24/04/2004,630,635,630,1
Haryana,Karnal,Tarori,Wheat,Other,FAQ,08/04/2010,1100,1100,1100,1
Haryana,Karnal,Tarori,Wheat,Other,FAQ,11/04/2010,1100,1100,1100,1
Haryana,Karnal,Tarori,Wheat,Other,FAQ,24/04/2010,1100,1100,1100,1
Haryana,Karnal,Tarori,Wheat,Other,FAQ,26/04/2010,1100,1100,1100,1
Haryana,Karnal,Tarori,Wheat,Other,FAQ,14/04/2008,1000,1005,1000,1
Haryana,Karnal,Tarori,Wheat,Other,FAQ,16/04/2008,1000,1005,1000,1
Haryana,Karnal,Tarori,Wheat,Other,FAQ,23/04/2008,1000,1005,1000,1
Haryana,Karnal,Tarori,Wheat,Other,FAQ,25/04/2008,1000,1005,1000,1
Haryana,Karnal,Tarori,Wheat,Other,FAQ,27/04/2008,1000,1005,1000,1
Haryana,Karnal,Tarori,Wheat,Other,FAQ,29/04/2008,1000,1005,1000,1
Haryana,Karnal,Tarori,Wheat,Other,FAQ,19/05/2008,1000,1005,1000,1
Haryana,Karnal,Tarori,Wheat,Other,FAQ,23/05/2008,1000,1005,1000,1
Haryana,Karnal,Tarori,Wheat,Other,FAQ,24/05/2008,1000,1005,1000,1
Haryana,Karnal,Tarori,Wheat,Other,FAQ,29/05/2008,1000,1005,1000,1
Haryana,Karnal,Tarori,Wheat,Other,FAQ,30/05/2008,1000,1000,1000,1
Haryana,Karnal,Tarori,Wheat,Other,FAQ,02/06/2008,1000,1000,1000,1
Haryana,Karnal,Tarori,Wheat,Other,FAQ,05/04/2007,850,860,850,1
Haryana,Karnal,Tarori,Wheat,Other,FAQ,07/04/2007,850,860,850,1
Haryana,Karnal,Tarori,Wheat,Other,FAQ,12/04/2007,850,855,850,1
Haryana,Karnal,Tarori,Wheat,Other,FAQ,13/04/2007,850,855,850,1
Haryana,Karnal,Tarori,Wheat,Other,FAQ,16/04/2007,850,855,850,1
Haryana,Karnal,Tarori,Wheat,PBW-343,FAQ,28/04/2014,1400,1400,1400,1
Haryana,Karnal,Tarori,Wheat,PBW-343,FAQ,29/04/2014,1400,1400,1400,1
Haryana,Karnal,Tarori,Wheat,PBW-343,FAQ,05/05/2014,1400,1400,1400,1
Haryana,Karnal,Tarori,Wheat,PBW-343,FAQ,06/05/2014,1400,1400,1400,1
Haryana,Karnal,Tarori,Wheat,PBW-343,FAQ,12/05/2014,1400,1400,1400,1
Haryana,Karnal,Tarori,Wheat,Other,FAQ,12/04/2013,1350,1350,1350,1
Haryana,Karnal,Tarori,Wheat,WH-542,FAQ,22/04/2013,1350,1350,1350,1
Haryana,Karnal,Tarori,Wheat,WH-542,FAQ,24/04/2013,1350,1350,1350,1
Haryana,Karnal,Tarori,Wheat,WH-542,FAQ,25/04/2013,1350,1350,1350,1
Haryana,Karnal,Tarori,Wheat,WH-542,FAQ,29/04/2013,1350,1350,1350,1
Haryana,Karnal,Tarori,Wheat,WH-542,FAQ,01/05/2013,1350,1350,1350,1
Haryana,Karnal,Tarori,Wheat,WH-542,FAQ,03/05/2013,1350,1350,1350,1
Haryana,Karnal,Tarori,Wheat,WH-542,FAQ,04/05/2013,1350,1350,1350,1
Haryana,Karnal,Tarori,Wheat,WH-542,FAQ,10/05/2013,1350,1350,1350,1
Haryana,Karnal,Tarori,Wheat,Other,FAQ,11/05/2011,1120,1125,1125,1
Haryana,Karnal,Tarori,Wheat,Other,FAQ,14/04/2011,1120,1125,1125,1
Haryana,Karnal,Tarori,Wheat,Other,FAQ,04/05/2011,1120,1125,1125,1
Haryana,Karnal,Tarori,Wheat,Other,FAQ,08/05/2011,1120,1125,1125,1
Haryana,Karnal,Tarori,Wheat,Other,FAQ,09/05/2011,1120,1125,1125,1
Haryana,Karnal,Tarori,Wheat,Other,FAQ,10/05/2011,1120,1125,1125,1
Haryana,Karnal,Tarori,Wheat,Other,FAQ,06/04/2010,1100,1100,1100,1
Haryana,Karnal,Tarori,Wheat,Other,FAQ,07/04/2010,1100,1100,1100,1
Haryana,Karnal,Tarori,Wheat,Other,FAQ,17/04/2010,1100,1105,1100,1
Haryana,Karnal,Tarori,Wheat,Other,FAQ,21/04/2010,1100,1100,1100,1
Haryana,Karnal,Tarori,Wheat,Other,FAQ,25/04/2010,1100,1100,1100,1
Haryana,Karnal,Tarori,Wheat,Other,FAQ,28/04/2010,1100,1100,1100,1
Haryana,Karnal,Tarori,Wheat,Other,FAQ,15/04/2004,630,631,630,1
Haryana,Karnal,Tarori,Wheat,Other,FAQ,16/04/2004,630,631,630,1
Haryana,Karnal,Tarori,Wheat,Other,FAQ,03/04/2016,1525,1525,1525,1
Haryana,Karnal,Tarori,Wheat,Other,FAQ,06/04/2016,1525,1525,1525,1
Haryana,Karnal,Tarori,Wheat,Other,FAQ,20/04/2016,1525,1525,1525,1
Haryana,Karnal,Tarori,Wheat,Other,FAQ,25/04/2016,1525,1525,1525,1
Haryana,Karnal,Tarori,Wheat,Other,FAQ,29/04/2016,1525,1525,1525,1
Haryana,Karnal,Tarori,Wheat,Other,FAQ,30/04/2016,1525,1525,1525,1
Haryana,Karnal,Tarori,Wheat,Other,FAQ,11/04/2015,1450,1450,1450,1
Haryana,Karnal,Tarori,Wheat,Other,FAQ,18/04/2015,1450,1450,1450,1
Haryana,Karnal,Tarori,Wheat,Other,FAQ,30/04/2015,1450,1450,1450,1
Haryana,Karnal,Tarori,Wheat,Other,FAQ,05/05/2015,1450,1450,1450,1
Haryana,Karnal,Tarori,Wheat,Other,FAQ,11/05/2015,1450,1450,1450,1
Haryana,Karnal,Tarori,Wheat,Other,FAQ,21/05/2003,631,631,631,1
Haryana,Karnal,Tarori,Wheat,Other,FAQ,11/06/2003,630,633,631,1
Haryana,Karnal,Tarori,Wheat,Other,FAQ,06/04/2006,650,700,680,1
Haryana,Karnal,Tarori,Wheat,Other,FAQ,08/04/2006,650,700,680,1
Haryana,Karnal,Tarori,Wheat,Dara,FAQ,26/04/2002,620,620,620,1
Haryana,Karnal,Tarori,Wheat,Dara,FAQ,30/04/2002,620,620,620,1
Haryana,Karnal,Tarori,Wheat,Dara,FAQ,03/05/2002,620,620,620,1
Haryana,Karnal,Tarori,Wheat,Dara,FAQ,04/05/2002,620,620,620,1
Haryana,Karnal,Tarori,Wheat,Dara,FAQ,06/05/2002,620,620,620,1
Haryana,Karnal,Tarori,Wheat,Other,FAQ,02/02/2005,975,1375,1000,1
Haryana,Karnal,Tarori,Wheat,Other,FAQ,11/04/2005,640,640,640,1
Haryana,Karnal,Tarori,Wheat,Other,FAQ,15/04/2005,640,640,640,1
Haryana,Karnal,Tarori,Wheat,Other,FAQ,22/04/2005,640,640,640,1
Haryana,Karnal,Tarori,Wheat,Other,FAQ,30/04/2005,640,640,640,1
Haryana,Karnal,Tarori,Wheat,Other,FAQ,02/05/2005,640,640,640,1
Haryana,Karnal,Tarori,Wheat,Other,FAQ,21/07/2005,388,1075,550,1
Haryana,Karnal,Tarori,Wheat,Other,FAQ,14/04/2012,1285,1285,1285,1
Haryana,Karnal,Tarori,Wheat,Other,FAQ,15/04/2012,1285,1285,1285,1
Haryana,Karnal,Tarori,Wheat,Other,FAQ,17/04/2012,1285,1285,1285,1
Haryana,Karnal,Tarori,Wheat,Other,FAQ,24/04/2012,1285,1285,1285,1
Haryana,Karnal,Tarori,Wheat,Other,FAQ,01/05/2012,1285,1285,1285,1
Haryana,Karnal,Tarori,Wheat,Other,FAQ,09/05/2012,1285,1285,1285,1
Haryana,Karnal,Tarori,Wheat,Other,FAQ,06/09/2012,1100,2300,1500,1
Haryana,Karnal,Tarori,Wheat,Other,FAQ,03/04/2009,1080,1080,1080,1
Haryana,Karnal,Tarori,Wheat,Other,FAQ,10/04/2009,1080,1080,1080,1
Haryana,Karnal,Tarori,Wheat,Other,FAQ,18/04/2009,1080,1080,1080,1
Haryana,Karnal,Tarori,Wheat,Other,FAQ,21/04/2009,1080,1080,1080,1
Haryana,Karnal,Tarori,Wheat,Other,FAQ,23/04/2009,1080,1080,1080,1
Haryana,Karnal,Tarori,Wheat,Other,FAQ,24/04/2009,1080,1080,1080,1
Haryana,Karnal,Tarori,Wheat,Other,FAQ,12/05/2008,1000,1005,1000,1
Haryana,Karnal,Tarori,Wheat,Other,FAQ,13/05/2008,1000,1005,1000,1
Haryana,Karnal,Tarori,Wheat,Other,FAQ,15/05/2008,1000,1005,1000,1
Haryana,Karnal,Tarori,Wheat,Other,FAQ,16/05/2008,1000,1005,1000,1
Haryana,Karnal,Tarori,Wheat,Other,FAQ,21/05/2008,1000,1005,1000,1
Haryana,Karnal,Tarori,Wheat,Other,FAQ,08/04/2017,1625,1625,1625,1
Haryana,Karnal,Tarori,Wheat,Other,FAQ,26/04/2017,1625,1625,1625,1
Haryana,Karnal,Tarori,Wheat,Other,FAQ,10/04/2018,1735,1735,1735,1
Haryana,Karnal,Tarori,Wheat,Other,FAQ,12/04/2018,1735,1735,1735,1
Haryana,Karnal,Tarori,Wheat,Other,FAQ,13/04/2018,1735,1735,1735,1
Haryana,Karnal,Tarori,Wheat,Other,FAQ,01/05/2018,1735,1735,1735,1
Haryana,Karnal,Tarori,Wheat,Other,FAQ,15/04/2019,1840,1840,1840,1
Haryana,Karnal,Tarori,Wheat,Other,FAQ,26/04/2019,1840,1840,1840,1
Haryana,Karnal,Tarori,Wheat,Other,FAQ,17/04/2015,1450,1450,1450,1
Haryana,Karnal,Tarori,Wheat,Other,FAQ,19/04/2015,1450,1450,1450,1
Haryana,Karnal,Tarori,Wheat,Other,FAQ,22/04/2015,1450,1450,1450,1
Haryana,Karnal,Tarori,Wheat,Other,FAQ,25/04/2015,1450,1450,1450,1
Haryana,Karnal,Tarori,Wheat,Other,FAQ,01/05/2015,1450,1450,1450,1
Haryana,Karnal,Tarori,Wheat,Other,FAQ,20/04/2004,630,631,630,1
Haryana,Karnal,Tarori,Wheat,Other,FAQ,08/04/2005,640,640,640,1
Haryana,Karnal,Tarori,Wheat,Other,FAQ,23/04/2005,640,640,640,1
Haryana,Karnal,Tarori,Wheat,Other,FAQ,25/04/2005,640,640,640,1
Haryana,Karnal,Tarori,Wheat,Other,FAQ,29/04/2005,640,640,640,1
Haryana,Karnal,Tarori,Wheat,Other,FAQ,05/05/2005,640,640,640,1
Haryana,Karnal,Tarori,Wheat,Other,FAQ,04/09/2005,500,803,640,1
Haryana,Karnal,Tarori,Wheat,Other,FAQ,12/05/2003,630,631,630,1
Haryana,Karnal,Tarori,Wheat,Other,FAQ,28/05/2003,631,632,631,1
Haryana,Karnal,Tarori,Wheat,Other,FAQ,07/04/2009,1080,1080,1080,1
Haryana,Karnal,Tarori,Wheat,Other,FAQ,08/04/2009,1080,1080,1080,1
Haryana,Karnal,Tarori,Wheat,Other,FAQ,11/04/2009,1080,1080,1080,1
Haryana,Karnal,Tarori,Wheat,Other,FAQ,14/04/2009,1080,1080,1080,1
Haryana,Karnal,Tarori,Wheat,Other,FAQ,17/04/2009,1080,1080,1080,1
Haryana,Karnal,Tarori,Wheat,Other,FAQ,28/04/2009,1080,1080,1080,1
Haryana,Karnal,Tarori,Wheat,Other,FAQ,07/04/2017,1625,1625,1625,1
Haryana,Karnal,Tarori,Wheat,Other,FAQ,13/04/2017,1625,1625,1625,1
Haryana,Karnal,Tarori,Wheat,Other,FAQ,17/04/2017,1625,1625,1625,1
Haryana,Karnal,Tarori,Wheat,Other,FAQ,22/04/2017,1625,1625,1625,1
Haryana,Karnal,Tarori,Wheat,Other,FAQ,25/04/2017,1625,1625,1625,1
Haryana,Karnal,Tarori,Wheat,Other,FAQ,28/04/2017,1625,1625,1625,1
Haryana,Karnal,Tarori,Wheat,Other,FAQ,11/04/2018,1735,1735,1735,1
Haryana,Karnal,Tarori,Wheat,Other,FAQ,14/04/2018,1735,1735,1735,1
Haryana,Karnal,Tarori,Wheat,Other,FAQ,23/04/2018,1735,1735,1735,1
Haryana,Karnal,Tarori,Wheat,Other,FAQ,11/04/2008,1000,1000,1000,1
Haryana,Karnal,Tarori,Wheat,Other,FAQ,18/04/2008,1000,1005,1000,1
Haryana,Karnal,Tarori,Wheat,Other,FAQ,21/04/2008,1000,1005,1000,1
Haryana,Karnal,Tarori,Wheat,Other,FAQ,24/04/2008,1000,1005,1000,1
Haryana,Karnal,Tarori,Wheat,Other,FAQ,26/04/2008,1000,1005,1000,1
Haryana,Karnal,Tarori,Wheat,Other,FAQ,07/05/2008,1000,1005,1000,1
Haryana,Karnal,Tarori,Wheat,Other,FAQ,09/05/2008,1000,1005,1000,1
Haryana,Karnal,Tarori,Wheat,Other,FAQ,10/05/2008,1000,1005,1000,1
Haryana,Karnal,Tarori,Wheat,Other,FAQ,26/05/2008,1000,1005,1000,1
Haryana,Karnal,Tarori,Wheat,Other,FAQ,08/04/2016,1525,1525,1525,1
Haryana,Karnal,Tarori,Wheat,Other,FAQ,16/04/2016,1525,1525,1525,1
Haryana,Karnal,Tarori,Wheat,Other,FAQ,17/04/2016,1525,1525,1525,1
Haryana,Karnal,Tarori,Wheat,Other,FAQ,18/04/2016,1525,1525,1525,1
Haryana,Karnal,Tarori,Wheat,Other,FAQ,23/04/2016,1525,1525,1525,1
Haryana,Karnal,Tarori,Wheat,Other,FAQ,23/04/2019,1840,1840,1840,1
Haryana,Karnal,Tarori,Wheat,Other,FAQ,01/05/2019,1840,1840,1840,1
Haryana,Karnal,Tarori,Wheat,Other,FAQ,13/05/2019,1840,1840,1840,1
Haryana,Karnal,Tarori,Wheat,PBW-343,FAQ,17/04/2013,1355,1355,1355,1
Haryana,Karnal,Tarori,Wheat,WH-542,FAQ,10/04/2013,1350,1350,1350,1
Haryana,Karnal,Tarori,Wheat,WH-542,FAQ,20/04/2013,1350,1350,1350,1
Haryana,Karnal,Tarori,Wheat,WH-542,FAQ,30/04/2013,1350,1350,1350,1
Haryana,Karnal,Tarori,Wheat,WH-542,FAQ,17/05/2013,1350,1350,1350,1
Haryana,Karnal,Tarori,Wheat,Other,FAQ,11/04/2011,1120,1125,1125,1
Haryana,Karnal,Tarori,Wheat,Other,FAQ,13/04/2011,1120,1120,1120,1
Haryana,Karnal,Tarori,Wheat,Other,FAQ,23/04/2011,1120,1125,1125,1
Haryana,Karnal,Tarori,Wheat,Other,FAQ,01/05/2011,1120,1125,1125,1
Haryana,Karnal,Tarori,Wheat,Other,FAQ,07/05/2011,1120,1125,1125,1
Haryana,Karnal,Tarori,Wheat,Other,FAQ,24/08/2011,1125,1125,1125,1
Haryana,Karnal,Tarori,Wheat,PBW-343,FAQ,17/04/2014,1400,1400,1400,1
Haryana,Karnal,Tarori,Wheat,PBW-343,FAQ,22/04/2014,1400,1400,1400,1
Haryana,Karnal,Tarori,Wheat,PBW-343,FAQ,23/04/2014,1400,1400,1400,1
Haryana,Karnal,Tarori,Wheat,PBW-343,FAQ,26/04/2014,1400,1400,1400,1
Haryana,Karnal,Tarori,Wheat,PBW-343,FAQ,30/04/2014,1400,1400,1400,1
Haryana,Karnal,Tarori,Wheat,PBW-343,FAQ,04/05/2014,1400,1400,1400,1
Haryana,Karnal,Tarori,Wheat,Other,FAQ,09/04/2012,1285,1285,1285,1
Haryana,Karnal,Tarori,Wheat,Other,FAQ,23/04/2012,1285,1285,1285,1
Haryana,Karnal,Tarori,Wheat,Other,FAQ,25/04/2012,1285,1285,1285,1
Haryana,Karnal,Tarori,Wheat,Other,FAQ,30/04/2012,1285,1285,1285,1
Haryana,Karnal,Tarori,Wheat,Other,FAQ,12/05/2012,1285,1285,1285,1
Haryana,Karnal,Tarori,Wheat,Other,FAQ,05/04/2010,1100,1100,1100,1
Haryana,Karnal,Tarori,Wheat,Other,FAQ,13/04/2010,1100,1100,1100,1
Haryana,Karnal,Tarori,Wheat,Other,FAQ,15/04/2010,1100,1105,1100,1
Haryana,Karnal,Tarori,Wheat,Other,FAQ,05/04/2006,650,700,680,1
Haryana,Karnal,Tarori,Wheat,Other,FAQ,04/04/2007,850,860,850,1
Haryana,Karnal,Tarori,Wheat,Other,FAQ,11/04/2007,850,860,855,1
Haryana,Karnal,Tarori,Wheat,Other,FAQ,17/04/2007,850,855,850,1
Haryana,Karnal,Tarori,Wheat,Dara,FAQ,15/04/2002,620,620,620,1
Haryana,Karnal,Tarori,Wheat,Dara,FAQ,20/04/2002,620,620,620,1
Haryana,Karnal,Tarori,Wheat,Dara,FAQ,24/04/2002,620,620,620,1
Haryana,Karnal,Tarori,Wheat,Dara,FAQ,27/04/2002,620,620,620,1
Haryana,Karnal,Tarori,Wheat,Dara,FAQ,02/05/2002,620,620,620,1
Haryana,Karnal,Tarori,Wheat,Other,FAQ,03/04/2007,850,860,850,1
Haryana,Karnal,Tarori,Wheat,Other,FAQ,14/04/2007,850,855,850,1
Haryana,Karnal,Tarori,Wheat,Other,FAQ,15/04/2007,850,855,850,1
Haryana,Karnal,Tarori,Wheat,Other,FAQ,18/04/2007,850,855,850,1
Haryana,Karnal,Tarori,Wheat,Other,FAQ,20/04/2007,850,855,850,1
Haryana,Karnal,Tarori,Wheat,Other,FAQ,17/04/2011,1120,1125,1125,1
Haryana,Karnal,Tarori,Wheat,Other,FAQ,21/04/2011,1120,1125,1125,1
Haryana,Karnal,Tarori,Wheat,Other,FAQ,24/04/2011,1120,1125,1125,1
Haryana,Karnal,Tarori,Wheat,Other,FAQ,25/04/2011,1120,1125,1125,1
Haryana,Karnal,Tarori,Wheat,Other,FAQ,27/04/2011,1120,1125,1125,1
Haryana,Karnal,Tarori,Wheat,Other,FAQ,28/04/2011,1120,1125,1125,1
Haryana,Karnal,Tarori,Wheat,Other,FAQ,29/04/2011,1120,1125,1125,1
Haryana,Karnal,Tarori,Wheat,Other,FAQ,05/05/2011,1120,1125,1125,1
Haryana,Karnal,Tarori,Wheat,Other,FAQ,06/05/2011,1120,1125,1125,1
Haryana,Karnal,Tarori,Wheat,Other,FAQ,20/04/2015,1450,1450,1450,1
Haryana,Karnal,Tarori,Wheat,Other,FAQ,24/04/2015,1450,1450,1450,1
Haryana,Karnal,Tarori,Wheat,Other,FAQ,29/04/2015,1450,1450,1450,1
Haryana,Karnal,Tarori,Wheat,Other,FAQ,02/05/2015,1450,1450,1450,1
Haryana,Karnal,Tarori,Wheat,Other,FAQ,04/05/2015,1450,1450,1450,1
Haryana,Karnal,Tarori,Wheat,Other,FAQ,06/05/2015,1450,1450,1450,1
Haryana,Karnal,Tarori,Wheat,Other,FAQ,07/05/2015,1450,1450,1450,1
Haryana,Karnal,Tarori,Wheat,Other,FAQ,16/05/2015,1450,1450,1450,1
Haryana,Karnal,Tarori,Wheat,Other,FAQ,20/08/2015,1455,1455,1455,1
Haryana,Karnal,Tarori,Wheat,Other,FAQ,21/04/2004,630,631,630,1
Haryana,Karnal,Tarori,Wheat,Other,FAQ,27/04/2004,630,635,630,1
Haryana,Karnal,Tarori,Wheat,Other,FAQ,14/05/2003,620,631,630,1
Haryana,Karnal,Tarori,Wheat,Other,FAQ,31/05/2003,631,632,631,1
Haryana,Karnal,Tarori,Wheat,Other,FAQ,11/04/2012,1285,1285,1285,1
Haryana,Karnal,Tarori,Wheat,Other,FAQ,22/04/2012,1285,1285,1285,1
Haryana,Karnal,Tarori,Wheat,Other,FAQ,28/04/2012,1285,1285,1285,1
Haryana,Karnal,Tarori,Wheat,Other,FAQ,02/05/2012,1285,1285,1285,1
Haryana,Karnal,Tarori,Wheat,Other,FAQ,05/04/2016,1525,1525,1525,1
Haryana,Karnal,Tarori,Wheat,Other,FAQ,21/04/2016,1525,1525,1525,1
Haryana,Karnal,Tarori,Wheat,Other,FAQ,02/05/2016,1525,1525,1525,1
Haryana,Karnal,Tarori,Wheat,Other,FAQ,09/05/2016,1525,1525,1525,1
Haryana,Karnal,Tarori,Wheat,Other,FAQ,14/05/2016,1525,1525,1525,1
Haryana,Karnal,Tarori,Wheat,Other,FAQ,15/04/2009,1080,1080,1080,1
Haryana,Karnal,Tarori,Wheat,Other,FAQ,25/04/2009,1080,1080,1080,1
Haryana,Karnal,Tarori,Wheat,Other,FAQ,01/05/2009,1080,1080,1080,1
Haryana,Karnal,Tarori,Wheat,Other,FAQ,11/05/2009,1080,1080,1080,1
Haryana,Karnal,Tarori,Wheat,Dara,FAQ,01/05/2002,620,620,620,1
Haryana,Karnal,Tarori,Wheat,Dara,FAQ,09/05/2002,620,620,620,1
Haryana,Karnal,Tarori,Wheat,Other,FAQ,10/04/2010,1100,1100,1100,1
Haryana,Karnal,Tarori,Wheat,Other,FAQ,19/04/2010,1100,1150,1100,1
Haryana,Karnal,Tarori,Wheat,Other,FAQ,20/04/2010,1100,1100,1100,1
Haryana,Karnal,Tarori,Wheat,Other,FAQ,22/04/2010,1100,1100,1100,1
Haryana,Karnal,Tarori,Wheat,Other,FAQ,27/04/2010,1100,1100,1100,1
Haryana,Karnal,Tarori,Wheat,PBW-343,FAQ,14/04/2014,1400,1400,1400,1
Haryana,Karnal,Tarori,Wheat,PBW-343,FAQ,16/04/2014,1400,1400,1400,1
Haryana,Karnal,Tarori,Wheat,PBW-343,FAQ,20/04/2014,1400,1400,1400,1
Haryana,Karnal,Tarori,Wheat,PBW-343,FAQ,11/05/2014,1400,1400,1400,1
Haryana,Karnal,Tarori,Wheat,Other,FAQ,20/04/2018,1735,1735,1735,1
Haryana,Karnal,Tarori,Wheat,Other,FAQ,16/04/2017,1625,1625,1625,1
Haryana,Karnal,Tarori,Wheat,Other,FAQ,18/04/2017,1625,1625,1625,1
Haryana,Karnal,Tarori,Wheat,Other,FAQ,19/04/2017,1625,1625,1625,1
Haryana,Karnal,Tarori,Wheat,Other,FAQ,20/04/2017,1625,1625,1625,1
Haryana,Karnal,Tarori,Wheat,Other,FAQ,11/04/2013,1350,1350,1350,1
Haryana,Karnal,Tarori,Wheat,Other,FAQ,17/04/2013,1350,1350,1350,1
Haryana,Karnal,Tarori,Wheat,Other,FAQ,19/04/2013,1355,1355,1355,1
Haryana,Karnal,Tarori,Wheat,Red,FAQ,07/01/2013,1900,2100,2000,1
Haryana,Karnal,Tarori,Wheat,WH-542,FAQ,19/04/2013,1350,1350,1350,1
Haryana,Karnal,Tarori,Wheat,WH-542,FAQ,06/05/2013,1350,1350,1350,1
Haryana,Karnal,Tarori,Wheat,Other,FAQ,09/04/2006,650,700,680,1
Haryana,Karnal,Tarori,Wheat,Other,FAQ,09/04/2008,1000,1000,1000,1
Haryana,Karnal,Tarori,Wheat,Other,FAQ,10/04/2008,1000,1000,1000,1
Haryana,Karnal,Tarori,Wheat,Other,FAQ,12/04/2008,1000,1000,1000,1
Haryana,Karnal,Tarori,Wheat,Other,FAQ,19/04/2008,1000,1005,1000,1
Haryana,Karnal,Tarori,Wheat,Other,FAQ,22/04/2008,1000,1005,1000,1
Haryana,Karnal,Tarori,Wheat,Other,FAQ,28/04/2008,1000,1005,1000,1
Haryana,Karnal,Tarori,Wheat,Other,FAQ,03/05/2008,1000,1005,1000,1
Haryana,Karnal,Tarori,Wheat,Other,FAQ,05/05/2008,1000,1005,1000,1
Haryana,Karnal,Tarori,Wheat,Other,FAQ,06/05/2008,1000,1005,1000,1
Haryana,Karnal,Tarori,Wheat,Other,FAQ,14/05/2008,1000,1005,1000,1
Haryana,Karnal,Tarori,Wheat,Other,FAQ,17/05/2008,1000,1005,1000,1
Haryana,Karnal,Tarori,Wheat,Other,FAQ,22/05/2008,1000,1005,1000,1
Haryana,Karnal,Tarori,Wheat,Other,FAQ,28/05/2008,1000,1005,1000,1
Haryana,Karnal,Tarori,Wheat,Other,FAQ,04/02/2005,921,1371,1100,1
Haryana,Karnal,Tarori,Wheat,Other,FAQ,04/04/2005,640,640,640,1
Haryana,Karnal,Tarori,Wheat,Other,FAQ,05/04/2005,640,640,640,1
Haryana,Karnal,Tarori,Wheat,Other,FAQ,14/04/2005,640,640,640,1
Haryana,Karnal,Tarori,Wheat,Other,FAQ,04/05/2005,640,640,640,1
Haryana,Karnal,Tarori,Wheat,Other,FAQ,09/04/2025,2425,2425,2425,1
Haryana,Karnal,Tarori APMC,Wheat,Other,Grade Range-1,06/04/2026,2585,2585,2585,1
Haryana,Karnal,Tarori APMC,Wheat,Other,Grade Range-1,07/04/2026,2585,2585,2585,1
Haryana,Karnal,Tarori APMC,Wheat,Other,Grade Range-1,10/04/2026,2585,2585,2585,1
Haryana,Karnal,Tarori APMC,Wheat,Other,Grade Range-1,08/04/2026,2585,2585,2585,1
Haryana,Karnal,Tarori APMC,Wheat,Other,Grade Range-1,12/04/2026,2585,2585,2585,1
Haryana,Karnal,Tarori APMC,Wheat,Other,Grade Range-1,09/04/2026,2585,2585,2585,1